key	us
     -> Change the instrument configuration before reloading this setup without saving the project.	     -> Change the instrument configuration before reloading this setup without saving the project.
     -> Change the instrument configuration before reloading this setup.	     -> Change the instrument configuration before reloading this setup.
     -> Non-matching mixer channels will be removed!	     -> Non-matching mixer channels will be removed!
     -> The instrument channel will be silent.	     -> The instrument channel will be silent.
     -> The instrument currently has %s	     -> The instrument currently has %s
 (No Audio)	 (No Audio)
 (Unlink)	 (Unlink)
 (controls %s)	 (controls %s)
 (used by %s)	 (used by %s)
 Show Horizontal Line	 Show Horizontal Line
 children	 children
% Full	% Full
%1.0fms; Segments Edited: %d	%1.0fms; Segments Edited: %d
%d Channels	%d Channels
%d Return(s)	%d Return(s)
%d Sources	%d Sources
%d Targets	%d Targets
%d Tracks Added	%d Tracks Added
%d Tracks Removed	%d Tracks Removed
%d User(s)	%d User(s)
%d audio clip has been selected.	%d audio clip has been selected.
%d audio clips have been selected.	%d audio clips have been selected.
%d channels	%d channels
%d conflicting audio event will be bounced.	%d conflicting audio event will be bounced.
%d conflicting audio events will be bounced.	%d conflicting audio events will be bounced.
%d file name conflict(s) found!	%d file name conflict(s) found!
%d file(s) found	%d file(s) found
%d files trashed	%d files trashed
%d fps (User)	%d fps (User)
%d h  %02d m	%d h  %02d m
%d hours %02d mins	%d hours %02d mins
%d marker tracks were added before aborting.	%d marker tracks were added before aborting.
%d new VST effect(s) and\n%d new VST instrument(s) and\n%d new VST modulators(s) found.	%d new VST effect(s) and\n%d new VST instrument(s) and\n%d new VST modulators(s) found.
%d new VST effect(s) and\n%d new VST instrument(s) found.	%d new VST effect(s) and\n%d new VST instrument(s) found.
%d-let	%d-let
%dh %02dmin	%dh %02dmin
%i Tracks Affected	%i Tracks Affected
%ld chord progressions found.	%ld chord progressions found.
%s  %.0fBpm  %d\%d  %dbar	%s  %.0fBpm  %d\%d  %dbar
%s %d  %s %d (Frames)	%s %d  %s %d (Frames)
%s (Selected Channels)	%s (Selected Channels)
%s Control	%s Control
%s End	%s End
%s Function	%s Function
%s Open Document Options	%s Open Document Options
%s Project - %s	%s Project - %s
%s Project by %s - %s	%s Project by %s - %s
%s Properties	%s Properties
%s Settings	%s Settings
%s Setup	%s Setup
%s Start	%s Start
%s [Cycle Range #%d]	%s [Cycle Range #%d]
%s already exists!	%s already exists!
%s from %d to %d	%s from %d to %d
%s has detected that new audio drivers are available on your computer. Please select the audio driver for the audio hardware that you want to use with %s.	%s has detected that new audio drivers are available on your computer. Please select the audio driver for the audio hardware that you want to use with %s.
%s inserted	%s inserted
%s is assigned to %d track(s).\nDo you want to remove %s?	%s is assigned to %d track(s).\nDo you want to remove %s?
%s: Ins. %d	%s: Ins. %d
%s: Mod. %d	%s: Mod. %d
%s: Send %d	%s: Send %d
%s: Strip %d	%s: Strip %d
<< Remove	<< Remove
" already in Pool.\nDo you want to create a new version or use the existing?	" already in Pool.\nDo you want to create a new version or use the existing?
" already in the Pool.\nDo you want to create a new version?	" already in the Pool.\nDo you want to create a new version?
"%s" is already used as key command by "%s->%s".\nDo you want to reassign this existing key command?	"%s" is already used as key command by "%s->%s".\nDo you want to reassign this existing key command?
"%s" not possible for frozen tracks	"%s" not possible for frozen tracks
"%s" not possible for tracks that are recording	"%s" not possible for tracks that are recording
"%s" not possible for write protected tracks	"%s" not possible for write protected tracks
"%s" will be removed from the link group with VCA Channel.\nDo you want to keep the combined automation?	"%s" will be removed from the link group with VCA Channel.\nDo you want to keep the combined automation?
"%s" will be removed from the link group.\nDo you want to keep the combined automation?	"%s" will be removed from the link group.\nDo you want to keep the combined automation?
"Assign to First Unassigned Pad": No Unassigned Pads	"Assign to First Unassigned Pad": No Unassigned Pads
"Create Lanes from Versions" not possible for frozen tracks	"Create Lanes from Versions" not possible for frozen tracks
"Create Lanes from Versions" not possible for tracks that are recording	"Create Lanes from Versions" not possible for tracks that are recording
"Create Lanes from Versions" not possible for write protected tracks	"Create Lanes from Versions" not possible for write protected tracks
"Create Versions from Lanes" not possible for frozen tracks	"Create Versions from Lanes" not possible for frozen tracks
"Create Versions from Lanes" not possible for tracks that are recording	"Create Versions from Lanes" not possible for tracks that are recording
"Create Versions from Lanes" not possible for write protected tracks	"Create Versions from Lanes" not possible for write protected tracks
"Link Project and Lower Zone Editor Cursors" not possible when using "Independent Track Loop"	"Link Project and Lower Zone Editor Cursors" not possible when using "Independent Track Loop"
"Link Project and Lower Zone Editor Cursors" was turned off due to "Independent Track Loop"	"Link Project and Lower Zone Editor Cursors" was turned off due to "Independent Track Loop"
"Pitch Visibility: Select Next Option" not possible because no compatible instrument is connected	"Pitch Visibility: Select Next Option" not possible because no compatible instrument is connected
"Pitch Visibility: Select Next Option" not possible because there are no note events in the editor	"Pitch Visibility: Select Next Option" not possible because there are no note events in the editor
'%s' is not supported for clips in musical mode!	'%s' is not supported for clips in musical mode!
'Acoustic Feedback' When Inputting Notes With the Draw Tool	'Acoustic Feedback' When Inputting Notes With the Draw Tool
'Edit Solo'/'Record in MIDI Editors' follow Focus	'Edit Solo'/'Record in MIDI Editors' Follow Focus
'Play with Project' is not available, because events exist on the track	'Play with Project' is not available, because events exist on the track
'Show All - Used Only' Disabled	'Show All - Used Only' Disabled
'Show All - Used Only' Enabled	'Show All - Used Only' Enabled
'X' Chords Mute Notes on Tracks That are in Follow Chord Track Mode	'X' Chords Mute Notes on Tracks that are in Follow Chord Track Mode
(%.3f kHz to %.3f kHz)	(%.3f kHz to %.3f kHz)
(%.3f kHz)	(%.3f kHz)
(%d hour %d minutes ago)	(%d hour %d minutes ago)
(%d minute ago)	(%d minute ago)
(%d seconds ago)	(%d seconds ago)
(%s to %s)	(%s to %s)
(Click to Open/Close Editor)	(Click to Open/Close Editor)
(First event cannot be moved)	(First event cannot be moved)
(Flattened)	(Flattened)
(Multiple Devices)	(Multiple Devices)
(No MixConsoles to link)	(No MixConsoles to link)
(None)	(None)
(externally clocked)	(externally clocked)
(none)	(none)
(on tempo event)	(on tempo event)
+ Add Model	+ Add Model
+ Add Vendor	+ Add Vendor
+ Groups/Sends (CSP)	+ Groups/Sends (CSP)
+ Master/Groups/Sends (CSPM)	+ Master/Groups/Sends (CSPM)
+12dB Digital	+12dB Digital
+18 Scale	+18 Scale
+3dB Digital (Channel Meter)	+3dB Digital (Channel Meter)
+6dB Digital	+6dB Digital
+9 Scale	+9 Scale
- %i audio file(s) with invalid length inside the AAF file	- %i audio file(s) with invalid length inside the AAF file
- %i audio files are missing	- %i audio files are missing
- %i audio files are multi-channel files	- %i audio files are multi-channel files
- %i audio files are not valid	- %i audio files are not valid
- %i audio files have an unsupported bit rate	- %i audio files have an unsupported bit rate
- %i audio files have an unsupported file type	- %i audio files have an unsupported file type
- %i event(s) with zero length inside the AAF file	- %i event(s) with zero length inside the AAF file
- %i multichannel track(s) split to mono	- %i multichannel track(s) split to mono
- %i unresolved media reference(s) inside the AAF file	- %i unresolved media reference(s) inside the AAF file
- A wrong project bit rate will affect copied and consolidated audio files	- A wrong project bit rate will affect copied and consolidated audio files
- Automation keyframes outside of project borders have been discarded	- Automation keyframes outside of project borders have been discarded
- Check the Pool and convert all files to 16 or 24 bits	- Check the Pool and convert all files to 16 or 24 bits
- Check the Pool and convert all files to WAV, AIFF or MXF	- Check the Pool and convert all files to WAV, AIFF or MXF
- Check the Pool and search for missing audio files	- Check the Pool and search for missing audio files
- Maximum project duration for sample-precise object positions exceeded	- Maximum project duration for sample-precise object positions exceeded
- Negative project start offset has been reset to zero	- Negative project start offset has been reset to zero
- No tracks are selected for export	- No tracks are selected for export
- One audio file has an unsupported bit rate	- One audio file has an unsupported bit rate
- One audio file has an unsupported file type	- One audio file has an unsupported file type
- One audio file is a multi-channel file	- One audio file is a multi-channel file
- One audio file is missing	- One audio file is missing
- One audio file is not valid	- One audio file is not valid
- Reset complex transitions to linear transitions	- Reset complex transitions to linear transitions
- The 'Consolidate Events' option automatically converts to supported file types	- The 'Consolidate Events' option automatically converts to supported file types
- The 'Export All to One File' option automatically converts wrong settings and file types and splits multi-channel files	- The 'Export All to One File' option automatically converts wrong settings and file types and splits multi-channel files
- The AAF file contains clips with different frame rates. Some clips must be aligned after import.	- The AAF file contains clips with different frame rates. Some clips must be aligned after import.
- The frame rate used in the AAF file differs from the project frame rate	- The frame rate used in the AAF file differs from the project frame rate
- The project has an unsupported bit rate	- The project has an unsupported bit rate
- The sample rate used in the AAF file differs from the project sample rate	- The sample rate used in the AAF file differs from the project sample rate
- Unknown host error	- Unknown host error
- Use a project bit rate of 16 or 24 bits	- Use a project bit rate of 16 or 24 bits
- Use the 'Project>Convert Tracks>Multi-Channel to Mono' option to convert all multi-channel tracks to multiple mono tracks	- Use the 'Project>Convert Tracks>Multi-Channel to Mono' option to convert all multi-channel tracks to multiple mono tracks
-oo dB	-oo dB
... with Systemic Barline if at Start of System	... with Systemic Barline if at Start of System
1 Bar	1 Bar
1 Beat	1 Beat
1 beat	1 beat
1 foot	1 foot
1 frame	1 frame
1 sample	1 sample
1 second	1 second
1/128 Note	1/128 Note
1/16 Note	1/16 Note
1/16 Note (Semiquaver)	1/16 Note (Semiquaver)
1/16 Notes (Semiquavers) in 1/8 Note (Quaver) Denominator Time Signatures	1/16 Notes (Semiquavers) in 1/8 Note (Quaver) Denominator Time Signatures
1/2 Note	1/2 Note
1/2 Note (Minim)	1/2 Note (Minim)
1/2 beat	1/2 beat
1/2 frame	1/2 frame
1/256 Note	1/256 Note
1/32 Note	1/32 Note
1/32 Note (Demisemiquaver)	1/32 Note (Demisemiquaver)
1/32 Notes (Demisemiquavers) in 1/16 Note (Semiquaver) Denominator Time Signatures	1/32 Notes (Demisemiquavers) in 1/16 Note (Semiquaver) Denominator Time Signatures
1/4 Bar	1/4 Bar
1/4 Note	1/4 Note
1/4 Note (Crotchet)	1/4 Note (Crotchet)
1/4 frame	1/4 frame
1/512 Note	1/512 Note
1/64 Note	1/64 Note
1/64 Note (Hemidemisemiquaver)	1/64 Note (Hemidemisemiquaver)
1/8 Note	1/8 Note
1/8 Note (Quaver)	1/8 Note (Quaver)
1/8 Note (Quaver) Beams When Adjacent Tuplet Starts or Ends With an 1/8 Note	1/8 Note (Quaver) Beams When Adjacent Tuplet Starts or Ends With an 1/8 Note
1/8 Notes (Quavers) in 1/4 Note (Crotchet) Denominator Time Signatures	1/8 Notes (Quavers) in 1/4 Note (Crotchet) Denominator Time Signatures
1/8 Notes (Quavers) in Simple Time Signatures With a Half-Bar	1/8 Notes (Quavers) in Simple Time Signatures With a Half-Bar
1/8 Triplet	1/8 Triplet
10 samples	10 samples
100 Events	100 Events
100 samples	100 samples
1000 Events	1000 Events
10000 Events	10000 Events
14 Bit	14 Bit
14 Bit NRPN	14 Bit NRPN
16th	16th
1st	1st
1st Inversion	1st Inversion
2 Bar	2 Bar
2 Bars	2 Bars
2 beats	2 beats
2 frames	2 frames
2-Layer	2-Layer
2-Layer Mode (Middle, Top): use for Dolby Atmos\n3-Layer Mode (Bottom, Middle, Top): use for MPEG-H, 22.2	2-Layer Mode (Middle, Top): use for Dolby Atmos\n3-Layer Mode (Bottom, Middle, Top): use for MPEG-H, 22.2
2-Layer to 3-Layer	2-Layer to 3-Layer
23.98 fps	23.98 fps
24 fps	24 fps
24.98 fps	24.98 fps
25 fps	25 fps
29.97 dfps	29.97 dfps
29.97 fps	29.97 fps
2nd	2nd
2nd Inversion	2nd Inversion
3 beats	3 beats
3-Layer	3-Layer
3-Layer to 2-Layer	3-Layer to 2-Layer
3-Note Chords/Triads	3-Note Chords/Triads
3-String Triads	3-String Triads
30 dfps	30 dfps
30 fps	30 fps
32th	32th
3D Pan Mode	3D Pan Mode
3rd	3rd
3rd Inversion	3rd Inversion
4 Bars	4 Bars
4-Letter Label	4-Letter Label
4-Note Chords	4-Note Chords
4-note chords	4-note chords
4-note chords (Open Jazz)	4-note chords (Open Jazz)
4th	4th
5-line Staff	5-line Staff
5-note chords	5-note chords
50 fps	50 fps
59.94 fps	59.94 fps
5th	5th
60 fps	60 fps
64th	64th
8-Letter Label	8-Letter Label
8th	8th
9 Pin Control 1	9 Pin Control 1
9 Pin Control 2	9 Pin Control 2
9 Pin Serial Port	9 Pin Serial Port
9 Pin Sync 1	9 Pin Sync 1
9 Pin Sync 2	9 Pin Sync 2
9-Pin Device 1 Settings	9-Pin Device 1 Settings
9-Pin Device 2 Settings	9-Pin Device 2 Settings
9-Pin Device ID	9-Pin Device ID
A Brickwall limiter will be used to comply to this Max. True Peak Level	A Brickwall limiter will be used to comply to this Max. True Peak Level
A CPU overload occurred during freezing!	A CPU overload occurred during freezing!
A CPU overload occurred during the export!	A CPU overload occurred during the export!
A Separate Window of the Extension is Open	A Separate Window of the Extension is Open
A backup project newer than this project exists!\nDo you want to open this backup project?	A backup project newer than this project exists!\nDo you want to open this backup project?
A controller script with the same name already exists. Use the MIDI Remote Manager to enable or delete it.	A controller script with the same name already exists. Use the MIDI Remote Manager to enable or delete it.
A disk overload occurred during freezing!	A disk overload occurred during freezing!
A disk overload occurred during the export!	A disk overload occurred during the export!
A feedback connection has been reset for channel "%s".	A feedback connection has been reset for channel "%s".
A file cannot be replaced if it has multiple edit versions!\nInstead, new files can be created and replaced in the Pool!	A file cannot be replaced if it has multiple edit versions!\nInstead, new files can be created and replaced in the Pool!
A file name cannot contain any of the following characters	A file name cannot contain any of the following characters
A file named\n%s\nalready exists in the Pool.\nIt is not possible to replace it.\nPlease use another name or another location.	A file named\n%s\nalready exists in the Pool.\nIt is not possible to replace it.\nPlease use another name or another location.
A label field is linked to one or more controls on the surface and will automatically generate its text once the controls are mapped.	A label field is linked to one or more controls on the surface and will automatically generate its text once the controls are mapped.
A macro cannot contain another macro including itself!	A macro cannot contain another macro including itself!
A minimum event length of 7 seconds is required for the analysis.	A minimum event length of 7 seconds is required for the analysis.
A network drive cannot be added as favorite.	A network drive cannot be added as favorite.
A new frame rate has been detected. Do you want to switch to %s?	A new frame rate has been detected. Do you want to switch to %s?
A new modulation connection has been created.	A new modulation connection has been created.
A profile name cannot contain any of the following characters: \ / : * ? " < > |	A profile name cannot contain any of the following characters: \ / : * ? " < > |
A reading/writing error occurred. This disk is not working normaly.	A reading/writing error occurred. This disk is not working normaly.
A region equal to the current selection already exists!	A region equal to the current selection already exists!
A setup information file is available for this script. Do you want to open this file?	A setup information file is available for this script. Do you want to open this file?
A video with this file name is already in use. Please choose another name.	A video with this file name is already in use. Please choose another name.
AAF File Info	AAF File Info
ADM File - %.1f KB	ADM File - %.1f KB
ADM File - %.1f MB	ADM File - %.1f MB
ADR	ADR
ADR Required	ADR Required
AES1/AES2 Clock Multiplier	AES1/AES2 Clock Multiplier
AES17 (+3dB)	AES17 (+3dB)
AIFC File	AIFC File
AIFF File	AIFF File
ASCII	ASCII
ASIO Audio Device	ASIO Audio Device
ASIO Audio Settings	ASIO Audio Settings
ASIO Buffer	ASIO Buffer
ASIO Driver	ASIO Driver
ASIO Input	ASIO Input
ASIO Latency Compensation	ASIO Latency Compensation
ASIO Latency Compensation Active by Default	ASIO Latency Compensation Active by Default
ASIO Output	ASIO Output
ASIO Sample Rate:	ASIO Sample Rate:
ASIO State:	ASIO State:
ASIO not processing	ASIO not processing
ASIO running	ASIO running
ASIO-Guard	ASIO-Guard
ASIO-Guard Latency	ASIO-Guard Latency
ASIO-Guard Level	ASIO-Guard Level
ASIO-Guard has been disabled, because the ASIO Buffer Size is too large for the selected ASIO-Guard Level.\n\nIn Studio > Studio Setup > VST Audio System, you may want to select a smaller ASIO Buffer Size or a higher ASIO-Guard Level.	ASIO-Guard has been disabled, because the ASIO Buffer Size is too large for the selected ASIO-Guard Level.\n\nIn Studio > Studio Setup > VST Audio System, you may want to select a smaller ASIO Buffer Size or a higher ASIO-Guard Level.
ASIO-Guard:	ASIO-Guard:
ATch	ATch
AVI Video File	AVI Video File
Ab	Ab
Abbreviated	Abbreviated
Abort	Abort
About %s	About %s...
Above	Above
Above Specific Instruments' Staves	Above Specific Instruments' Staves
Above System	Above System
Above Top Staff of System	Above Top Staff of System
Above or Below Start of System	Above or Below Start of System
Abs	Abs
Absolute	Absolute
Absolute Mode - Force all parameters to the same value	Absolute Mode - Force all parameters to the same value
Absolute Position	Absolute Position
Accent	Accent
Accent Color	Accent Color
Accept	Accept
Access denied	Access denied
Accidental	Accidental
Accidental Duration Rule	Accidental Duration Rule
Accidentals	Accidentals
Accidentals apply only to one note, and are shown on all modified notes; naturals are not shown, and notes modified by the key signature do not show accidentals.	Accidentals apply only to one note, and are shown on all modified notes; naturals are not shown, and notes modified by the key signature do not show accidentals.
Accidentals apply only to one note, and are shown on all notes, including unmodified notes (naturals) and notes modified by the key signature.	Accidentals apply only to one note, and are shown on all notes, including unmodified notes (naturals) and notes modified by the key signature.
Accidentals apply to all notes at the same staff position (i.e. in one octave only), until the end of the bar or a change of key, whichever is sooner, and apply to all voices belonging to the same track.	Accidentals apply to all notes at the same staff position (i.e. in one octave only), until the end of the bar or a change of key, whichever is sooner, and apply to all voices belonging to the same track.
Accumulated recording time	Accumulated recording time
Acoustic Feedback	Acoustic Feedback
Acoustic Feedback On/Off	Acoustic Feedback On/Off
Action	Action
Action Mapping	Action Mapping
Action Target	Action Target
Actions	Actions
Activate	Activate
Activate %s	Activate %s
Activate %s Extension for Track	Activate %s Extension for Track
Activate "%s"	Activate "%s"
Activate "Monitor" of MIDI or Instrument Tracks to use Chord Pads	Activate "Monitor" of MIDI or Instrument Tracks to use Chord Pads
Activate "Record Enable" or "Monitor" of MIDI or Instrument Tracks to use Chord Pads	Activate "Record Enable" or "Monitor" of MIDI or Instrument Tracks to use Chord Pads
Activate 'Link Panners' for New Tracks	Activate 'Link Panners' for New Tracks
Activate ASIO-Guard	Activate ASIO-Guard
Activate All Outputs	Activate All Outputs
Activate Arranger Mode	Activate Arranger Mode
Activate Automation Passes	Activate Automation Passes
Activate Channel Comparison	Activate Channel Comparison
Activate Clip for Editing	Activate Clip for Editing
Activate Control Room View	Activate Control Room View
Activate Count-in	Activate Count-in
Activate Cue Send	Activate Cue Send
Activate Cue Sends	Activate Cue Sends
Activate Cycle	Activate Cycle
Activate EQ	Activate EQ
Activate EQ Band %d	Activate EQ Band %d
Activate Effect	Activate Effect
Activate Extend Process Range	Activate Extend Process Range
Activate External Sync	Activate External Sync
Activate Filter	Activate Filter
Activate Folder Group Track	Activate Folder Group Track
Activate Hermode tuning in the Project Setup dialog	Activate Hermode tuning in the Project Setup dialog
Activate High-Cut	Activate High-Cut
Activate Insert	Activate Insert
Activate Instrument	Activate Instrument
Activate Low-Cut	Activate Low-Cut
Activate MIDI Controller Surface	Activate MIDI Controller Surface
Activate MIDI Input	Activate MIDI Input
Activate Mapping Page	Activate Mapping Page
Activate Marker Track	Activate Marker Track
Activate Metronome	Activate Metronome
Activate Metronome Click	Activate Metronome Click
Activate Multi Processing	Activate Multi Processing
Activate Next Marker Track	Activate Next Marker Track
Activate Next Part	Activate Next Part
Activate Output	Activate Output
Activate Outputs	Activate Outputs
Activate Part for Editing	Activate Part for Editing
Activate Plug-in	Activate Plug-in
Activate Post-roll	Activate Post-roll
Activate Pre-roll	Activate Pre-roll
Activate Previous Marker Track	Activate Previous Marker Track
Activate Previous Part	Activate Previous Part
Activate Profile	Activate Profile
Activate Project	Activate Project
Activate Punch In	Activate Punch In
Activate Punch Out	Activate Punch Out
Activate Quick Controls	Activate Quick Controls
Activate Selected	Activate Selected
Activate Send	Activate Send
Activate Sound Slot	Activate Sound Slot
Activate Steinberg Audio Power Scheme	Activate Steinberg Audio Power Scheme
Activate Subpage	Activate Subpage
Activate Tail	Activate Tail
Activate Talkback	Activate Talkback
Activate Tempo Track	Activate Tempo Track
Activate Tempo Track (use [CTRL + click] to open project tempo track editor)	Activate Tempo Track (use [CTRL]-click to open project tempo track editor)
Activate Track	Activate Track
Activate Voice	Activate Voice
Activate Workspace:	Activate Workspace:
Activate remote control for Voicings, Tensions and Transpose	Activate remote control for Voicings, Tensions and Transpose
Activate selected profile	Activate selected profile
Activate this option to hide deactivated parameters	Activate this option to hide deactivated parameters
Activate this to send a 'Still' command instead of a 'Stop' command to RS422 Out	Activate this to send a 'Still' command instead of a 'Stop' command to RS422 Out
Activate this to send record commands to RS422 Out	Activate this to send record commands to RS422 Out
Activate this to send record commands to SyncStation MIDI Out	Activate this to send record commands to SyncStation MIDI Out
Activate this to send record commands to the host	Activate this to send record commands to the host
Activate to use After Fader Listen Mode	Activate to use After Fader Listen Mode
Activate track	Activate track
Activate/Deactivate	Activate/Deactivate Focused Object
Activate/Deactivate Assignment Inspection View	Activate/Deactivate Assignment Inspection View
Activate/Deactivate Learn Mode	Activate/Deactivate Learn Mode
Activate/Deactivate Pin Process	Activate/Deactivate Pin Process
Activate/Deactivate Read for All Tracks	Activate/Deactivate Read for All Tracks
Activate/Deactivate Side-Chain Source	Activate/Deactivate Side-Chain Source
Activate/Deactivate Side-Chaining	Activate/Deactivate Side-Chaining
Activate/Deactivate Side-Chaining (Press [Alt] to open Set up Side-Chain Routing)	Activate/Deactivate Side-Chaining (Press [ALT] to open Set up Side-Chain Routing)
Activate/Deactivate VCA Connection	Activate/Deactivate VCA Connection
Activate/Deactivate Write for All Tracks	Activate/Deactivate Write for All Tracks
Activate/Deactivate Write for All Tracks: Is Writing	Activate/Deactivate Write for All Tracks: Is Writing
Activate/Deactivate Write on Play	Activate/Deactivate Write on Play
Activated Marker Track: %s	Activated Marker Track: %s
Activated: %s	Activated: %s
Activated: Cycle follows when locating to Markers	Activated: Cycle follows when locating to Markers
Activates Arranger Mode	Activates Arranger Mode
Activates MIDI Machine Control using these ports	Activates MIDI Machine Control using these ports
Activating/Deactivating of the Arranger Mode is not possible during recording	Activating/Deactivating of the Arranger Mode is not possible during recording
Active	Active
Active Clip	Active Clip
Active Cycle	Active Cycle
Active Expression Map	Active Expression Map
Active Marker Track	Active Marker Track
Active Part	Active Part
Active Project	Active Project
Active Track	Active Track
Active Track Only	Active Track Only
Active Track:	Active Track:
Active record location is not available.\nRecord location is set to project folder.	Active record location is not available.\nRecord location is set to project folder.
Active track for editing	Active track for editing
Active[network]	Active
Actor's Name	Actor's Name
Actual Size	Actual Size
Adapt to Pattern	Adapt to Pattern
Adapt to Zoom	Adapt to Zoom
Adaptive Voicing	Adaptive Voicing
Adaptive Voicing Reference	Adaptive Voicing Reference
Adaptive Voicings	Adaptive Voicings
Add	Add
Add %s Track	Add %s Track
Add %s Track 	Add %s Track 
Add >>	Add >>
Add "%s" as Monitor Source %d	Add "%s" as Monitor Source %d
Add "%s" to Quick Controls	Add "%s" to Quick Controls
Add "%s" to Quick Controls Slot	Add "%s" to Quick Controls Slot
Add (Add-on)	Add (Add-on)
Add Above	Add Above
Add All Mono Child Busses to "%s"	Add All Mono Child Busses to "%s"
Add All Plug-ins	Add All Plug-ins
Add Articulation	Add Articulation
Add Audio Tracks	Add Audio Tracks
Add Audio Tracks...	Add Audio Tracks...
Add Automation Parameter	Add Automation Parameter
Add Basic Player	Add Basic Player
Add Below	Add Below
Add Bus	Add Bus
Add Chain Step	Add Chain Step
Add Channel	Add Channel
Add Channel to Link Group "%s"	Add Channel to Link Group "%s"
Add Child Bus to "%s"	Add Child Bus to "%s"
Add Chord	Add Chord
Add Collection	Add Collection
Add Command	Add Command
Add Command to Macro	Add Command to Macro
Add Configuration	Add Configuration
Add Connection	Add Connection
Add Cue (%d avail.)	Add Cue (%d avail.)
Add Custom Articulation	Add Custom Articulation
Add Cycle Marker	Add Cycle Marker
Add Cycle Marker on Active Track	Add Cycle Marker on Active Track
Add Cycle Marker on Selected Track	Add Cycle Marker on Selected Track
Add Device	Add Device
Add Device (from a popup list of available devices)	Add Device (from a pop-up list of available devices)
Add Direction	Add Direction
Add Displayed Key Signature	Add Displayed Key Signature
Add Displayed Tempo	Add Displayed Tempo
Add Displayed Time Signature	Add Displayed Time Signature
Add Down	Add Down
Add Drum Track	Add Drum Track
Add Effect	Add Effect
Add Effect Track	Add Effect Track
Add Effect Track to Selected Tracks...	Add Effect Track to Selected Tracks...
Add Effect Track to Send %d...	Add Effect Track to Send %d...
Add Event	Add Event
Add Events and Parts	Add Events and Parts
Add Events to Chord Track	Add Events to Chord Track
Add Every 2nd Step	Add Every 2nd Step
Add Every 3rd Step	Add Every 3rd Step
Add Every 4th Step	Add Every 4th Step
Add Expression Map	Add Expression Map
Add External Effect	Add External Effect
Add External Input (%d avail.)	Add External Input (%d avail.)
Add External Instrument	Add External Instrument
Add Family	Add Family
Add Favorite	Add Favorite
Add Favorite...	Add Favorite...
Add Folder	Add Folder
Add Group	Add Group
Add Group Track	Add Group Track
Add Group Track to Selected Tracks...	Add Group Track to Selected Tracks...
Add Guitar Player	Add Guitar Player
Add Headphone	Add Headphone
Add Individual Setting	Add Individual Setting
Add Input Bus	Add Input Bus
Add Internet Connection	Add Internet Connection
Add Job to Queue	Add Job to Queue
Add Key Set	Add Key Set
Add Key Signature	Add Key Signature
Add Latency to MIDI-Thru Processing	Add Latency to MIDI-Thru Processing
Add Layout	Add Layout
Add Left	Add Left
Add Length	Add Length
Add MIDI Controller	Add MIDI Controller
Add MIDI Controller Surface	Add MIDI Controller Surface
Add MIDI Device	Add MIDI Device
Add Main Overlay	Add Main Overlay
Add Map	Add Map
Add Mapping Page	Add Mapping Page
Add Marker	Add Marker
Add Marker Attribute	Add Marker Attribute
Add MediaBay Aspect	Add MediaBay Aspect
Add Modulator	Add Modulator
Add Monitor (%d avail.)	Add Monitor (%d avail.)
Add Monitor Source (%d avail.)	Add Monitor Source (%d avail.)
Add Multiple Presets	Add Multiple Presets
Add Mutual Exclusion Group	Add Mutual Exclusion Group
Add New Hardware Layout	Add New Hardware Layout
Add New Page	Add New Page
Add New Pattern...	Add New Pattern...
Add New Signature...	Add New Signature...
Add Next to Selection	Add Next to Selection
Add Number	Add Number
Add Output Bus	Add Output Bus
Add Output Mapping	Add Output Mapping
Add Panel	Add Panel
Add Parameter	Add Parameter
Add Parameters	Add Parameters
Add Path	Add Path
Add Permission Preset	Add Permission Preset
Add Piano Player	Add Piano Player
Add Playback Technique	Add Playback Technique
Add Player	Add Player
Add Plug-in	Add Plug-in
Add Position Marker	Add Position Marker
Add Position Marker on Active Track	Add Position Marker on Active Track
Add Position Marker on Selected Track	Add Position Marker on Selected Track
Add Preset...	Add Preset...
Add Previous to Selection	Add Previous to Selection
Add Process	Add Process
Add Processes	Add Processes
Add Profile	Add Profile
Add Property	Add Property
Add Rack Instrument...	Add Rack Instrument...
Add Region	Add Region
Add Right	Add Right
Add Root Note	Add Root Note
Add Sampler Track	Add Sampler Track
Add Scale	Add Scale
Add Selected Effect "%s" to Favorites	Add Selected Effect "%s" to Favorites
Add Selected Instrument "%s" to Favorites	Add Selected Instrument "%s" to Favorites
Add Selected as Database Slaves	Add Selected as Database Slaves
Add Selected as MMC Slaves	Add Selected as MMC Slaves
Add Selected as Remote Slaves	Add Selected as Remote Slaves
Add Selection as Sound Reference	Add Selection as Sound Reference
Add Side-Chain Source	Add Side-Chain Source
Add Signature	Add Signature
Add Sound Slot	Add Sound Slot
Add Sound Slot (Add-on)	Add Sound Slot (Add-on)
Add Step Lane	Add Step Lane
Add Steps	Add Steps
Add Steps Randomly	Add Steps Randomly
Add String Above	Add String Above
Add String Below	Add String Below
Add Subnodes	Add Subnodes
Add Surface	Add Surface
Add Talkback	Add Talkback
Add Talkback (%d avail.)	Add Talkback (%d avail.)
Add Tempo	Add Tempo
Add Time	Add Time
Add Time Signature	Add Time Signature
Add Timecode	Add Timecode
Add Title	Add Title
Add Top Overlay	Add Top Overlay
Add Track	Add Track
Add Track Instrument...	Add Track Instrument...
Add Track To Selected: FX Channel	Add Track To Selected: FX Channel
Add Track To Selected: Group Channel	Add Track To Selected: Group Channel
Add Track To Selected: VCA Fader	Add Track To Selected: VCA Fader
Add Track...	Add Track...
Add Up	Add Up
Add User Attribute	Add User Attribute
Add User Page	Add User Page
Add User to Permission List	Add User to Permission List
Add VCA Channel to Link Group "%s"	Add VCA Channel to Link Group "%s"
Add VCA Track to Selected Tracks...	Add VCA Track to Selected Tracks...
Add VST Plug-in Picture to Media Rack	Add VST Plug-in Picture to Media Rack
Add Value	Add Value
Add Variable	Add Variable
Add Voice	Add Voice
Add WAN Connection	Add WAN Connection
Add Workspace	Add Workspace
Add and Edit Cycle Marker	Add and Edit Cycle Marker
Add and Edit Cycle Marker on Active Track	Add and Edit Cycle Marker on Active Track
Add and Edit Cycle Marker on Selected Track	Add and Edit Cycle Marker on Selected Track
Add and Edit Position Marker	Add and Edit Position Marker
Add and Edit Position Marker on Active Track	Add and Edit Position Marker on Active Track
Add and Edit Position Marker on Selected Track	Add and Edit Position Marker on Selected Track
Add as Regions	Add as Regions
Add filter	Add filter
Add new Track Version	Add new Track Version
Add new User to your User Pool	Add new User to your User Pool
Add new profile with factory settings	Add new profile with factory settings
Add or drop processes here!	Add or drop processes here!
Add plug-in to blocklist	Add plug-in to blocklist
Add selected Users to Permission Preset	Add selected Users to Permission Preset
Add steps as evenly distributed as possible	Add steps as evenly distributed as possible
Add steps as shapes	Add steps as shapes
Add the chord of the selected notes to the chord track	Add the chord of the selected notes to the chord track
Add the root note (bass) to the voicing	Add the root note (bass) to the voicing
Add to Chord Track	Add to Chord Track
Add to Favorites	Add to Favorites
Add to Project 'FX' Folder	Add to Project 'FX' Folder
Add to Project 'Group' Folder	Add to Project 'Group' Folder
Add to Project 'VCA' Folder	Add to Project 'VCA' Folder
Add to Queue	Add to Queue
Add to Surface	Add to Surface
Add to Video File Name	Add to Video File Name
Add-on Sound Slot	Add-on Sound Slot
Add/Subtract	Add/Subtract
AddTrack	Add Track
Added tracks of this type are currently not shown.	Added tracks of this type are currently not shown.
Addition to PFX	Addition to PFX
Additional Content	Additional Content
Additional RS422-Out settings	Additional RS422-Out settings
Address	Address
Address Bar	Address Bar
Adds/subtracts the selected amount of frames to the position sent via RS422 Out (playback mode)	Adds/subtracts the selected amount of frames to the position sent via RS422 Out (playback mode)
Adds/subtracts the selected amount of frames to the position sent via RS422 Out (record mode)	Adds/subtracts the selected amount of frames to the position sent via RS422 Out (record mode)
Adjust Amount of Steps	Adjust Amount of Steps
Adjust Current Tempo	Adjust Current Tempo
Adjust Event Positions	Adjust Event Positions
Adjust Fades to Range	Adjust Fades to Range
Adjust Project Settings	Adjust Project Settings
Adjust Timer	Adjust Timer
Adjust for Record Latency	Adjust for Record Latency
Adjust or Delete	Adjust or Delete
Adjust the Effective Position of the Chord Symbols	Adjust the Effective Position of the Chord Symbols
Adjust the size of the Note Expression data	Adjust the size of the Note Expression data
Adjust to Zoom	Adjust to Zoom
Advanced	Advanced
Advanced Agents	Advanced Agents
Advanced Options	Advanced Options
Advanced Quantize	Advanced Quantize
Aeolian (nat. minor)	Aeolian (nat. minor)
After Date	After Date
After Export	After Export
After Fader Listen Mode	After Fader Listen Mode
After First System	After First System
After stopping, how many milliseconds before system can be restarted	After stopping, how many milliseconds before system can be restarted
Aftertouch	Aftertouch
Agents: Hide Muted Tracks	Agents: Hide Muted Tracks
Agents: Hide Selected Channels/Tracks	Agents: Hide Selected Channels/Tracks
Agents: Redo Visibility Change	Agents: Redo Visibility Change
Agents: Show All Channels/Tracks	Agents: Show All Channels/Tracks
Agents: Show Channels that are Connected to the First Selected Channel	Agents: Show Channels that are Connected to the First Selected Channel
Agents: Show Channels/Tracks with Data	Agents: Show Channels/Tracks with Data
Agents: Show Channels/Tracks with Data at the Cursor Position	Agents: Show Channels/Tracks with Data at the Cursor Position
Agents: Show Channels/Tracks with Data between the Locators	Agents: Show Channels/Tracks with Data between the Locators
Agents: Show Only Selected Channels/Tracks	Agents: Show Only Selected Channels/Tracks
Agents: Show Tracks with Selected Events	Agents: Show Tracks with Selected Events
Agents: Undo Visibility Change	Agents: Undo Visibility Change
Agog\u00F4 (High)	Agog\u00F4 (High)
Agog\u00F4 (Low)	Agog\u00F4 (Low)
Aikin 7-shape Noteheads	Aikin 7-shape Noteheads
Album	Album
Alert Dim Active	Alert Dim Active
Alfaia	Alfaia
Algorithm	Algorithm
Algorithm Preset	Algorithm Preset
Algorithm Settings	Algorithm Settings
Alias for (Optional)	Alias for (Optional)
Align	Align
Align Bar Numbers Across Width of System	Align Bar Numbers Across Width of System
Align Bottoms	Align Bottoms
Align Centers	Align Centers
Align Events	Align Events
Align Lefts	Align Lefts
Align Middles	Align Middles
Align Rights	Align Rights
Align Tops	Align Tops
Align to Event End	Align to Event End
Align to Event End (Copy)	Align to Event End (Copy)
Align to Event Start	Align to Event Start
Align to Event Start (Copy)	Align to Event Start (Copy)
Alignment	Alignment
All	All
All Available	All Available
All CC	All CC
All Cadences	All Cadences
All Chains	All Chains
All Channel Types	All Channel Types
All Channels	All Channels
All Clips	All Clips
All Clips on Active Track	All Clips on Active Track
All Cues (Selected Channels)	All Cues (Selected Channels)
All Events Same Value	All Events Same Value
All Events matching Filter Condition and perform Actions	All Events matching Filter Condition and perform Actions
All Events matching Filter Condition using the action list	All Events matching Filter Condition using the action list
All Events matching the filter conditions	All Events matching the filter conditions
All Interfaces	All Interfaces
All Key Commands	All Key Commands
All MIDI Inputs	All MIDI Inputs
All Media	All Media
All Media Types	All Media Types
All Messages	All Messages
All Mono Tracks	All Mono Tracks
All Multi-Channel Tracks	All Multi-Channel Tracks
All Notes	All Notes
All Off	All Off
All Options	All Options
All Outputs	All Outputs
All Parts	All Parts
All Parts on Active Track	All Parts on Active Track
All Ratings	All Ratings
All Systems	All Systems
All Templates	All Templates
All Track Modes to Global	All Track Modes to Global
All Track Types	All Track Types
All Types	All Types
All Types: (	All Types: (
All Users	All Users
All Visible Tracks	All Visible Tracks
All audio files are used	All audio files are used
All clips in editor are used.	All clips in editor are used.
All clips specified in 'Clip Editing Mode' are used.	All clips specified in 'Clip Editing Mode' are used.
All connections routed to the side-chain inputs have been reset. Your project may sound differently.	All connections routed to the side-chain inputs have been reset. Your project may sound differently.
All events can be selected and edited.	All events can be selected and edited.
All events in all clips on the active track can be selected and edited.	All events in all clips on the active track can be selected and edited.
All events in all parts on the active track can be selected and edited.	All events in all parts on the active track can be selected and edited.
All events of the active clip can be selected and edited.	All events of the active clip can be selected and edited.
All events of the active part can be selected and edited.	All events of the active part can be selected and edited.
All files have the specified attributes!	All files have the specified attributes!
All notes are recorded into the same part.	All notes are recorded into the same part.
All notes are sent on one channel. Please set up your Note Expression Input Device correctly.	All notes are sent on one channel. Please set up your Note Expression Input Device correctly.
All on Selected Tracks	All on Selected Tracks
All participants active - Response Times: 	All participants active - Response Times: 
All parts in editor are used.	All parts in editor are used.
All parts specified in 'Part Editing Mode' are used.	All parts specified in 'Part Editing Mode' are used.
All projects must be closed before 'cleanup'!	All projects must be closed before 'cleanup'!
All settings from source will be transferred to new tracks (incl. automation). Audio file is dry on hard disk.	All settings from source will be transferred to new tracks (incl. automation). Audio file is dry on hard disk.
All source tracks will be hidden. To show the tracks again, activate them on the Visibility tab.	All source tracks will be hidden. To show the tracks again, activate them on the Visibility tab.
Allow 4-Note Chords	Allow 4-Note Chords
Allow Alterations	Allow Alterations
Allow Continue Writing after Transport Jump	Allow Continue Writing after Transport Jump
Allow Editing in Results List	Allow Editing in Results List
Allow Individual Staves of Multi-Staff Instruments to Be Hidden	Allow Individual Staves of Multi-Staff Instruments to Be Hidden
Allow Partial Beams on Stemless Rest at Start or End of Beam	Allow Partial Beams on Stemless Rest at Start or End of Beam
Allow Rests Within Beams	Allow Rests Within Beams
Allow Rests Within Beams and at Start and End of Beams	Allow Rests Within Beams and at Start and End of Beams
Allow Window to be Resized	Allow Window to be Resized
Allow different Sample Rates	Allow different Sample Rates
Allow machine controlled cycle	Allow machine controlled cycle
Allow to Cross Bars	Allow to Cross Bars
Allow to Cross Beats	Allow to Cross Beats
Allows you to specify a range in the source project to be imported	Allows you to specify a range in the source project to be imported
Allows you to toggle the state of the mapped function. If the hardware control or the %s function are in toggle mode, use the jump mode instead.	Allows you to toggle the state of the mapped function. If the hardware control or the %s function are in toggle mode, use the jump mode instead.
Alt[Key]	Alt
Altered Jazz	Altered Jazz
Alternate Tempo	Alternate Tempo
Alternating[Pattern Editor Play Direction]	Alternating
Alternative	Alternative
Alternative Key Sets	Alternative Key Sets
Alternative Time Format	Alternative Time Format
Alto	Alto
Alto 2	Alto 2
Always	Always
Always Ask	Always Ask
Always Break All Secondary Beams at Rests	Always Break All Secondary Beams at Rests
Always Hidden	Always Hidden
Always Notate as Single Note across the Half-Bar	Always Notate as Single Note across the Half-Bar
Always Overwrite	Always Overwrite
Always Send Start Message	Always Send Start Message
Always Show Data	Always Show Data
Always Shown	Always Shown
Always ask to	Always ask to
Always on Top	Always on Top
Ambisonic File Format	Ambisonics File Format
Ambisonics...	Ambisonics...
Amount	Amount
An error occurred while inserting the markers into the project.	An error occurred while inserting the markers into the project.
An error occurred while reading the CSV file.	An error occurred while reading the CSV file.
An exception occurred. Save your work and restart the application.\nThe exception was thrown because of the plug-in :\n\n	An exception occurred. Save your work and restart the application.\nThe exception was thrown because of the plug-in :\n\n
An unexpected error occurred. The system's description is: 	An unexpected error occurred. The system's description is: 
An unknown error has occurred.	An unknown error has occurred.
Analyze	Analyze
Analyze Chords	Analyze Chords
Analyze Note Segments	Analyze Note Segments
Analyze notes and add chords to chord track	Analyze notes and add chords to chord track
Analyze the tempo of the selected audio event	Analyze the tempo of the selected audio event
Analyzer	Analyzer
Analyzer Track	Analyzer Track
Analyzing Audio...	Analyzing Audio...
Analyzing Loudness...	Analyzing Loudness...
Analyzing Project...	Analyzing Project...
Analyzing files...	Analyzing files...
Analyzing loudness...	Analyzing loudness...
Analyzing...	Analyzing...
And	And
Angled Ends Rectangle	Angled Ends Rectangle
Anvil	Anvil
Any	Any
Any Attribute	Any Attribute
Any Input	Any Input
Any Type (*.*)	Any Type (*.*)
AppKey[Key]	Menu
Appearance	Appearance
Appearance of Down Arpeggios	Appearance of Down Arpeggios
Appearance of Up Arpeggios	Appearance of Up Arpeggios
Append	Append
Append Automation Track	Append Automation Track
Append Chain Name	Append Chain Name
Append Clip Name to Event Name	Append Clip Name to Event Name
Append Filter	Append Filter
Append Numbers to a Marker Attribute	Append Numbers to a Marker Attribute
Append Selected In Arranger Chain	Append Selected In Arranger Chain
Application	Application
Application Disabled	Application Disabled
Application Scaling	Application Scaling
Application Status	Application Status
Application Type	Application Type
Apply	Apply
Apply Actions	Apply Actions
Apply Chord to Selection	Apply Chord to Selection
Apply Click Pattern to Equal Signatures	Apply Click Pattern to Equal Signatures
Apply Color of Folder Track Automatically	Apply Color of Folder Track Automatically
Apply Crossfade Preset	Apply Crossfade Preset
Apply Current Layout	Apply Current Layout
Apply Current Settings to A and B	Apply Current Settings to A and B
Apply Default	Apply Default
Apply Fades	Apply Fades
Apply Fixed Lengths	Apply Fixed Lengths
Apply Hardware High-Pass Filter	Apply Hardware High-Pass Filter
Apply Hermode Tuning	Apply Hermode Tuning
Apply Legato	Apply Legato
Apply Legato to Steps	Apply Legato to Steps
Apply Length	Apply Length
Apply Logical Preset	Apply Logical Preset
Apply Logical Preset...	Apply Logical Preset...
Apply Logical Presets	Apply Logical Presets
Apply MIDI Play Probability	Apply MIDI Play Probability
Apply MIDI Velocity Variance	Apply MIDI Velocity Variance
Apply Mapping	Apply Mapping
Apply Preset	Apply Preset
Apply Preset...	Apply Preset...
Apply Project Logical Preset	Apply Project Logical Preset
Apply Project Logical Preset...	Apply Project Logical Preset...
Apply Project Logical Presets	Apply Project Logical Presets
Apply Quantize	Apply Quantize
Apply Ref. Volume	Apply Ref. Volume
Apply Standard Fade In	Apply Standard Fade In
Apply Standard Fade Out	Apply Standard Fade Out
Apply Transpose	Apply Transpose
Apply Tuning	Apply Tuning
Apply a Known Chord	Apply a Known Chord
Apply augmented chord to selection	Apply augmented chord to selection
Apply diminished 7th chord to selection	Apply diminished 7th chord to selection
Apply diminished triad to selection	Apply diminished triad to selection
Apply half-diminished 7th chord to selection	Apply half-diminished 7th chord to selection
Apply major chord to selection	Apply major chord to selection
Apply major chord with a 7 to selection	Apply major chord with a 7 to selection
Apply major chord with a major 7 and an augmented 5 to selection	Apply major chord with a major 7 and an augmented 5 to selection
Apply major chord with a major 7 to selection	Apply major chord with a major 7 to selection
Apply minor chord to selection	Apply minor chord to selection
Apply minor chord with a 6 to selection	Apply minor chord with a 6 to selection
Apply minor chord with a 7 to selection	Apply minor chord with a 7 to selection
Apply minor chord with a major 7 to selection	Apply minor chord with a major 7 to selection
Apply new chords	Apply new chords
Apply suspended fourth chord to selection	Apply suspended fourth chord to selection
Apply suspended fourth chord with a 7 to selection	Apply suspended fourth chord with a 7 to selection
Apply suspended second chord to selection	Apply suspended second chord to selection
Apply suspended second chord with a 7 to selection	Apply suspended second chord with a 7 to selection
Apply the currently effective chord on the chord track to the selected notes	Apply the currently effective chord on the chord track to the selected notes
Apply voice-leading rules automatically	Apply voice-leading rules automatically
Applying Edits	Applying Edits
Applying Normalization to Loudness Ref...	Applying Normalization to Loudness Ref...
Approach for Secondary Beam Groups	Approach for Secondary Beam Groups
Arabian	Arabian
Arbitrary Range End Time in Primary Time Format	Arbitrary Range End Time in Primary Time Format
Arbitrary Range Start Time in Primary Time Format	Arbitrary Range Start Time in Primary Time Format
Architecture	Architecture
Archive Drives	Archive Drives
Are you sure you want to activate all cue sends?	Are you sure you want to activate all cue sends?
Are you sure you want to assign channel pan to all cue sends?	Are you sure you want to assign channel pan to all cue sends?
Are you sure you want to assign channel volume to all cue sends?	Are you sure you want to assign channel volume to all cue sends?
Are you sure you want to deactivate all additional outputs?	Are you sure you want to deactivate all additional outputs?
Are you sure you want to deactivate all cue sends?	Are you sure you want to deactivate all cue sends?
Are you sure you want to deactivate all outputs (except output "%s")?	Are you sure you want to deactivate all outputs (except output "%s")?
Are you sure you want to deactivate the output "%s"?	Are you sure you want to deactivate the output "%s"?
Are you sure you want to delete the snapshot? \nYou cannot undo this.	Are you sure you want to delete the snapshot? \nYou cannot undo this.
Are you sure you want to disable the Control Room?	Are you sure you want to disable the Control Room?
Are you sure you want to edit so many events?	Are you sure you want to edit so many events?
Are you sure you want to remove "%s" ?	Are you sure you want to remove "%s" ?
Are you sure you want to remove all modulation connections?	Are you sure you want to remove all modulation connections?
Are you sure you want to remove all modulators of this track?	Are you sure you want to remove all modulators of this track?
Are you sure you want to remove this modulator?	Are you sure you want to remove this modulator?
Are you sure you want to replace the plug-in "%s"?	Are you sure you want to replace the plug-in "%s"?
Are you sure you want to reset all VST?	Are you sure you want to reset all VST?
Are you sure you want to reset all cue sends?	Are you sure you want to reset all cue sends?
Are you sure you want to reset this Channel?	Are you sure you want to reset this Channel?
Are you sure you want to reset this EQ?	Are you sure you want to reset this EQ?
Are you sure you want to reset this Input Filter?	Are you sure you want to reset this Input Filter?
Are you sure you want to reset this section?	Are you sure you want to reset this section?
Are you sure? You cannot undo this!	Are you sure? You cannot undo this!
Arm All Audio Tracks	Activate Record Enable for All Audio Tracks
Arm All Tracks	Arm All Tracks
Arpeggio Line	Arpeggio Line
Arpeggio Signs	Arpeggio Signs
Arpeggio Symbol	Arpeggio Symbol
Arranger	Arranger
Arranger - Remove All	Arranger - Remove All
Arranger - Remove Entry	Arranger - Remove Entry
Arranger - Remove Selected	Arranger - Remove Selected
Arranger Chain	Arranger Chain
Arranger Chain Name	Arranger Chain Name
Arranger Editor	Arranger Editor
Arranger Events	Arranger Events
Arranger Track	Arranger Track
Arti	Arti
Articulation	Articulation
Articulation Combinations	Articulation Combinations
Articulations	Articulations
Articulations & Mutual Exclusion Groups	Articulations & Mutual Exclusion Groups
Articulations in Group	Articulations in Group
Artist	Artist
As Block Events	As Block Events
As Default	As Default
As One Event	As One Event
As Recommended by Instrument	As Recommended by Instrument
As Selected	As Selected
As Separate Events	As Separate Events
As incoming MIDI Channels seem to be rotating, you should consider to create and use a Note Expression Input Device	As incoming MIDI Channels seem to be rotating, you should consider to create and use a Note Expression Input Device
Aspect Ratio	Aspect Ratio
Assembling media...	Assembling media...
Assign	Assign
Assign Additional Key	Assign Additional Key
Assign Common Version ID	Assign Common Version ID
Assign Downmix Preset 1 (Reset All Presets with [Alt] + Click)	Assign Downmix Preset 1 (Reset All Presets with [ALT]-click)
Assign Downmix Preset 2 (Reset All Presets with [Alt] + Click)	Assign Downmix Preset 2 (Reset All Presets with [ALT]-click)
Assign Downmix Preset 3 (Reset All Presets with [Alt] + Click)	Assign Downmix Preset 3 (Reset All Presets with [ALT]-click)
Assign Downmix Preset 4 (Reset All Presets with [Alt] + Click)	Assign Downmix Preset 4 (Reset All Presets with [ALT]-click)
Assign Parameter	Assign Parameter
Assign Stave and Voice	Assign Stave and Voice
Assign Voices to Notes	Assign Voices to Notes
Assign from Chord Track	Assign from Chord Track
Assign from MIDI Input	Assign from MIDI Input
Assign selected map to active track\nUse [Click + Hold] or [ALT + Click] to deactivate.	Assign selected map to active track\nUse [Click + Hold] or [ALT + Click] to deactivate.
Assign selected map to active track\nUse [Click + Hold] or [ALT + Click] to follow map selection permanently.	Assign selected map to active track\nUse [Click + Hold] or [ALT + Click] to follow map selection permanently.
Assign subsection to section	Assign subsection to section
Assign the columns to marker attributes:	Assign the columns to marker attributes:
Assign to First Unassigned Pad	Assign to First Unassigned Pad
Assignable Knob	Assignable Knob
Assigned	Assigned
Assigned Key Commands	Assigned Key Commands
Assigned Stave (Score Editor)	Assigned Stave (Score Editor)
Assigned String (Score Editor)	Assigned String (Score Editor)
Assigned Voice (Score Editor)	Assigned Voice (Score Editor)
Assigning Default Input/Output	Assigning Default Input/Output
Assignment	Assignment
Assignment Functions	Assignment Functions
Associate MIDI Device	Associate MIDI Device
Assume Skipping	Process Existing Clip
At Cursor	At Cursor
At Date	At Date
At Left Locator	At Left Locator
At Origin	At Origin
At Timecode Position	At Timecode Position
At Timecode Position...	At Timecode Position...
At least one track must be visible in the editor.	At least one track must be visible in the editor.
At: %s	At: %s
Attach Channel to Left Edge	Attach Channel to Left Edge
Attach Channel to Right Edge	Attach Channel to Right Edge
Attack Comp.	Attack Comp.
Attention	Attention
Attribute	Attribute
Attribute Counter	Attribute Counter
Attribute Counter (Number of items waiting to have their Attributes updated)	Attribute Counter (Number of items waiting to have their Attributes updated)
Attribute Display on Marker Events	Attribute Display on Marker Events
Attribute Inspector	Attribute Inspector
Attribute Type	Attribute Type
Attributes	Attributes
Attributes apply to individual notes, directions apply to all following notes	Attributes apply to individual notes, directions apply to all following notes
Audio	Audio
Audio - Assets	Audio - Assets
Audio - Properties	Audio - Properties
Audio - Snap to Zero Crossing	Audio - Snap to Zero Crossing
Audio Activity (Default Input Channel)	Audio Activity (Default Input Channel)
Audio Activity (Main Mix Output Channel)	Audio Activity (Main Mix Output Channel)
Audio Buffer Size	Audio Buffer Size
Audio CD...	Audio CD...
Audio Channel	Audio Channel
Audio Channels	Audio Channels
Audio Click Level	Audio Click Level
Audio Click Outputs	Audio Click Outputs
Audio Click Settings	Audio Click Settings
Audio Clipping (Default Input Channel)	Audio Clipping (Default Input Channel)
Audio Clipping (Mix Output Channel)	Audio Clipping (Mix Output Channel)
Audio Connections	Audio Connections
Audio Connections...	Audio Connections...
Audio Device	Audio Device
Audio Driver Setup	Audio Driver Setup
Audio Event:	Audio Event:
Audio Events to Part	Audio Events to Part
Audio Export	Audio Export
Audio File...	Audio File...
Audio Files	Audio Files
Audio Files: %d	Audio Files: %d
Audio Functions	Audio Functions
Audio Grid Definition Tool	Audio Grid Definition Tool
Audio Hardware Input	Audio Hardware Input
Audio Hardware Output	Audio Hardware Output
Audio Hardware Removed	Audio Hardware Removed
Audio Inputs	Audio Inputs
Audio Mixdown...	Audio Mixdown...
Audio Mono	Audio Mono
Audio Outputs	Audio Outputs
Audio Part Editor: 	Audio Part Editor: 
Audio Performance	Audio Performance
Audio Performance Meter	Audio Performance Meter
Audio Performance Monitor	Audio Performance Monitor
Audio Ports	Audio Ports
Audio Pre-Record Seconds	Audio Pre-Record Seconds
Audio Pull	Audio Pull
Audio Pull Options	Audio Pull Options
Audio Pull Settings	Audio Pull Settings
Audio Pull-up/Pull-down	Audio Pull-up/Pull-down
Audio Record Mode	Audio Record Mode
Audio Record Modes	Audio Record Modes
Audio Segment Editing	Audio Segment Editing
Audio Settings	Audio Settings
Audio Settings...	Audio Settings...
Audio System	Audio System
Audio Tempo Definition Tool	Audio Tempo Definition Tool
Audio Track	Audio Track
Audio Track Count	Audio Track Count
Audio Track Presets	Audio Track Presets
Audio Tracks	Audio Tracks
Audio bitsize(s):	Audio bitsize(s):
Audio file type:	Audio file type:
Audio from Video File...	Audio from Video File...
Audio in musical mode cannot be sliced.\nDo you want to disable musical mode?	Audio in musical mode cannot be sliced.\nDo you want to disable musical mode?
Audio recording aborted. The Disk is full!\n	Audio recording aborted. The Disk is full!\n
Audio-Codec Plug-ins	Audio-Codec Plug-ins
AudioWarp	AudioWarp
AudioWarp Quantize	AudioWarp Quantize
AudioWarp Quantize On/Off	AudioWarp Quantize On/Off
Audition	Audition
Audition (press [Alt] to bypass selected process)	Audition (press [Alt] to bypass selected process)
Audition Click Sounds	Audition Click Sounds
Audition Crossfade	Audition Crossfade
Audition Fade In	Audition Fade In
Audition Fade Out	Audition Fade Out
Audition Loop	Audition Loop
Audition Sound Reference	Audition Sound Reference
Audition Volume	Audition Volume
Audition through MIDI Inserts/Sends	Audition through MIDI Inserts/Sends
Aug. Fifth	Aug. Fifth
Augmented	Augmented
Author	Author
Auto	Auto
Auto Adjust	Auto Adjust
Auto Apply	Auto Apply
Auto Apply Quantize	Auto Apply Quantize
Auto Crossfades	Auto Crossfades
Auto Disable Talkback Mode	Auto Disable Talkback Mode
Auto Dissolve Format 0	Auto Dissolve Format 0
Auto Edit	Auto Edit
Auto Edit PRE/POST	Auto Edit PRE/POST
Auto Edit Post-roll	Auto Edit Post-roll
Auto Edit Pre-roll	Auto Edit Pre-roll
Auto Fade In	Auto Fade In
Auto Fade Out	Auto Fade Out
Auto Fades	Auto Fades
Auto Fades - Project: %s	Auto Fades - Project: %s
Auto Fades - Track: %s	Auto Fades - Track: %s
Auto Fades Settings	Auto Fades Settings
Auto Fades Settings...	Auto Fades Settings...
Auto Join	Auto Join
Auto Join Time	Auto Join Time
Auto LFO	Auto LFO
Auto Monitoring	Auto Monitoring
Auto Number Start	Auto Number Start
Auto Play	Auto Play
Auto Play New Results Selection	Auto Play New Results Selection
Auto Punch	Auto Punch
Auto Quantize	Auto Quantize
Auto Quantize On/Off	Auto Quantize On/Off
Auto Quantize in Record	Auto Quantize in Record
Auto Save	Auto Save
Auto Save Interval	Auto Save Interval
Auto Save failed, because the project is corrupt.\nPlease save the project under a new name and restart the program.	Auto Save failed, because the project is corrupted.\nPlease save the project under a new name and restart the program.
Auto Select	Auto Select
Auto Select Controllers	Auto Select Controllers
Auto Select Events under Cursor	Auto Select Events under Cursor
Auto Track/Channel Color Mode	Auto Track/Channel Color Mode
Auto Update Name	Auto Update Name
Auto Zoom	Auto Zoom
Auto-Detect Frame Rate Changes	Auto-Detect Frame Rate Changes
Auto-Grid	Auto-Grid
Auto-Latch	Auto-Latch
Auto-Scroll	Auto-Scroll
Auto-Scroll (Suspended)	Auto-Scroll (Suspended)
Auto-Scroll with Project Cursor	Auto-Scroll with Project Cursor
Auto-Zoom to Event	Auto-Zoom to Event
AutoQ[RM]	AutoQ
Autodetect	Autodetect
Automatic	Automatic
Automatic (%s)	Automatic (%s)
Automatic Insert Scale Events	Automatic Insert Scale Events
Automatic MIDI Record Quantize	Automatic MIDI Record Quantize
Automatic Quantize	Automatic Quantize
Automatic Scales	Automatic Scales
Automatic Voicings	Automatic Voicings
Automatically Adjust Grid at Current Grid-Resolution	Automatically Adjust Grid at Current Grid-Resolution
Automatically Resolve Collisions Between Adjacent Staves and Systems	Automatically Resolve Collisions Between Adjacent Staves and Systems
Automatically Set the Locators Whenever a Marker Is Located	Automatically Set the Locators Whenever a Marker Is Located
Automatically apply updates	Automatically apply updates
Automation	Automation
Automation Controller ID	Automation Controller ID
Automation Follows Events	Automation Follows Events
Automation Functions	Automation Functions
Automation Merge Mode	Automation Merge Mode
Automation Meter	Automation Meter
Automation Mode	Automation Mode
Automation Mode - Auto-Latch	Automation Mode - Auto-Latch
Automation Mode - Cross-Over	Automation Mode - Cross-Over
Automation Mode - Touch	Automation Mode - Touch
Automation Mode - Trim	Automation Mode - Trim
Automation Panel	Automation Panel
Automation Pass	Automation Pass
Automation Read/Write	Automation Read/Write
Automation Reduction Level	Automation Reduction Level
Automation Return Time	Automation Return Time
Automation Settings	Automation Settings
Automation Track	Automation Track
Autoscroll	Auto-Scroll On/Off
Aux 1	Aux 1
Aux 2	Aux 2
Available	Available
Average	Average
Average ASIO-Guard Load	Average ASIO-Guard Load
Average CC Value	Average CC Value
Average Intelligibility	Average Intelligibility
Average Pitch	Average Pitch
Average RMS (AES-17)	Average RMS (AES-17)
Average Real Time Load	Average Real Time Load
Average Velocity	Average Velocity
Avoid Collisions	Avoid Collisions
Axt Tool	Axt Tool
B-Format %d channels	B-Format %d channels
BG Category	BG Category
BPM	BPM
BWF Coding History	BWF Coding History
BWF Description	BWF Description
BWF Loudness Range	BWF Loudness Range
BWF Loudness Value	BWF Loudness Value
BWF Max Momentary Loudness	BWF Max. Momentary Loudness
BWF Max Short-term Loudness	BWF Max. Short-term Loudness
BWF Max True Peak Level	BWF Max. True Peak Level
BWF Max. Momentary Loudness	BWF Max. Momentary Loudness
BWF Max. Short-term Loudness	BWF Max. Short-term Loudness
BWF Max. True Peak Level	BWF Max. True Peak Level
BWF Origin Reference	BWF Origin Reference
Back	Back
Back up Project	Back up Project
Back up Project Options	Back up Project Options
Back up Project...	Back up Project...
Background	Background
Background Color	Background Color
Background Color Modulation	Background Color Modulation
Background Texture	Background Texture
Background[Picture or situation]	Background
Backgrounds	Backgrounds
Backspace[Key]	Backspace
Backward[Pattern Editor Play Direction]	Backward
Balance Panner	Balance Panner
Balinese	Balinese
Band %d	Band %d
Bank	Bank
Bank 1	Bank 1
Bank 2	Bank 2
Bank 3	Bank 3
Bank 4	Bank 4
Bank Assignment	Bank Assignment
Bank Select	Bank Select
Bank Select 14 Bit	Bank Select 14 Bit
Bank Select 14 Bit MSB-LSB Swapped	Bank Select 14 Bit MSB-LSB Swapped
Bank Selector	Bank Selector
Banks	Banks
Bar	Bar
Bar Numbers	Bar Numbers
Bar Range	Bar Range
Bar Range/Time Base	Bar Range/Time Base
Bar Repeat Region	Bar Repeat Region
Bar Rests	Bar Rests
Bar and Multi-Bar Rests	Bar and Multi-Bar Rests
Bar positions	Bar positions
Bar: %d	Bar: %d
Barline	Barline
Barlines	Barlines
Baroque (3/5 adaptive)	Baroque (3/5 adaptive)
Bars	Bars
Bars & Beats	Bars & Beats
Bars in Original Length	Bars in Original Length
Bars+Beats	Bars+Beats
Bars+Beats Linear	Bars+Beats Linear
Basic	Basic
Basic Colors	Basic Colors
Basic Commands	Basic Commands
Basic Player	Basic Player
Basics	Basics
Bass 2[vocal]	Bass 2
Bass Drum	Bass Drum
Bass Note	Bass Note
Bass to Lowest Voice	Bass to Lowest Voice
BassDrum	BassDrum
Bass[instrument]	Bass
Bass[vocal]	Bass
Bb	Bb
Beam Grouping	Beam Grouping
Beam Together	Beam Together
Beam Together Even If the Group Does Not Fill the Half-Bar	Beam Together Even If the Group Does Not Fill the Half-Bar
Beam Together Only When the Group Fills the Half-Bar	Beam Together Only When the Group Fills the Half-Bar
Beam Together a Group of Any Size	Beam Together a Group of Any Size
Beam over Rests	Beam over Rests
Beaming	Beaming
Beaming 1/8 Notes (Quavers) Together in 1/4 Note (Crotchet) Denominator Time Signatures	Beaming 1/8 Notes (Quavers) Together in 1/4 Note (Crotchet) Denominator Time Signatures
Beaming: Beam Together	Beaming: Beam Together
Beaming: Make Unbeamed	Beaming: Make Unbeamed
Beaming: Reset Beaming	Beaming: Reset Beaming
Beaming: Set Partial Beam Direction Left	Beaming: Set Partial Beam Direction Left
Beaming: Set Partial Beam Direction Right	Beaming: Set Partial Beam Direction Right
Beaming: Split Beam	Beaming: Split Beam
Beaming: Split Secondary Beam	Beaming: Split Secondary Beam
Beams and Rests	Beams and Rests
Beat	Beat
Beat Calculator...	Beat Calculator...
Beat Groups	Beat Groups
Beats	Beats
Beats in Original Length	Beats in Original Length
Before Cursor	Before Cursor
Before Date	Before Date
Begin at Bar Start	Begin at Bar Start
Bell Tree	Bell Tree
Below Selected Track	Below Selected Track
Below System	Below System
Below Timecode Staff	Below Timecode Staff
Between	Between
Between Cycle Markers	Between Cycle Markers
Between Locators	Between Locators
Beyond Cursor	Beyond Cursor
Bezier Slur	Bezier Slur
Bigger	Bigger
Bigger or Equal	Bigger or Equal
Binary	Binary
Bit	Bit
Bit Depth	Bit Depth
Bit Offset	Bit Offset
Bit Rate	Bit Rate
Bit Rate/Quality	Bit Rate/Quality
Bit Weight	Bit Weight
Bits Per Byte	Bits Per Byte
Bits per Sample	Bits per Sample
Black	Black
Black 50	Black 50
Black 70	Black 70
Black Keys	Black Keys
Blind Panel	Blind Panel
Blocklist	Blocklist
Blocks	Blocks
Blue	Blue
Blues (I-V-IV-I)	Blues (I-V-IV-I)
Blues 1	Blues 1
Blues 2	Blues 2
Blues 3	Blues 3
Bold	Bold
Bongo (High)	Bongo (High)
Bongo (Low)	Bongo (Low)
Bongo Bell (High)	Bongo Bell (High)
Bongo Bell (Low)	Bongo Bell (Low)
Bool	Bool
Border	Border
Border Style	Border Style
Border Thickness	Border Thickness
Both	Both
Bottom	Bottom
Bottom Track	Bottom Track
Bottom of Track List	Bottom of Track List
Bounce	Bounce
Bounce MIDI	Bounce MIDI
Bounce Selection	Bounce Selection
Box (High Tone)	Box (High Tone)
Box (Low Tone)	Box (Low Tone)
Braced Staff to Braced Staff	Braced Staff to Braced Staff
Braced Staff to Unbraced Staff	Braced Staff to Unbraced Staff
Brake Drum	Brake Drum
Brass	Brass
Break	Break
Break All Secondary Beams at Rests When Duration Differs	Break All Secondary Beams at Rests When Duration Differs
Break Beams at Beat Boundaries	Break Beams at Beat Boundaries
Break Beams at Half-Bar Beat Boundaries	Break Beams at Half-Bar Beat Boundaries
Break Beams at Quarter-Bar Beat Boundaries	Break Beams at Quarter-Bar Beat Boundaries
Break Beams at Rests	Break Beams at Rests
Break Beams at the Half-Bar	Break Beams at the Half-Bar
Bring To Front	Bring To Front
British	British
BroadCast Wave Options	BroadCast Wave Options
Broadcast Wave	Broadcast Wave
Broadcast Wave Chunk	Broadcast Wave Chunk
Broadcast Wave File	Broadcast Wave File
Browse Folder	Browse Folder
Browse Functions	Browse Functions
Browse Project - %s	Browse Project - %s
Browse for File	Browse for File
Browse for File: 	Browse for File: 
Browse...	Browse...
Browse: Back	Browse: Back
Browse: Forward	Browse: Forward
Browse: Up	Browse: Up
Buffer	Buffer
Buffer Size	Buffer Size
Bus '%s' has settings you might want to keep! Delete anyway?	Bus '%s' has settings you might want to keep! Delete anyway?
Bus '%s' is used in your project! Delete anyway?	Bus '%s' is used in your project! Delete anyway?
Bus Name	Bus Name
Button	Button
Bypass	Bypass
Bypass All Connections	Bypass All Connections
Bypass All Modulators of Track	Bypass All Modulators of Track
Bypass Channel Strip of All Visible Channels	Bypass Channel Strip of All Visible Channels
Bypass Connection	Bypass Connection
Bypass EQs of All Visible Channels	Bypass EQs of All Visible Channels
Bypass Effect	Bypass Effect
Bypass Function Learn Mode	Bypass Function Learn Mode
Bypass Insert	Bypass Insert
Bypass Insert on/off.\nInsert on/off with [ALT + click].	Bypass Insert on/off.\nInsert on/off with [ALT + click].
Bypass Inserts	Bypass Inserts
Bypass Inserts of All Visible Channels	Bypass Inserts of All Visible Channels
Bypass MIDI Controller Learn Mode	Bypass MIDI Controller Learn Mode
Bypass Modulator on/off.\nModulator on/off with [ALT + click].	Bypass Modulator on/off.\nModulator on/off with [ALT + click].
Bypass Modulators	Bypass Modulators
Bypass Modulators of All Visible Channels	Bypass Modulators of All Visible Channels
Bypass Module	Bypass Module
Bypass Module on/off.\nModule on/off with [ALT + click].	Bypass Module on/off.\nModule on/off with [ALT + click].
Bypass Panner	Bypass Panner
Bypass Plug-in	Bypass Plug-in
Bypass Pre Filter	Bypass Pre Filter
Bypass Selected Process	Bypass Selected Process
Bypass Send	Bypass Send
Bypass Sends	Bypass Sends
Bypass Sends of All Visible Channels	Bypass Sends of All Visible Channels
Bypass will disable the MIDI Learn Mode (only manual placement possible) and the automatic selection in Edit Mode. Bypass should be used when MIDI controller sends frequent undesired MIDI messages.	Bypass will disable the MIDI Learn Mode (only manual placement possible) and the automatic selection in Edit Mode. Bypass should be used when MIDI controller sends frequent undesired MIDI messages.
Bypass: Channel Strip	Bypass: Channel Strip
Bypass: Channel Strip on Main Mix	Bypass: Channel Strip on Main Mix
Bypass: EQs	Bypass: EQs
Bypass: EQs on Main Mix	Bypass: EQs on Main Mix
Bypass: Inserts	Bypass: Inserts
Bypass: Inserts on Main Mix	Bypass: Inserts on Main Mix
Bypass: Modulators	Bypass: Modulators
Bypass: Sends	Bypass: Sends
Bypassed	Bypassed
Byte	Byte
Byte Offset	Byte Offset
Byte Position 0 (LSB)	Byte Position 0 (LSB)
Byte Position 1	Byte Position 1
Byte Position 2	Byte Position 2
Byte Position 3 (MSB)	Byte Position 3 (MSB)
Bytes	Bytes
C C# D D# E F F# G G# A A# B	C C# D D# E F F# G G# A A# B
C-%d	C-%d
C5 Roland Checksum	C5 Roland Checksum
CC #	CC #
CC 11 (Expression)	CC 11 (Expression)
CC 7 (Main Volume)	CC 7 (Main Volume)
CC Automation Setup...	CC Automation Setup...
CC Name	CC Name
CC No.	CC No.
CC01 : Modulation	CC01 : Modulation
CC07 : Volume	CC07 : Volume
CC10 : Pan	CC10 : Pan
CC64 : Sustain	CC64 : Sustain
CC: %d	CC: %d
CC: Attack Time	CC: Attack Time
CC: Balance	CC: Balance
CC: Balance LSB	CC: Balance LSB
CC: BankSelect LSB	CC: BankSelect LSB
CC: BankSelect MSB	CC: BankSelect MSB
CC: Breath	CC: Breath
CC: Breath LSB	CC: Breath LSB
CC: Brightness	CC: Brightness
CC: Data Decrement	CC: Data Decrement
CC: Data Increment	CC: Data Increment
CC: DataEntry LSB	CC: DataEntry LSB
CC: DataEntry MSB	CC: DataEntry MSB
CC: Expr LSB	CC: Expr LSB
CC: Expression	CC: Expression
CC: FX1 Reverb Send	CC: FX1 Reverb Send
CC: FX2 Send	CC: FX2 Send
CC: FX3 Chorus Send	CC: FX3 Chorus Send
CC: FX4 Variation Send	CC: FX4 Variation Send
CC: FX5 Send	CC: FX5 Send
CC: Foot	CC: Foot
CC: Foot LSB	CC: Foot LSB
CC: Gen Purp 1	CC: Gen Purp 1
CC: Gen Purp 2	CC: Gen Purp 2
CC: Gen Purp 3	CC: Gen Purp 3
CC: Gen Purp 4	CC: Gen Purp 4
CC: Gen Purpose 5	CC: Gen Purpose 5
CC: Gen Purpose 6	CC: Gen Purpose 6
CC: Gen Purpose 7	CC: Gen Purpose 7
CC: Gen Purpose 8	CC: Gen Purpose 8
CC: Harmonic Content	CC: Harmonic Content
CC: Hold 1	CC: Hold 1
CC: Hold 2	CC: Hold 2
CC: Legato FS	CC: Legato FS
CC: Main Volume	CC: Main Volume
CC: Main Volume LSB	CC: Main Volume LSB
CC: Modulation	CC: Modulation
CC: Modulation LSB	CC: Modulation LSB
CC: NRPN LSB	CC: NRPN LSB
CC: NRPN MSB	CC: NRPN MSB
CC: Pan	CC: Pan
CC: Pan LSB	CC: Pan LSB
CC: Porta LSB	CC: Porta LSB
CC: Portamento	CC: Portamento
CC: Portamento Control	CC: Portamento Control
CC: Portamento Time	CC: Portamento Time
CC: RPN LSB	CC: RPN LSB
CC: RPN MSB	CC: RPN MSB
CC: Release Time	CC: Release Time
CC: Soft Pedal	CC: Soft Pedal
CC: Sostenuto	CC: Sostenuto
CCMode: All Notes Off	CCMode: All Notes Off
CCMode: All Sound Off	CCMode: All Sound Off
CCMode: MONO	CCMode: MONO
CCMode: OMNI Off	CCMode: OMNI Off
CCMode: OMNI On	CCMode: OMNI On
CCMode: POLY	CCMode: POLY
CCMode: Reset All Controllers	CCMode: Reset All Controllers
CD Name	CD Name
CD Set Name	CD Set Name
CD Track	CD Track
CD Track Number	CD Track Number
CPU Overload	CPU Overload
CPU Overload/Audio drop out detected.	CPU Overload/Audio drop out detected.
CR	CR
CR Phones	CR Phones
CR Volume	CR Volume
CSP	CSP
CSPM	CSPM
CSV Export - Attribute Selection	CSV Export - Attribute Selection
CSV Import - Attribute Selection	CSV Import - Attribute Selection
CSV Import - Encoding	CSV Import - Encoding
Cabasa	Cabasa
Cadence	Cadence
Cadence Type	Cadence Type
Cajon (High Tone)	Cajon (High Tone)
Cajon (Low Tone)	Cajon (Low Tone)
Calculate Hitpoints	Calculate Hitpoints
Calculate Tempo from MIDI Events	Calculate Tempo from MIDI Events
Calculate Tempo from MIDI Events...	Calculate Tempo from MIDI Events...
Calculating Hitpoints...	Calculating Hitpoints...
Cancel	Cancel
Cancel Export	Cancel Export
Cancel Hitpoint Calculation	Cancel Hitpoint Calculation
Canceled	Canceled
Cannot Edit VariAudio: No Note Segments Detected	Cannot Edit VariAudio: No Note Segments Detected
Cannot access Project Folder on server: %s	Cannot access Project Folder on server: %s
Cannot add more tracks. The MIDI track count is at the limit.	Cannot add more tracks. The MIDI track count is at the limit.
Cannot add more tracks. The VCA track count is at the limit.	Cannot add more tracks. The VCA track count is at the limit.
Cannot add more tracks. The audio track count is at the limit.	Cannot add more tracks. The audio track count is at the limit.
Cannot add more tracks. The chord track count is at the limit.	Cannot add more tracks. The chord track count is at the limit.
Cannot add more tracks. The effect track count is at the limit.	Cannot add more tracks. The effect track count is at the limit.
Cannot add more tracks. The group track count is at the limit.	Cannot add more tracks. The group track count is at the limit.
Cannot add more tracks. The instrument track count is at the limit.	Cannot add more tracks. The instrument track count is at the limit.
Cannot add more tracks. The marker track count is at the limit.	Cannot add more tracks. The marker track count is at the limit.
Cannot add more tracks. The track count for this track type is at the limit.	Cannot add more tracks. The track count for this track type is at the limit.
Cannot add more tracks. The video track count is at the limit.	Cannot add more tracks. The video track count is at the limit.
Cannot add tracks while recording.	Cannot add tracks while recording.
Cannot convert effect:	Cannot convert effect:
Cannot convert effect: %s	Cannot convert effect: %s
Cannot convert scopes references!	Cannot convert scopes references!
Cannot convert this type of file!	Cannot convert this type of file!
Cannot create split file	Cannot create split file
Cannot import this image!	Cannot import this image!
Cannot load settings of a channel "%s" into a channel "%s": Channel Type Mismatch.	Cannot load settings of a channel "%s" into a channel "%s": Channel Type Mismatch.
Cannot open media: %s	Cannot open media: %s
Cannot open project file "%s" !	Cannot open project file "%s" !
Cannot read source file	Cannot read source file
Cannot remove existing audio stream from video file!	Cannot remove existing audio stream from video file!
Cannot replace audio in this video file.\nPlease close all applications that are using this video file and try again!	Cannot replace audio in this video file.\nPlease close all applications that are using this video file and try again!
Cannot save more MixConsole snapshots. The snapshot count is at the limit.	Cannot save more MixConsole snapshots. The snapshot count is at the limit.
Cannot write AES31 media: %s	Cannot write AES31 media: %s
Cannot write OMF media: %s	Cannot write OMF media: %s
Capo	Capo
Capsule	Capsule
Capture Event Types	Capture Event Types
Capture Events	Capture Events
Cascade New Projects	Cascade New Projects
Cascaded	Cascaded
Case Sensitive	Case Sensitive
Castanets	Castanets
Casting Off	Casting Off
Catch Mode	Catch Mode
Catch Range	Catch Range
Categories	Categories
Category	Category
Category Post	Category Post
Category search	Category search
Cautionary Accidentals	Cautionary Accidentals
Cautionary Key Signature at End of System	Cautionary Key Signature at End of System
Cautionary Time Signature at End of System	Cautionary Time Signature at End of System
Caxixi	Caxixi
Cell Control Display	Cell Control Display
Cell Info	Cell Info
Cell Layout Configuration	Cell Layout Configuration
Center	Center
Center (64)	Center (64)
Center L/R channels	Center L/R channels
Center Neutral	Center Neutral
Center Width	Center Width
Center channel	Center channel
Centered on Bar	Centered on Bar
Centered on Barline	Centered on Barline
Centimeters (cm)	Centimeters (cm)
Ch.	Ch.
Cha-cha Bell	Cha-cha Bell
Chain Step Repeat Change	Chain Step Repeat Change
Chaining Mode	Chaining Mode
Chan	Chan
Change Cue Sends Levels	Change Cue Sends Levels
Change Cue Sends Levels...	Change Cue Sends Levels...
Change Dynamics	Change Dynamics
Change Editor Size	Change Editor Size
Change Engraving Settings	Change Engraving Settings
Change Event Color	Change Event Color
Change Font Styles	Change Font Styles
Change Insert Effect Configuration	Change Insert Effect Configuration
Change Instrument Type	Change Instrument Type
Change Instrument Type for Active Track	Change Instrument Type for Active Track
Change Instrument Type for Active Track...	Change Instrument Type for Active Track...
Change Layout Settings	Change Layout Settings
Change MIDI	Change MIDI
Change Marker Attribute Name	Change Marker Attribute Name
Change Marker Attribute Type	Change Marker Attribute Type
Change Notation Settings	Change Notation Settings
Change On-Screen Keyboard Type (Use Num[.] Key)	Change On-Screen Keyboard Type (Use Num[.] Key)
Change Paragraph Styles	Change Paragraph Styles
Change Part Velocity	Change Part Velocity
Change Pitch of selected Notes via MIDI Input	Change Pitch of selected Notes via MIDI Input
Change Project Colors	Change Project Colors
Change Release Length	Change Release Length
Change Stretch Algorithm	Change Stretch Algorithm
Change Swing Settings	Change Swing Settings
Change Tempo Type	Change Tempo Type
Change Track Color	Change Track Color
Change Type...	Change Type...
Change Velocities	Change Velocities
Change channel of notes	Change channel of notes
Change length of notes	Change length of notes
Change velocity of notes	Change velocity of notes
Changed: %s	Changed: %s
Channel	Channel
Channel 	Channel 
Channel %d	Channel %d
Channel & Track Visibility	Channel & Track Visibility
Channel "%s" - Ins. %d	Channel "%s" - Ins. %d
Channel "%s" - Panner	Channel "%s" - Panner
Channel "%s" - Send Panner %d	Channel "%s" - Send Panner %d
Channel "%s" - Strip %d	Channel "%s" - Strip %d
Channel "%s" - Synth	Channel "%s" - Synth
Channel '%s' contains more insert slots than supported by this program version. The slots are being discarded.	Channel '%s' contains more insert slots than supported by this program version. The slots are being discarded.
Channel '%s' contains more send slots than supported by this program version. The slots are being discarded.	Channel '%s' contains more send slots than supported by this program version. The slots are being discarded.
Channel Aftertouch	Channel Aftertouch
Channel Batch	Channel Batch
Channel Colors	Channel Colors
Channel Configuration	Channel Configuration
Channel Configuration (click to switch between mono and stereo)	Channel Configuration (click to switch between mono and stereo)
Channel Destinations	Channel Destinations
Channel Functions	Channel Functions
Channel Latency	Channel Latency
Channel Latency Overview	Channel Latency Overview
Channel Messages	Channel Messages
Channel Name	Channel Name
Channel Navigation	Channel Navigation
Channel Number	Channel Number
Channel Overview	Channel Overview
Channel Panner Functions	Channel Panner Functions
Channel Panner: <%s>	Channel Panner: <%s>
Channel Parameters	Channel Parameters
Channel Preset Type	Channel Preset Type
Channel Rotation	Channel Rotation
Channel Selection	Channel Selection
Channel Settings	Channel Settings
Channel Sources	Channel Sources
Channel Strip	Channel Strip
Channel Strip Bypass on/off.\nReset with [CTRL + click].	Channel Strip Bypass on/off.\nReset with [CTRL + click].
Channel Strip Drive Level	Channel Strip Drive Level
Channel Strip Morph Factor	Channel Strip Morph Factor
Channel Strip Size	Channel Strip Size
Channel Type	Channel Type
Channel Visibility Agents	Channel Visibility Agents
Channel Visibility Configuration	Channel Visibility Configuration
Channel Visibility Configurations	Channel Visibility Configurations
Channel Volume	Channel Volume
Channel and Inspector Settings	Channel and Inspector Settings
Channel and Track	Channel and Track
Channel is Linked in Group %d	Channel is Linked in Group %d
Channel settings applied	Channel settings applied
Channel/Category	Channel/Category
Channel: %s	Channel: %s
Channels	Channels
Character	Character
Chase Events	Chase Events
Chase not limited to Part Boundaries	Chase not limited to Part Boundaries
Check Files	Find Missing Files
Check Mark	Check Mark
Check Tempo	Check Tempo
Check User Delay	Check User Delay
Check your naming scheme, as it does not provide unique names for the files.	Check your naming scheme, as it does not provide unique names for the files.
Checked	Checked
Checked Chains ....	Checked Chains ....
Checking Licenses...	Checking Licenses...
Checksum	Checksum
China Cymbal	China Cymbal
Chinese	Chinese
Choose Destination Mode	Choose Destination Mode
Choose Event Color	Choose Event Color
Choose Folder...	Choose Folder...
Choose Function	Choose Function
Choose Location	Choose Location
Choose Metronome Sound	Choose Metronome Sound
Choose Scales to be Used for Suggestions	Choose Scales to be Used for Suggestions
Choose Start Voicing	Choose Start Voicing
Choose Time Signature for Count-In :	Choose Time Signature for Count-In :
Choose Track Color	Choose Track Color
Choose Track Preset	Choose Track Preset
Choose Unique User Name	Choose Unique User Name
Choose a Destination	Choose a Destination
Choose a Location	Choose a Location
Choose a Pitch Extraction Mode	Choose a Pitch Extraction Mode
Choose a Velocity Mode	Choose a Velocity Mode
Choose a Volume Mode	Choose a Volume Mode
Choose a hardware layout	Choose a hardware layout
Choose from existing Playback Techniques	Choose from existing Playback Techniques
Choose location	Choose location
Choose location and filename	Choose location and filename
Choose the Length for the created MIDI Notes	Choose the Length for the created MIDI Notes
Choose the Pitch for created MIDI Notes	Choose the Pitch for created MIDI Notes
Choose the Velocity Value used for Fixed Velocity	Choose the Velocity Value used for Fixed Velocity
Choose this option if the track data does not match the chords displayed on the chord track.	Choose this option if the track data does not match the chords displayed on the chord track.
Choose this option if the track data is already synchronized with the chord track.	Choose this option if the track data is already synchronized with the chord track.
Choose...	Choose...
Choral	Choral
Chord	Chord
Chord & Scale:\nThe pitch matches the current chord and scale. No added tension at all.	Chord & Scale:\nThe pitch matches the current chord and scale. No added tension at all.
Chord Assistant	Chord Assistant
Chord Assistant - Circle of Fifths	Chord Assistant - Circle of Fifths
Chord Assistant - List	Chord Assistant - List
Chord Assistant - Proximity	Chord Assistant - Proximity
Chord Assistant Window	Chord Assistant Window
Chord Data	Chord Data
Chord Editing	Chord Editing
Chord Editing - Add to Chord Track	Chord Editing - Add to Chord Track
Chord Editing - Drop 2	Chord Editing - Drop 2
Chord Editing - Drop 2 + 4	Chord Editing - Drop 2 + 4
Chord Editing - Drop 3	Chord Editing - Drop 3
Chord Editing - Inversions: Move Down	Chord Editing - Inversions: Move Down
Chord Editing - Inversions: Move Up	Chord Editing - Inversions: Move Up
Chord Editing - Match with Chord Track	Chord Editing - Match with Chord Track
Chord Editor	Chord Editor
Chord Event	Chord Event
Chord Font	Chord Font
Chord Input	Chord Input
Chord Lane	Chord Lane
Chord Modifiers	Chord Modifiers
Chord Note Distribution	Chord Note Distribution
Chord Notes	Chord Notes
Chord Pad Output Mode\nOn: Output is sent to all record-enabled or monitored tracks.\nOff: Output is sent exclusively to record-enabled or monitored tracks where Input Routing is set to Chord Pads.	Chord Pad Output Mode\nOn: Output is sent to all record-enabled or monitored tracks.\nOff: Output is sent exclusively to record-enabled or monitored tracks where Input Routing is set to Chord Pads.
Chord Pad Triggers	Chord Pad Triggers
Chord Pads	Chord Pads
Chord Pads  - Open Remote Settings	Chord Pads - Open Remote Settings
Chord Pads - Fewer Tensions	Chord Pads - Fewer Tensions
Chord Pads - Latch Chords On/Off	Chord Pads - Latch Chords On/Off
Chord Pads - More Tensions	Chord Pads - More Tensions
Chord Pads - Next Voicing	Chord Pads - Next Voicing
Chord Pads - Previous Voicing	Chord Pads - Previous Voicing
Chord Pads - Show/Hide Chord Pads	Chord Pads - Show/Hide Chord Pads
Chord Pads - Show/Hide Editor/Assistant	Chord Pads - Show/Hide Editor/Assistant
Chord Pads - Transpose Down	Chord Pads - Transpose Down
Chord Pads - Transpose Up	Chord Pads - Transpose Up
Chord Pads Display Settings	Chord Pads Display Settings
Chord Pads Presets	Chord Pads Presets
Chord Pads Remote Settings	Chord Pads Remote Settings
Chord Pads Step Input	Chord Pads Step Input
Chord Pads Step Input - Move Events	Chord Pads Step Input - Move Events
Chord Symbol	Chord Symbol
Chord Symbols	Chord Symbols
Chord Symbols Preset	Chord Symbols Preset
Chord Tool	Chord Tool
Chord Track	Chord Track
Chord Track - Assign Voices to Notes	Chord Track - Assign Voices to Notes
Chord Track - Chords to MIDI	Chord Track - Chords to MIDI
Chord Track - Create Chord Events	Chord Track - Create Chord Events
Chord Track - Map to Chord Track	Chord Track - Map to Chord Track
Chord Track - Set up Musical Scales...	Chord Track - Set up Musical Scales...
Chord Track Mode:	Chord Track Mode:
Chord Track Options	Chord Track Options
Chord Type	Chord Type
Chord Voicing Style	Chord Voicing Style
Chord and Scale Colors	Chord and Scale Colors
Chord symbols appear either above the staves belonging to specific instruments as defined in Instrument Settings, or above the top staff in the system.	Chord symbols appear either above the staves belonging to specific instruments as defined in Instrument Settings, or above the top staff in the system.
Chord type of selected notes	Chord type of selected notes
Chord: %s	Chord: %s
Chord: undefined	Chord: undefined
Chord:\nThe pitch matches the current chord but is not in the current scale. Unusual - do the current chord and scale match?	Chord:\nThe pitch matches the current chord but is not in the current scale. Unusual - do the current chord and scale match?
Chorder	Chorder
Chords	Chords
Chords & Pitches	Chords & Pitches
Chords & Scales	Chords & Scales
Chords To MIDI	Chords To MIDI
Chords are determined by the specified setting	Chords are determined by the specified setting
Chords to MIDI	Chords to MIDI
Chords with 1 Common Note	Chords with 1 Common Note
Chords with 2 Common Notes	Chords with 2 Common Notes
Chords with 3 Common Notes	Chords with 3 Common Notes
Chromatic	Chromatic
Circle	Circle
Circle X Noteheads	Circle X Noteheads
Circle of Fifths	Circle of Fifths
Circled Noteheads	Circled Noteheads
Circular	Circular
Clash Cymbals	Clash Cymbals
Classic (Helmholtz)	Classic (Helmholtz)
Classic (pure 3/5 equalized)	Classic (pure 3/5 equalized)
Claves	Claves
Clean Up Lanes	Clean Up Lanes
Cleanup	Cleanup
Cleanup %s Project Folders	Cleanup %s Project Folders
Cleanup...	Cleanup...
Clear	Clear
Clear All	Clear All
Clear All Assignments	Clear All Assignments
Clear All Measurements	Clear All Measurements
Clear All Messages	Clear All Messages
Clear Cue Send	Clear Cue Send
Clear EQ Band	Clear EQ Band
Clear Insert	Clear Insert
Clear List	Clear List
Clear Messages	Clear Messages
Clear Pattern	Clear Pattern
Clear Recent Paths	Clear Recent Paths
Clear Search	Clear Search
Clear Search Text	Clear Search Text
Clear Send	Clear Send
Clear Source Profile	Clear Source Profile
Clear all Messages	Clear all Messages
Clear[Key]	Clear
Clef	Clef
Clefs	Clefs
Clefs at Start of Systems Following First System	Clefs at Start of Systems Following First System
Clefs with 8 above or below normally indicate that the instrument playing the music sounds an octave higher (for example, piccolo) or lower (for example, double bass, or tenor voice) than written. More recently, some composers have used these clefs as a substitute for octave lines. This option allows you to choose between the two approaches to octave-transposing clefs.	Clefs with 8 above or below normally indicate that the instrument playing the music sounds an octave higher (for example, piccolo) or lower (for example, double bass, or tenor voice) than written. More recently, some composers have used these clefs as a substitute for octave lines. This option allows you to choose between the two approaches to octave-transposing clefs.
Clefs with Octave Indicators	Clefs with Octave Indicators
Click	Click
Click & Count-in	Click & Count-in
Click & Count-in & Click Pattern	Click & Count-in & Click Pattern
Click 'Add to Queue' to add a job to the export queue.	Click 'Add to Queue' to add a job to the export queue.
Click 'Start' to scan for unreferenced files	Click 'Start' to scan for unreferenced files
Click Destinations	Click Destinations
Click Level	Click Level
Click Options	Click Options
Click Panning	Click Panning
Click Pattern	Click Pattern
Click Pattern Editor	Click Pattern Editor
Click Pattern to Default	Click Pattern to Default
Click Patterns	Click Patterns
Click Sound Presets	Click Sound Presets
Click Sounds	Click Sounds
Click an empty space to enable Placement Mode again. Hold Shift and click another item to select multiple items.	Click an empty space to enable Placement Mode again. Hold Shift and click another item to select multiple items.
Click and drag this cell to move or copy it, or to swap it with another cell.	Click and drag this cell to move or copy it, or to swap it with another cell.
Click and drag this cell to move or copy it, or to swap it with another cell. | Double-click to change the control assignment.	Click and drag this cell to move or copy it, or to swap it with another cell. | Double-click to change the control assignment.
Click and drag this page to move or copy it, or to swap it with another page.	Click and drag this page to move or copy it, or to swap it with another page.
Click during Count-In	Click during Count-In
Click here to open the Audio Connections dialog.	Click here to open the Audio Connections dialog.
Click here to open the Max. Record Time panel.	Click here to open the Max. Record Time panel.
Click here to open the Project Setup dialog.	Click here to open the Project Setup dialog.
Click here to open the Project Synchronisation Setup dialog.	Click here to open the Project Synchronisation Setup dialog.
Click here to open the driver control panel.	Click here to open the driver control panel.
Click in an empty area to reposition the cursor.	Click in an empty area to reposition the cursor.
Click in an empty area to reposition the cursor. Click an item to edit it.	Click in an empty area to reposition the cursor. Click an item to edit it.
Click the 'Assign' Button while Holding Down Modifier Keys	Click the 'Assign' Button while Holding Down Modifier Keys
Click to Bypass Channel Strip	Click to Bypass Channel Strip
Click to Bypass Cue Sends	Click to Bypass Cue Sends
Click to Bypass Equalizers	Click to Bypass Equalizers
Click to Bypass Inserts	Click to Bypass Inserts
Click to Bypass Sends	Click to Bypass Sends
Click to Select Click Sound File	Click to Select Click Sound File
Click to add all parts to the editor.	Click to add all parts to the editor.
Click to enter Key Command	Click to enter Key Command
Click while Playing	Click while Playing
Click while Recording	Click while Recording
Click[Mouse]	Click
Clicking Locator Range in Upper Part of the Ruler Activates Cycle	Clicking Locator Range in Upper Part of the Ruler Activates Cycle
Clicking record again during a recording cleans up and restarts the recording.	Clicking record again during a recording cleans up and restarts the recording.
Clicking record again during a recording stops the current recording.	Clicking record again during a recording stops the current recording.
Clicks	Clicks
Client Mode	Client Mode
Clip	Clip
Clip Detected	Clip Detected
Clip Display Mode	Clip Display Mode
Clip Editing Mode	Clip Editing Mode
Clip Editing Mode:	Clip Editing Mode:
Clip Package...	Clip Package...
Clip Packages	Clip Packages
Clip-Based Zoom	Clip-Based Zoom
Clipping Indicator (Click to Reset)	Clipping Indicator (Click to Reset)
Clock	Clock
Clock Reference	Clock Reference
Clock Source	Clock Source
Close	Close
Close All	Close All
Close All Plug-in Windows	Close All Plug-in Windows
Close Gaps	Close Gaps
Close Gaps (Crossfade)	Close Gaps (Crossfade)
Close Gaps (Time Stretch)	Close Gaps (Time Stretch)
Close Lower Zone	Close Lower Zone
Close MIDI Controller Surface Editor and Open Mapping Assistant	Close MIDI Controller Surface Editor and Open Mapping Assistant
Close Module	Close Module
Close Threshold	Close Threshold
Close Windows	Close Windows
Closing file...	Closing file...
Cloth Type	Cloth Type
Codec	Codec
Collapse All	Collapse All
Collapse All Folders	Collapse All Folders
Collapse All Groups	Collapse All Groups
Collapse Tree	Collapse Tree
Collecting Events	Collecting Events
Collecting Tags...	Collecting Tags...
Collecting missing files...	Collecting missing files...
Color	Color
Color %d	Color %d
Color Indicator	Color Indicator
Color Menu	Color Menu
Color Name	Color Name
Color Name is	Color Name is
Color Selector	Color Selector
Color Set	Color Set
Color Set Options	Color Set Options
Color Setup	Color Setup
Color Space	Color Space
Color Space Management	Color Space Management
Color Strength	Color Strength
Color Tints	Color Tints
Color Tool	Color Tool
Color\nUse mouse wheel here to set current color.\n[Click] an event to colorize it with the current color.\n[ALT + Click] an event to update the current color to the event's color.\n[CTRL + Click] an event to open the Choose Event Color pane.	Color\nUse mouse wheel here to set current color.\n[Click] an event to colorize it with the current color.\n[ALT + Click] an event to update the current color to the event's color.\n[CTRL + Click] an event to open the Choose Event Color pane.
Colorize	Colorize
Colorize (No Selection)	Colorize (No Selection)
Colorize Events	Colorize Events
Colorize Selected Channel	Colorize Selected Channel
Colorize Selected Events...	Colorize Selected Events...
Colorize Selected Tracks...	Colorize Selected Tracks...
Colorize Tracks and MixConsole Channels	Colorize Tracks and MixConsole Channels
Colors	Colors
Colors can't be changed for inactive Projects	Colors can't be changed for inactive Projects
Column	Column
Combination	Combination
Combine Automation of VCA and Connected Channels	Combine Automation of VCA and Connected Channels
Combine Automation of VCA and Linked Channels	Combine Automation of VCA and Linked Channels
Combine Selection Tools	Combine Selection Tools
Combine Selection Tools On/Off	Combine Selection Tools On/Off
Combine VCA Automation of Selected Tracks	Combine VCA Automation of Selected Tracks
Combined Destination & Value	Combined Destination & Value
Combined Label & Setting	Combined Label & Setting
Combined Label & Setting (Compact)	Combined Label & Setting (Compact)
Combined Panner	Combined Panner
Comma	Comma
Command	Command
Command Categories	Command Categories
Command[Key]	Command
Commands	Commands
Comment	Comment
Commit	Commit
Commit Changes	Commit Changes
Commit Failed.	Commit Failed.
Commit changes on this track	Commit changes on this track
Common	Common
Common Notes	Common Notes
Common Practice	Common Practice
Common Record Modes	Common Record Modes
Common Reverb Send	Common Reverb Send
Comp	Comp
Comp Tool	Comp Tool
Compact Disc	Compact Disc
Compact Noteheads	Compact Noteheads
Company	Company
Compares the value of the %s function to the control value, and approaches the two values in a smooth way. As soon as the values are identical, the function follows the control value.	Compares the value of the %s function to the control value, and approaches the two values in a smooth way. As soon as the values are identical, the function follows the control value.
Compatibility	Compatibility
Compatibility notes:	Compatibility notes:
Compatibility with Other Program Versions	Compatibility with Other Program Versions
Complete Signal Path	Complete Signal Path
Complete Signal Path + Master Effects	Complete Signal Path + Master Effects
Complete Signal Path Including Groups and Sends	Complete Signal Path Including Groups and Sends
Complete Signal Path Including Groups and Sends, and Master FX	Complete Signal Path Including Groups and Sends, and Master FX
Completing Direct Offline Processing...	Completing Direct Offline Processing...
Composer	Composer
Compress/Expand	Compress/Expand
Compression Factor	Compression Factor
Compression Level	Compression Level
Compressor	Compressor
Compute DC Offset	Compute DC Offset
Compute Quick Loudness Analysis	Compute Quick Loudness Analysis
Compute Scales	Compute Scales
Computer Keyboard Input	Computer Keyboard Input
Computer Keyboard Input (Suspended)	Computer Keyboard Input (Suspended)
Computer Keyboard Input On/Off	Computer Keyboard Input On/Off
Concert	Concert
Concert Pitch	Concert Pitch
Condition	Condition
Config	Config
Configuration	Configuration
Configuration data request failed.	Configuration data request failed.
Configuration: 	Configuration: 
Configurations	Configurations
Configure Defined Attributes	Configure Defined Attributes
Configure Loudness Settings	Configure Loudness Settings
Configure Meter Settings	Configure Meter Settings
Configure the total number of cells per page based on the hardware layout	Configure the total number of cells per page based on the hardware layout
Configure voicing parameters	Configure voicing parameters
Conflicts	Conflicts
Conga	Conga
Conga (Quinto)	Conga (Quinto)
Conga (Requinto)	Conga (Requinto)
Conga (Super Tumba)	Conga (Super Tumba)
Conga (Tumba)	Conga (Tumba)
Connect External Effect	Connect External Effect
Connect External Instrument	Connect External Instrument
Connect Input	Connect Input
Connect Output	Connect Output
Connect Sends automatically for each newly created Channel	Connect Sends Automatically for Each Newly Created Channel
Connect to Bus	Connect to Bus
Connected	Connected
Connected to MIDI Track	Connected to MIDI Track
Connecting Control Room	Connecting Control Room
Connecting Media...	Connecting Media...
Connection Terminated	Connection Terminated
Consolidate	Consolidate
Consolidate Events	Consolidate Events
Consolidate Note Expression Overlaps	Consolidate Note Expression Overlaps
Constrain Delay Compensation	Constrain Delay Compensation
Constrain Direction	Constrain Direction
Constraint Direction	Constraint Direction
Contact	Contact
Container Type	Container Type
Container Type is	Container Type is
Contains	Contains
Contains Not	Contains Not
Content Packs	Content Packs
Content Summary	Content Summary
Context Variable	Context Variable
Continuation	Continuation
Continue	Continue
Continue Writing on Transport Jump	Continue Writing on Transport Jump
Control %d	Control %d
Control Change	Control Change
Control Change (14 Bit)	Control Change (14 Bit)
Control Change (NRPN)	Control Change (NRPN)
Control Change 14 Bit	Control Change 14 Bit
Control Link: Edit Control Link Settings	Control Link: Edit Control Link Settings
Control Link: Next Control Link Group	Control Link: Next Control Link Group
Control Link: Previous Control Link Group	Control Link: Previous Control Link Group
Control Name	Control Name
Control No.	Control No.
Control Panel	Control Panel
Control Parameter Assignment	Control Parameter Assignment
Control Playback Speed	Control Playback Speed
Control Room	Control Room
Control Room Configuration	Control Room Configuration
Control Room Configuration (linked to Main Mix)	Control Room Configuration (linked to Main Mix)
Control Room Cue Channels	Control Room Cue Channels
Control Room Level	Control Room Level
Control Room is disabled	Control Room is disabled
Control Settings	Control Settings
Control Type	Control Type
Control Value (14Bit)	Control Value (14Bit)
Control Value (7Bit)	Control Value (7Bit)
Controller	Controller
Controller Brightness	Controller Brightness
Controller Catch Range	Controller Catch Range
Controller Lane Setup	Controller Lane Setup
Controller Lane Setup 1	Controller Lane Setup 1
Controller Lane Setup 10	Controller Lane Setup 10
Controller Lane Setup 11	Controller Lane Setup 11
Controller Lane Setup 12	Controller Lane Setup 12
Controller Lane Setup 13	Controller Lane Setup 13
Controller Lane Setup 14	Controller Lane Setup 14
Controller Lane Setup 15	Controller Lane Setup 15
Controller Lane Setup 16	Controller Lane Setup 16
Controller Lane Setup 2	Controller Lane Setup 2
Controller Lane Setup 3	Controller Lane Setup 3
Controller Lane Setup 4	Controller Lane Setup 4
Controller Lane Setup 5	Controller Lane Setup 5
Controller Lane Setup 6	Controller Lane Setup 6
Controller Lane Setup 7	Controller Lane Setup 7
Controller Lane Setup 8	Controller Lane Setup 8
Controller Lane Setup 9	Controller Lane Setup 9
Controller Lanes	Controller Lanes
Controller Name	Controller Name
Controller Number	Controller Number
Controller Script Disabled	Controller Script Disabled
Controller Selection and Functions	Controller Selection and Functions
Controller and Event Types	Controller and Event Types
Controller/Expression Maps	Controller/Expression Maps
Controllers	Controllers
Controls	Controls
Controls Area Preview	Controls Area Preview
Controls Area Width	Controls Area Width
Conversion Settings	Conversion Settings
Conversion failed!	Conversion failed!
Convert	Convert
Convert Channels	Convert Channels
Convert Channels...	Convert Channels...
Convert Files...	Convert Files...
Convert Hitpoints to MIDI Notes	Convert Hitpoints to MIDI Notes
Convert MIDI to Articulations	Convert MIDI to Articulations
Convert Options	Convert Options
Convert Pattern Event	Convert Pattern Event
Convert Pattern Event to MIDI Part	Convert Pattern Event to MIDI Part
Convert Program List To VST Presets	Convert Program List To VST Presets
Convert RPN/NRPN to single Events	Convert RPN/NRPN to single Events
Convert Sample Rate	Convert Sample Rate
Convert Tracks	Convert Tracks
Convert Tracks: Mono to Multi-Channel	Convert Tracks: Mono to Multi-Channel
Convert Tracks: Multi-Channel to Mono	Convert Tracks: Multi-Channel to Mono
Convert VST 3	Convert VST 3
Convert XML Presets To VST Presets	Convert XML Presets To VST Presets
Convert Z-Axis Pan Automation To 2-Layer	Convert Z-Axis Pan Automation To 2-Layer
Convert Z-Axis Pan Automation To 3-Layer	Convert Z-Axis Pan Automation To 3-Layer
Convert Z-Axis Pan Automation of Selected Tracks	Convert Z-Axis Pan Automation of Selected Tracks
Convert audio files to new rate?	Convert audio files to new rate?
Convert error - Please try to use different settings.	Convert error - Please try to use different settings.
Convert to Instrument Track	Convert to Instrument Track
Convert to Note Expression	Convert to Note Expression
Convert to Project Settings and Copy to Project Folder If Needed	Convert to Project Settings and Copy to Project Folder If Needed
Convert to Project Settings:	Convert to Project Settings:
Convert to Real Copy	Convert to Real Copy
Converter	Convert Files
Converting arrangement...	Converting arrangement...
Converting automation data may invalidate existing 'Z-Axis Pan' automation. Do you want to convert it anyway?	Converting automation data may invalidate existing 'Z-Axis Pan' automation. Do you want to convert it anyway?
Converting composition...	Converting composition...
Converting composition: 	Converting composition: 
Converting file...	Converting file...
Converting file: 	Converting file: 
Converting files...	Converting files...
Converting media...	Converting media...
Copied Files	Copied Files
Copies of the selected video files with replaced audio are created.	Copies of the selected video files with replaced audio are created.
Copy	Copy
Copy %s Setting	Copy %s Setting
Copy A<->B Setting	Copy A<->B Setting
Copy All Files to Project Folder	Copy All Files to Project Folder
Copy Arranger Events	Copy Arranger Events
Copy Automation of All Tracks (Locator Range)	Copy Automation of All Tracks (Locator Range)
Copy Automation of Selected Parameters (Locator Range)	Copy Automation of Selected Parameters (Locator Range)
Copy Automation of Selected Tracks (Locator Range)	Copy Automation of Selected Tracks (Locator Range)
Copy Cell	Copy Cell
Copy Channel Settings	Copy Channel Settings
Copy Click Pattern to Clipboard	Copy Click Pattern to Clipboard
Copy Collection	Copy Collection
Copy Color	Copy Color
Copy Cue Send	Copy Cue Send
Copy Current Collection	Copy Current Collection
Copy EQ Band	Copy EQ Band
Copy End	Copy End
Copy File to Project Folder	Copy File to Project Folder
Copy Files	Copy Files
Copy First Selected Channel's Settings	Copy First Selected Channel's Settings
Copy Insert	Copy Insert
Copy Layout from: 	Copy Layout from: 
Copy Media	Copy Media
Copy Media Files	Copy Media Files
Copy Page	Copy Page
Copy Pattern	Copy Pattern
Copy Send	Copy Send
Copy Start	Copy Start
Copy Steps to Lane	Copy Steps to Lane
Copy To Clipboard	Copy To Clipboard
Copy Warp Markers from Selected Event	Copy Warp Markers from Selected Event
Copy of 	Copy of 
Copy to Active Project Folder	Copy to Active Project Folder
Copy to Clipboard	Copy to Clipboard
Copying File: 	Copying File: 
Copying Resource Fork: 	Copying Resource Fork: 
Copying file...	Copying file...
Copying files ...	Copying files ...
Copying files to clipboard	Copying files to clipboard
Copyright	Copyright
Copy{{Noun}}	Copy
Core Version	Core Version
Correct Pitch	Correct Pitch
Correct Segment End	Correct Segment End
Correct Segment Start	Correct Segment Start
Could not connect to CoreMIDI. You should restart your System.	Could not connect to CoreMIDI. You should restart your System.
Could not connect to specified URL!	Could not connect to specified URL!
Could not convert event (Master mob contains no valid media).	Could not convert event (Master mob contains no valid media).
Could not copy the audio data into the Clip Package!	Could not copy the audio data into the Clip Package!
Could not create Clip Packages directory!	Could not create Clip Packages directory!
Could not create OMF file...	Could not create OMF file...
Could not create audio directory!	Could not create audio directory!
Could not create file	Could not create file
Could not create file.\n%s	Could not create file.\n%s
Could not create link for:\n	Could not create link for:\n
Could not create project directory!	Could not create project directory!
Could not create record file!	Could not create record file!
Could not create the Clip Package!	Could not create the Clip Package!
Could not create the Clip Packages folder inside the project folder.	Could not create the Clip Packages folder inside the project folder.
Could not create the output file.	Could not create the output file.
Could not export	Could not export
Could not extract audio stream %d of file 	Could not extract audio stream %d of file 
Could not find Acrobat Reader. Help cannot be displayed.	Could not find Acrobat Reader. Help cannot be displayed.
Could not find the manual !\n	Could not find the manual !\n
Could not import all resources!	Could not import all resources!
Could not import all tracks! The data is corrupted.	Could not import all tracks! The data is corrupted.
Could not import the Clip Package! The data is corrupt.	Could not import the Clip Package! The data is corrupted.
Could not interpret the CSV file.	Could not interpret the CSV file.
Could not interpret the CSV file. Maybe the file is in the wrong CSV format?\nPlease check the separator setting.\nAn error was found near this position:\n\n	Could not interpret the CSV file. Maybe the file is in the wrong CSV format?\nPlease check the separator setting.\nAn error was found near this position:\n\n
Could not interpret the CSV file. Please check your separator settings.\nAn error was found near this position:\n\n	Could not interpret the CSV file. Please check your separator settings.\nAn error was found near this position:\n\n
Could not join project.	Could not join project.
Could not load GUI Resources!\n	Could not load GUI Resources!\n
Could not mount database.	Could not mount database.
Could not open URL	Could not open URL
Could not open file	Could not open file
Could not open the Clip Package!	Could not open the Clip Package!
Could not open the file for reading.\nIs the file already opened by another program?	Could not open the file for reading.\nIs the file already opened by another program?
Could not read OMF file!	Could not read OMF file!
Could not read keycommands	Could not read keycommands
Could not read timecode in the following row:\n\n	Could not read timecode in the following row:\n\n
Could not read timecode in the following rows:\n\n	Could not read timecode in the following rows:\n\n
Could not reconnect project to existing network files - unsharing project.	Could not reconnect project to existing network files - unsharing project.
Could not rename the file!	Could not rename the file!
Could not save skin file!	Could not save skin file!
Could not share project.	Could not share project.
Could not start Http Server on TCP Port %d.	Could not start Http Server on TCP Port %d.
Could not unmount database.	Could not unmount database.
Count	Count
Count Change	Count Change
Count-In	Count-In
Count-In Click Count	Count-In Click Count
Counter	Counter
Cowbell (High)	Cowbell (High)
Cowbell (Low)	Cowbell (Low)
Crash Cymbal (High)	Crash Cymbal (High)
Crash Cymbal (Low)	Crash Cymbal (Low)
Create	Create
Create Audio Images During Record	Create Audio Images during Record
Create Audio Slices	Create Audio Slices
Create Audio Slices for 	Create Audio Slices for 
Create Audio Slices from Hitpoints	Create Audio Slices from Hitpoints
Create Audio Track	Create Audio Track
Create Bank	Create Bank
Create Chain	Create Chain
Create Chord Events	Create Chord Events
Create Chord Events from Audio	Create Chord Events from Audio
Create Controller Lane	Create Controller Lane
Create Crossfade...	Create Crossfade...
Create Custom MIDI Controller Surface	Create Custom MIDI Controller Surface
Create Device	Create Device
Create Drum Map from Instrument	Create Drum Map from Instrument
Create Drum Track	Create Drum Track
Create Empty	Create Empty
Create Event	Create Event
Create Folder	Create Folder
Create Groove Quantize Preset	Create Groove Quantize Preset
Create Groove Quantize Preset from Hitpoints	Create Groove Quantize Preset from Hitpoints
Create Groove Quantize from Hitpoints	Create Groove Quantize from Hitpoints
Create Group	Create Group
Create Initial Parameter Events	Create Initial Parameter Events
Create Label Field	Create Label Field
Create Lanes from Versions	Create Lanes from Versions
Create Link Group	Create Link Group
Create MIDI Controller Surface	Create MIDI Controller Surface
Create MIDI Notes from Hitpoints	Create MIDI Notes from Hitpoints
Create MIDI track when loading VSTi	Create MIDI Track when Loading VSTi
Create Markers from Hitpoints	Create Markers from Hitpoints
Create Multiple	Create Multiple
Create New	Create New
Create New Arranger Chain	Create New Arranger Chain
Create New Chain	Create New Chain
Create New Drum Track	Create New Drum Track
Create New Folder	Create New Folder
Create New MIDI Device	Create New MIDI Device
Create New Project	Create New Project
Create New Sampler Track	Create New Sampler Track
Create New Track and Insert at Left Locator	Create New Track and Insert at Left Locator
Create New Version	Create New Version
Create Node...	Create Node...
Create One Shot	Create One Shot
Create Project Preview	Create Project Preview
Create Regions	Create Regions
Create Regions from Hitpoints	Create Regions from Hitpoints
Create Sampler Track	Create Sampler Track
Create Separator	Create Separator
Create Subfolder for Artist	Create Subfolder for Artist
Create SysEx	Create SysEx
Create Track	Create Track
Create Tracks from Lanes	Create Tracks from Lanes
Create Unique File Name	Create Unique File Name
Create Unique Name	Create Unique Name
Create VCA Channel	Create VCA Channel
Create VCA Channel for Link Group "%s"	Create VCA Channel for Link Group "%s"
Create Variation	Create Variation
Create Versions from Lanes	Create Versions from Lanes
Create Visibility Configuration	Create Visibility Configuration
Create Volume Database	Create Volume Database
Create Warp Tabs	Create Warp Markers
Create Warp Tabs from Hitpoints	Create Warp Markers from Hitpoints
Create a New Track Version	Create a New Track Version
Create new Project ?	Create new Project ?
Create new Project for "%s"?	Create new Project for "%s"?
Create new empty Track Version and assign common version ID	Create new empty Track Version and assign common version ID
Create new folder	Create new folder
Create new parts for each recording. Do not modify existing parts.	Create new parts for each recording. Do not modify existing parts.
Create new parts, but remove any existing parts in the record range.	Create new parts, but remove any existing parts in the record range.
Create part using regions?	Create part using regions?
Create when Closing Projects	Create when Closing Projects
Created By	Created By
Creates Warp Tabs at Hitpoints	Creates Warp Markers at Hitpoints
Creates a single audio file from multiple selected tracks, events/parts from different tracks or from instrument/MIDI tracks with multiple outputs.	Creates a single audio file from multiple selected tracks, events/parts from different tracks or from instrument/MIDI tracks with multiple outputs.
Creates new audio events for any recording or cycle.	Creates new audio events for any recording or cycle.
Creating ContentPack (unprotected, no compression)...	Creating ContentPack (unprotected, no compression)...
Creating ContentPack (with compression)...	Creating ContentPack (with compression)...
Creating ContentPack (with encryption)...	Creating ContentPack (with encryption)...
Creating OMF file...	Creating OMF file...
Creating OpenTL file...	Creating OpenTL file...
Creating Project Preview	Creating Project Preview
Creating Render Files Directory...	Creating Render Files Directory...
Creating Tracks...	Creating Tracks...
Creating backup file	Creating backup file
Creating mixdown...	Creating mixdown...
Creating new audio stream in video file	Creating new audio stream in video file
Credits and Copyrights	Credits and Copyrights
Crescendo	Crescendo
Crop	Crop
Crop Range	Crop Range
Cross Hair Cursor	Cross-Hair Cursor
Cross Staff	Cross Staff
Cross Staff: Cross to Staff Above	Cross Staff: Cross to Staff Above
Cross Staff: Cross to Staff Below	Cross Staff: Cross to Staff Below
Cross Staff: Move to Staff Above	Cross Staff: Move to Staff Above
Cross Staff: Move to Staff Below	Cross Staff: Move to Staff Below
Cross Staff: Reset to Original Staff	Cross Staff: Reset to Original Staff
Cross to Staff Above	Cross to Staff Above
Cross to Staff Below	Cross to Staff Below
Cross-Over	Cross-Over
Crosses	Crosses
Crossfade	Crossfade
Crossfade Editor	Crossfade Editor
Crossfade: 	Crossfade: 
Crossfade[QP]	Crossfade
Crossfades	Crossfades
Ctrl-Houston	Ctrl-Houston
Ctrl-JLCooper	Ctrl-JLCooper
Ctrl-NRPN	Ctrl-NRPN
Ctrl-RPN	Ctrl-RPN
Ctrl[Key]	Ctrl
Cu\u00EDca (High)	Cu\u00EDca (High)
Cu\u00EDca (Low)	Cu\u00EDca (Low)
Cubase 10, Nuendo 10, or Older	Cubase 10, Nuendo 10, or Older
Cubase 11/12, Nuendo 11/12	Cubase 11/12, Nuendo 11/12
Cubase 13, Nuendo 13, or Newer	Cubase 13, Nuendo 13, or Newer
Cubase Project File	Cubase Project File
Cue	Cue
Cue %d	Cue %d
Cue 1	Cue 1
Cue 2	Cue 2
Cue 3	Cue 3
Cue 4	Cue 4
Cue Level	Cue Level
Cue Send on/off	Cue Send on/off
Cue Sends	Cue Sends
Cue Sends Bypass on/off.\nReset with [CTRL + click].	Cue Sends Bypass on/off.\nReset with [CTRL + click].
Cues  (Post-Fader)	Cues  (Post-Fader)
Cues (Post-Fader)	Cues (Post-Fader)
Cues (Pre-Fader)	Cues (Pre-Fader)
Current Arranger Chain	Current Arranger Chain
Current Chain	Current Chain
Current Chord Display	Current Chord Display
Current Clip Packages	Current Clip Packages
Current Color	Current Color
Current Item	Current Item
Current Keys	Current Keys
Current MIDI Loops	Current MIDI Loops
Current Page	Current Page
Current Pitch	Current Pitch
Current Presets	Current Presets
Current Project	Current Project
Current Quick Control Focus	Current Quick Control Focus
Current Raster Setting	Current Raster Setting
Current Recording	Current Recording
Current Repeat	Current Repeat
Current Scale	Current Scale
Current Scale:	Current Scale:
Current Segment Pitch	Current Segment Pitch
Current Step: Copying the Audio Data into the Clip Package	Current Step: Copying the Audio Data into the Clip Package
Current Step: Create Audio Mixdown of the Clip Package for Preview	Current Step: Create Audio Mixdown of the Clip Package for Preview
Current Step: Packing the content of the Clip Package	Current Step: Packing the content of the Clip Package
Current Tempo	Current Tempo
Current Time Stretch Factor	Current Time Stretch Factor
Currently Selected Parameter	Currently Selected Parameter
Currently assigned parameter	Currently assigned parameter
Currently used in the following sound slots:\n%s	Currently used in the following sound slots:\n%s
Cursor	Cursor
Cursor Position	Cursor Position
Curve	Curve
Curve Shape	Curve Shape
Curve Type	Curve Type
Curve Type: Damped Spline Interpolation	Curve Type: Damped Spline Interpolation
Curve Type: Linear Interpolation	Curve Type: Linear Interpolation
Curve Type: Spline Interpolation	Curve Type: Spline Interpolation
Custom	Custom
Custom Articulations	Custom Articulations
Custom Assignment	Custom Assignment
Custom Chord Symbols	Custom Chord Symbols
Custom Colors	Custom Colors
Custom Section Player Settings	Custom Section Player Settings
Custom Size	Custom Size
Custom Time Signature	Custom Time Signature
Custom Voicing	Custom Voicing
Custom Voicing...	Custom Voicing...
Custom Warp Settings	Custom Warp Settings
Custom Zoom Level	Custom Zoom Level
Custom Zoom...	Custom Zoom...
Custom...	Custom...
Customize Toolbar	Customize Toolbar
Customized	Customized
Customized Key Commands	Customized Key Commands
Cut	Cut
Cut Head	Cut Head
Cut Tail	Cut Tail
Cut Time	Cut Time
Cutflag	Cutflag
Cycle	Cycle
Cycle Chord Diagram	Cycle Chord Diagram
Cycle Follows Range Selection	Cycle Follows Range Selection
Cycle Follows When Locating to Markers	Cycle Follows When Locating to Markers
Cycle History + Replace	Cycle History + Replace
Cycle History + Replace[RM]	Cycle History + Replace
Cycle Marker	Cycle Marker
Cycle Marker ID	Cycle Marker ID
Cycle Marker Name	Cycle Marker Name
Cycle Markers	Cycle Markers
Cycle Menu	Cycle Menu
Cycle Region	Cycle Region
Cycled MIDI Recording Only	Cycled MIDI Recording Only
DC Offset	DC Offset
DEPRECATED	DEPRECATED
DIN	DIN
DRY	DRY
Dark	Dark
Dark Blue	Dark Blue
Dark Green	Dark Green
Dark Magenta	Dark Magenta
Dark Mode	Dark Mode
Dark Orange	Dark Orange
Dark Red	Dark Red
Dark Yellow	Dark Yellow
Data 1	Data 1
Data 2	Data 2
Data 3	Data 3
Data Entry	Data Entry
Data Transfer failed.\nTo avoid data loss, the data will remain in source database.\n	Data Transfer failed.\nTo avoid data loss, the data will remain in source database.\n
Database Name	Database Name
Database creation failed because the target is write protected.\n	Database creation failed because the target is write protected.\n
Database creation failed.	Database creation failed.
Database removal failed because the data could not be transferred.	Database removal failed because the data could not be transferred.
Database removal failed because the database file is write protected.\n	Database removal failed because the database file is write protected.\n
Date	Date
Date + Time	Date + Time
Date / Time	Date / Time
Date Created	Date Created
Date Modified	Date Modified
Date:	Date:
Db	Db
Deactivate	Deactivate
Deactivate %s	Deactivate %s
Deactivate Additional Outputs	Deactivate Additional Outputs
Deactivate All Listen States	Deactivate All Listen States
Deactivate All Mute States	Deactivate All Mute States
Deactivate All Solo	Deactivate All Solo
Deactivate All Solo States	Deactivate All Solo States
Deactivate Cue Send	Deactivate Cue Send
Deactivate Cue Sends	Deactivate Cue Sends
Deactivate Cycle	Deactivate Cycle
Deactivate EQ	Deactivate EQ
Deactivate EQ Band %d	Deactivate EQ Band %d
Deactivate External MIDI Inputs	Deactivate External MIDI Inputs
Deactivate Filter	Deactivate Filter
Deactivate Folder Group Track	Deactivate Folder Group Track
Deactivate High-Cut	Deactivate High-Cut
Deactivate Low-Cut	Deactivate Low-Cut
Deactivate Punch In on Stop	Deactivate Punch In on Stop
Deactivate Quick Controls	Deactivate Quick Controls
Deactivate Send	Deactivate Send
Deactivate all third party plug-ins	Deactivate all third party plug-ins
Deactivated: %s	Deactivated: %s
Deactivated: Cycle follows when locating to Markers	Deactivated: Cycle follows when locating to Markers
Decimal	Decimal
Decrease Window Size	Decrease Window Size
Decrease the detected tempo to half tempo	Decrease the detected tempo to half tempo
Decreasing Stepwise	Decreasing Stepwise
Decreasing Stepwise (cycle)	Decreasing Stepwise (cycle)
Decrement	Decrement
Decrement Event Volume	Decrement Event Volume
Decrement Fade In Length	Decrement Fade-In Length
Decrement Fade Out Length	Decrement Fade-Out Length
Decrement Volume in dB	Decrement Volume in dB
Deep Track Folding	Deep Track Folding
Default	Default
Default Author Name	Default Author Name
Default Channel Position	Default Channel Position
Default Color	Default Color
Default Color Schemes	Default Color Schemes
Default Company Name	Default Company Name
Default Items	Default Items
Default MIDI Editor	Default MIDI Editor
Default Name	Default Name
Default Noteheads	Default Noteheads
Default Paper Size Type	Default Paper Size Type
Default Permissions	Default Permissions
Default Preset	Default Preset
Default Send Level	Default Send Level
Default Slot	Default Slot
Default Space for 1/4 Note	Default Space for 1/4 Note
Default Stereo Panner Mode	Default Stereo Panner Mode
Default Text Font	Default Text Font
Default Track Name Width	Default Track Name Width
Default Track Time Type	Default Track Time Type
Default Warping Algorithm	Default Warping Algorithm
Defaults	Defaults
Defaults successfully loaded	Defaults successfully loaded
Defaults successfully saved	Defaults successfully saved
Define Bars	Define Bars
Define New...	Define New...
Define Stereo as Dual Mono	Define Stereo as Dual Mono
Define User Attributes...	Define User Attributes...
Define chord by text input and add new chord with [Tab]	Define chord by text input and add new chord with [Tab]
Define via text input	Define via text input
Defined	Defined
Defined Tempo of Audio File	Defined Tempo of Audio File
Defined Time Signature of Audio File	Defined Time Signature of Audio File
Defines how CC automation and part data are combined	Defines how CC automation and part data are combined
Defines what happens AFTER a linear or cycled recording...	Defines what happens AFTER a linear or cycled recording...
Defines what happens DURING cycle recording...	Defines what happens DURING cycle recording...
Defines which hitpoint positions are used for creating Warp Tabs	Defines which hitpoint positions are used for creating warp markers
Defines which hitpoint positions are used for slicing	Defines which hitpoint positions are used for slicing
Definition	Definition
Definitions	Definitions
Del[Key]	Del.
Delay	Delay
Delay Compensation Constrained	Delay Compensation Constrained
Delay Compensation Threshold (for Recording)	Delay Compensation Threshold (for Recording)
Delay in ms	Delay in ms
Delete	Delete
Delete All	Delete All
Delete All Automation in Project	Delete All Automation in Project
Delete Automation Spikes	Delete Automation Spikes
Delete Automation Spikes of Selected Tracks	Delete Automation Spikes of Selected Tracks
Delete Automation in Range	Delete Automation in Range
Delete Automation of Selected Tracks	Delete Automation of Selected Tracks
Delete Bars	Delete Bars
Delete Collection	Delete Collection
Delete Configuration	Delete Configuration
Delete Continuous Controllers	Delete Continuous Controllers
Delete Controllers	Delete Controllers
Delete Doubles	Delete Doubles
Delete Files	Delete Files
Delete Freeze Files	Delete Freeze Files
Delete Inactive Versions of All Tracks	Delete Inactive Versions of All Tracks
Delete Inactive Versions of Selected Tracks	Delete Inactive Versions of Selected Tracks
Delete Log Entry from List	Delete Log Entry from List
Delete Macro	Delete Macro
Delete Mapping	Delete Mapping
Delete Note	Delete Note
Delete Notes	Delete Notes
Delete Notes...	Delete Notes...
Delete Overlaps	Delete Overlaps
Delete Overlaps (mono)	Delete Overlaps (mono)
Delete Overlaps (poly)	Delete Overlaps (poly)
Delete Page	Delete Page
Delete Path	Delete Path
Delete Pattern	Delete Pattern
Delete Scheme	Delete Scheme
Delete Script - Only Scripts located in Local Folder can be deleted	Delete Script - Only Scripts located in Local Folder can be deleted
Delete Segments	Delete Segments
Delete Selected Player	Delete Selected Player
Delete Selected Snapshot	Delete Selected Snapshot
Delete Source Tracks	Delete Source Tracks
Delete Step Backward	Delete Step Backward
Delete String	Delete String
Delete Tempo Events	Delete Tempo Events
Delete Time	Delete Time
Delete Tool	Erase Tool
Delete Unused Audio Files	Delete Unused Audio Files
Delete User from Permission List	Delete User from Permission List
Delete Version	Delete Version
Delete Warp Tab	Delete Warp Marker
Delete Warp Tabs	Delete Warp Markers
Delete active Track Version	Delete active Track Version
Delete all events matching the filter conditions	Delete all events matching the filter conditions
Delete from Disk	Delete from Disk
Delete later events	Delete later events
Delete overlaps, Close Gaps and Crossfade...	Delete overlaps, Close Gaps and Crossfade...
Delete program preferences	Delete program preferences
Delete selected Permission Preset	Delete selected Permission Preset
Delete selected profile	Delete selected profile
Deleted %i inactive versions (of %i tracks)	Deleted %i inactive versions (of %i tracks)
Deleting Files...	Deleting Files...
Denoise Required	Denoise Required
Denominator	Denominator
Density	Density
Depth Focus	Depth Focus
Description	Description
Description of the Articulation	Description of the Articulation
Description:	Description:
Deselect	Deselect
Deselect All	Deselect All
Deselect All Source Tracks	Deselect All Source Tracks
Deselect Events matching Filter Condition	Deselect Events matching Filter Condition
Deselect Events matching Filter Conditions	Deselect Events matching Filter Conditions
Deselect and keep current Track Version active	Deselect and keep current Track Version active
Design	Design
Destination	Destination
Destination Folder:	Destination Folder:
Destination Format	Destination Format
Destination Parameter before Modulation	Destination Parameter before Modulation
Destination Path is invalid for copying or consolidation	Destination Path is invalid for copying or consolidation
Destination Track	Destination Track
Destination track already contains chord events.	Destination track already contains chord events.
Destinations	Destinations
Detail search	Detail search
Details	Details
Detect Arpeggios	Detect Arpeggios
Detect Silence	Detect Silence
Detect Silence (with Current Settings)	Detect Silence (with Current Settings)
Detected	Detected
Detecting Note Segments...	Detecting Note Segments...
Detection	Detection
Determines how far before the actual hitpoint position the audio event is sliced	Determines how far before the actual hitpoint position the audio event is sliced
Device	Device
Device %d	Device %d
Device Bank	Device Bank
Device Browser	Device Browser
Device ID	Device ID
Device Node	Device Node
Device Online	Device Online
Device Panel	Device Panel
Device Panels	Device Panels
Device Port	Device Port
Device Setup...	Device Setup...
Device failed to open!	Device failed to open!
Devices	Devices
Devices (Studio)	Devices (Studio)
Dial: Destination Parameter before Modulation\nInner Indicator: Modulation\nOuter Indicator: Modulation Depth	Dial: Destination Parameter before Modulation\nInner Indicator: Modulation\nOuter Indicator: Modulation Depth
Dialog Search	Dialog Search
Dialogue	Dialogue
Dialogue Spotting	Dialogue Spotting
Dialogue Translation 1	Dialogue Translation 1
Dialogue Translation 2	Dialogue Translation 2
Dialogue-Gated Measurement	Dialogue-Gated Measurement
Dialogue-gated loudness measurement according to ITU-R BS.1770	Dialogue-gated loudness measurement according to ITU-R BS.1770
Dialogue-gated loudness measurement if at least 15% speech is detected	Dialogue-gated loudness measurement if at least 15% speech is detected
Diamond Noteheads	Diamond Noteheads
Diamonds	Diamonds
Diff.	Diff.
Difference	Difference
Different	Different
Different Mapping Types selected	Different Mapping Types selected
Different tracks	Different tracks
Digital	Digital
Digits	Digits
Dim Active	Dim Active
Dim Cue during Talkback	Dim Cue during Talkback
Dim Signal	Dim Signal
Dim. Fifth	Dim. Fifth
Diminished	Diminished
Direct Monitoring	Direct Monitoring
Direct Offline Processing	Direct Offline Processing
Direct Offline Processing - Multiselection:	Direct Offline Processing - Multiselection:
Direct Offline Processing:	Direct Offline Processing:
Direct Offline Processing: No Event selected	Direct Offline Processing: No Event selected
Direct Routing	Direct Routing
Direct Routing (Summing)	Direct Routing (Summing)
Direct Routing Bypass on/off.\nReset with [CTRL + click].	Direct Routing Bypass on/off.\nReset with [CTRL + click].
Direct Routing: Summing Mode On	Direct Routing: Summing Mode On
Direct Routing: Summing Mode On/Off	Direct Routing: Summing Mode On/Off
DirectMusic is not installed!	DirectMusic is not installed!
Direction [direction of a stem]	Direction
Direction [musical performance direction]	Direction
Direction of reanalysis when using the Time Warp tool - from corrected position to the left	Direction of reanalysis when using the Time Warp tool - from corrected position to the left
Direction of reanalysis when using the Time Warp tool - from corrected position to the right	Direction of reanalysis when using the Time Warp tool - from corrected position to the right
Director	Director
Directory	Directory
Disable	Disable
Disable 'Acoustic Feedback' during Playback	Disable 'Acoustic Feedback' during Playback
Disable Control Room	Disable Control Room
Disable Controller Script	Disable Controller Script
Disable Cue Sends	Disable Cue Sends
Disable Group Channel	Disable Group Channel
Disable Hitpoint	Disable Hitpoint
Disable Hitpoints	Disable Hitpoints
Disable Instrument	Disable Instrument
Disable Selected Tracks	Disable Selected Tracks
Disable Snapping	Disable Snapping
Disable Source Tracks	Disable Source Tracks
Disable all Talkbacks	Disable all Talkbacks
Disable in Scrollable Areas	Disable in Scrollable Areas
Disable program preferences	Disable program preferences
Disable/Enable Track	Disable/Enable Track
Disabled	Disabled
Disabled (DRY)	Disabled (DRY)
Disables hardware acceleration for video encoding.	Disables hardware acceleration for video encoding.
Disarm All Audio Tracks	Deactivate Record Enable for All Audio Tracks
Discard	Discard
Discard Changes	Discard Changes
Discard all changes to "%s"?	Discard all changes to "%s"?
Discard all events matching the filter conditions	Discard all events matching the filter conditions
Disconnect All Channels	Disconnect All Channels
Disconnect all Projects?	Disconnect all Projects?
Disconnected	Disconnected
Disk Cache Load	Disk Cache Load
Disk Cache Load\nClick to Show Audio Performance Panel	Disk Cache Load\nClick to Show Audio Performance Panel
Disk Cache Overload\nClick to Reset Display	Disk Cache Overload\nClick to Reset Display
Disk Full	Disk Full
Disk Load	Disk Load
Disk Overload	Disk Overload
Disk Preload	Disk Preload
Disk Space	Disk Space
Disk is full	Disk is full
Diskspace used: 	Diskspace used: 
Display 'B' as 'H'	Display 'B' as 'H'
Display 'Bb' as 'B'	Display 'Bb' as 'B'
Display Color	Display Color
Display Height	Display Height
Display Mode	Display Mode
Display Name	Display Name
Display Note	Display Note
Display Options	Display Options
Display Quantization	Display Quantization
Display Quantize	Display Quantize
Display Transpose	Display Transpose
Display Warning before Deleting Non-Empty Tracks	Display Warning before Deleting Non-Empty Tracks
Display Width	Display Width
Display [noun]	Display
Display of the Articulation	Display of the Articulation
Display only	Display only
Displays Messages from Host Application	Displays Messages from Host Application
Displays Messages from SyncStation Device	Displays Messages from SyncStation Device
Displays follow locating device	Displays follow locating device
Dissolve Audio Parts	Dissolve Audio Parts
Dissolve Note Expression	Dissolve Note Expression
Dissolve Part	Dissolve Part
Dissolve to Lanes	Dissolve to Lanes
Distance of Notes	Distance of Notes
Distance: H = %d, V = %d	Distance: H = %d, V = %d
Distribute Notes to MIDI Channels	Distribute Notes to MIDI Channels
Distribute additional notes starting at:	Distribute additional notes starting at:
Divide Audio Events at Hitpoints	Divide Audio Events at Hitpoints
Divide Track List	Divide Track List
Divide by	Divide by
Divide by 2	Divide by 2
Djembe	Djembe
Do Not Back up Mixdown Folder	Do Not Back up Mixdown Folder
Do Not Back up Video	Do Not Back up Video
Do Not Connect Input/Output Busses When Loading External Projects	Do Not Connect Input/Output Busses When Loading External Projects
Do Not Hold	Do Not Hold
Do Not Show Interval on Trill	Do Not Show Interval on Trill
Do Not Split Secondary Beams	Do Not Split Secondary Beams
Do Nothing	Do Nothing
Do not	Do not
Do not ask again.	Do not ask again.
Do you really want to change the channel configuration?	Do you really want to change the channel configuration?
Do you really want to delete the Page?	Do you really want to delete the Page?
Do you really want to delete the Script?	Do you really want to delete the Script?
Do you really want to delete the files?	Do you really want to delete the files?
Do you really want to delete this picture?	Do you really want to delete this picture?
Do you really want to leave the page and discard your input?	Do you really want to leave the page and discard your input?
Do you really want to remove all MIDI Mappings for the MIDI Remote Device: "%s"?	Do you really want to remove all MIDI Mappings for the MIDI Remote Device: "%s"?
Do you really want to remove all Page Mappings of "%s"?	Do you really want to remove all Page Mappings of "%s"?
Do you really want to remove all Quick Control assignments?	Do you really want to remove all Quick Control assignments?
Do you really want to remove all remote triggers of the expression map?	Do you really want to remove all remote triggers of the expression map?
Do you really want to remove the device?	Do you really want to remove the device?
Do you really want to remove the insert effect bank zone (%s)?	Do you really want to remove the insert effect bank zone (%s)?
Do you really want to remove the layout?	Do you really want to remove the layout?
Do you really want to remove the mixer bank zone (%s)?	Do you really want to remove the mixer bank zone (%s)?
Do you really want to remove the selected Articulation?	Do you really want to remove the selected Articulation?
Do you really want to remove the selected Articulations?	Do you really want to remove the selected Articulations?
Do you really want to remove the selected Expression Map?	Do you really want to remove the selected Expression Map?
Do you really want to remove the selected Expression Maps?	Do you really want to remove the selected Expression Maps?
Do you want to activate the project?	Do you want to activate the project?
Do you want to adjust the Project Settings, or allow the Project to run at the\ndifferent Sample Rate?	Do you want to adjust the Project Settings, or allow the Project to run at the\ndifferent Sample Rate?
Do you want to apply the changes made to "%s"?	Do you want to apply the changes made to "%s"?
Do you want to bounce the extension events?	Do you want to bounce the extension events?
Do you want to change the tempo from %.2f to %.2f in %s?\n	Do you want to change the tempo from %.2f to %.2f in %s?\n
Do you want to clear all key commands?	Do you want to clear all key commands?
Do you want to continue recording?	Do you want to continue recording?
Do you want to continue?	Do you want to continue?
Do you want to convert the sample rate of clips in musical mode?\nNote that converting them will not affect playback.	Do you want to convert the sample rate of clips in musical mode?\nNote that converting them will not affect playback.
Do you want to copy %s into:	Do you want to copy %s into:
Do you want to copy or reference the media files?	Do you want to copy or reference the media files?
Do you want to copy video files too?	Do you want to copy video files too?
Do you want to create a MIDI track assigned to plug-in "%s"?	Do you want to create a MIDI track assigned to plug-in "%s"?
Do you want to create a new project?	Do you want to create a new project?
Do you want to delete the favorite "%s"?	Do you want to delete the favorite "%s"?
Do you want to delete the selected profile?	Do you want to delete the selected profile?
Do you want to delete this collection?	Do you want to delete this collection?
Do you want to erase the files from hard disk or only remove clips from Pool?	Do you want to erase the files from hard disk or only remove clips from Pool?
Do you want to keep audio events at their sample positions?	Do you want to keep audio events at their sample positions?
Do you want to keep the combined automation?	Do you want to keep the combined automation?
Do you want to keep the source files in the Pool directory?	Do you want to keep the source files in the Pool directory?
Do you want to modify all events that refer to the same audio material?	Do you want to modify all events that refer to the same audio material?
Do you want to move %s into:	Do you want to move %s into:
Do you want to remove the attribute [%s] in %d files?\n	Do you want to remove the attribute [%s] in %d files?\n
Do you want to remove the attribute:\n%s ?	Do you want to remove the attribute:\n%s ?
Do you want to remove the attributes:\n%s ?	Do you want to remove the attributes:\n%s ?
Do you want to remove this key command set?	Do you want to remove this key command set?
Do you want to remove this key command\n"%s" ?	Do you want to remove this key command\n"%s" ?
Do you want to replace 	Do you want to replace 
Do you want to reset all Channels or only selected Channels?	Do you want to reset all Channels or only selected Channels?
Do you want to reset all channels or only selected channels?	Do you want to reset all channels or only selected channels?
Do you want to reset all key commands?	Do you want to reset all key commands?
Do you want to reset the record folder of the selected tracks to the project directory?	Do you want to reset the record folder of the selected tracks to the project directory?
Do you want to save %s!?	Do you want to save %s!?
Do you want to save the current settings as default preset?	Do you want to save the current settings as default preset?
Do you want to save the layout changes?	Do you want to save the layout changes?
Do you want to save the project "%s"?	Do you want to save the project "%s"?
Do you want to save this library?	Do you want to save this library?
Do you want to save this project?	Do you want to save this project?
Do you want to switch the ASIO driver?	Do you want to switch the ASIO driver?
Do you want to unlink the selected channels?	Do you want to unlink the selected channels?
Documentation	Documentation
Doesn't seem to be a valid skin file!	Doesn't seem to be a valid skin file!
Domain	Domain
Don't Save	Don't Save
Don't Split Events	Don't Split Events
Don't Use RF64 compliant File Format	Don't Use RF64-Compliant File Format
Don't Use Wave Extensible Format	Don't Use Wave Extensible Format
Don't convert	Don't convert
Dorian	Dorian
Dorico Project...	Dorico Project...
Dotted	Dotted
Double Length of Pattern	Double Length of Pattern
Double Rhythm Dot	Double Rhythm Dot
Double Size	Double Size
Double Speed Playback	Double Speed Playback
Double Step Resolution of Pattern	Double Step Resolution of Pattern
Double Step Resolution of Step Lane	Double Step Resolution of Step Lane
Double Whole Note	Double Whole Note
Double Whole Note (Breve)	Double Whole Note (Breve)
Double-Click opens Note Expression Editor	Double-Click opens Note Expression Editor
Double-Click opens Note Expression Editor On/Off	Double-Click opens Note Expression Editor On/Off
Double-click Destination	Double-click Destination
Double-click opens Editor in Lower Zone	Double-click opens Editor in Lower Zone
Double-click opens Editor in a Window	Double-click opens Editor in a Window
Double-click to apply mapping	Double-click to apply mapping
Double-click to open Ambisonics Decoder	Double-click to open Ambisonics Decoder
Double-click to open MixConvert	Double-click to open MixConvert
Double-click to rename  |  Right-click for more options	Double-click to rename  |  Right-click for more options
Double-click to rename Link Group	Double-click to rename Link Group
Double-click to rename Link Group (Shift + Double-click to open Link Group Settings dialog)	Double-click to rename Link Group ([SHIFT]-Double-click to open Link Group Settings dialog)
Doumbek	Doumbek
Down	Down
Down Arpeggios	Down Arpeggios
Down Arrow[Key]	Down
Down More	Down (Larger Step)
Download Selected Tracks	Download Selected Tracks
Download the Network Project?	Download the Network Project?
Downloads in progress. Please wait for next update.	Downloads in progress. Please wait for next update.
Downmix Presets	Downmix Presets
Drag & Drop	Drag & Drop
Drag & Drop to move and replace. Press [CTRL] to swap items or [ALT] to duplicate.	Drag & Drop to move and replace. Press [CTRL] to swap items or [ALT] to duplicate.
Drag Attributes here!	Drag Attributes here!
Drag Delay	Drag Delay
Drag Pattern to Project	Drag Pattern to Project
Drag divider to allow recording of Inserts.\nInserts above the line are recorded.\nInserts below the line are played back.	Drag divider to allow recording of Inserts.\nInserts above the line are recorded.\nInserts below the line are played back.
Drag to Copy Inserts Settings	Drag to Copy Inserts Settings
Drag to Copy Modulators Settings	Drag to Copy Modulators Settings
Drag to Copy Pre Filter Settings	Drag to Copy Pre Filter Settings
Drag to Copy Sends Settings	Drag to Copy Sends Settings
Drag to Move EQ Band Settings\nHold [ALT] to Copy	Drag to Move EQ Band Settings\nHold [ALT] to Copy
Drag to change order of items	Drag to change order of items
Drag to change order of modulators in signal chain	Drag to change order of modulators in signal chain
Drag to change order of modules in signal path	Drag to change order of modules in signal path
Draw	Draw
Draw Event Volume Curve	Draw Event Volume Curve
Draw Tempo Curve	Draw Tempo Curve
Draw Tool	Draw Tool
Drawing	Drawing
Drawing is not possible in this wave display mode!	Drawing is not possible in this wave display mode!
Drive	Drive
Drop 2	Drop 2
Drop 2 + 4	Drop 2 + 4
Drop 3	Drop 3
Drop Audio Event or MIDI Part	Drop Audio Event or MIDI Part
Drop Audio Sample or MIDI Part Here	Drop Audio Sample or MIDI Part Here
Drop Chord Events from Chord Track or MIDI Parts here	Drop Chord Events from Chord Track or MIDI Parts here
Drop Chords	Drop Chords
Drop Frames	Drop Frames
Drop MIDI Part	Drop MIDI Part
Drop MIDI Part (Pattern)	Drop MIDI Part (Pattern)
Drop Notes	Drop Notes
Drop Out Frames	Drop Out Frames
Drop into project	Drop into project
Drop processes here!	Drop processes here!
Dropout	Dropout
Dropouts	Dropouts
Drum	Drum
Drum Channels	Drum Channels
Drum Editor	Drum Editor
Drum Editor: 	Drum Editor: 
Drum Editor: Show Note Length On/Off	Drum Editor: Show Note Length On/Off
Drum Machine	Drum Machine
Drum Map	Drum Map
Drum Map Setup	Drum Map Setup
Drum Map Setup...	Drum Map Setup...
Drum Maps	Drum Maps
Drum Mode	Drum Mode
Drum Sound	Drum Sound
Drum Track	Drum Track
Drum Tracks	Drum Tracks
Drum-Map Link	Drum-Map Link
Drums	Drums
Drums Mode	Drums Mode
Drumstick	Drumstick
Drumstick Tool	Drumstick Tool
Dry	Dry
Dry (Transfer Channel Settings)	Dry (Transfer Channel Settings)
Dry mix	Dry mix
Dry/Wet mix	Dry/Wet mix
Duplicate	Duplicate
Duplicate Arranger Chain	Duplicate Arranger Chain
Duplicate Aspect	Duplicate Aspect
Duplicate Chain	Duplicate Chain
Duplicate Color	Duplicate Color
Duplicate Macro	Duplicate Macro
Duplicate Map	Duplicate Map
Duplicate Name: 	Duplicate Name: 
Duplicate Notes to Multiple Voices	Duplicate Notes to Multiple Voices
Duplicate Output Mapping	Duplicate Output Mapping
Duplicate Pattern	Duplicate Pattern
Duplicate Profile	Duplicate Profile
Duplicate Range	Duplicate Range
Duplicate Root	Duplicate Root
Duplicate Selected Tracks without Data	Duplicate Selected Tracks without Data
Duplicate Sound Slot	Duplicate Sound Slot
Duplicate Tracks	Duplicate Tracks
Duplicate Version	Duplicate Version
Duplicate active Track Version	Duplicate active Track Version
Duplicate current Track Version and assign common version ID	Duplicate current Track Version and assign common version ID
Duplicate selected profile	Duplicate selected profile
Duplicate the root note (one octave higher)	Duplicate the root note (one octave higher)
Duplicate the tenor (one octave higher)	Duplicate the tenor (one octave higher)
Duplicates: Name & Scale	Duplicates: Name & Scale
Duration	Duration
Dyna	Dyna
Dynamic	Dynamic
Dynamic Frame Offset	Dynamic Frame Offset
Dynamic Range Control	Dynamic Range Control
Dynamic Velocity	Dynamic Velocity
Dynamics	Dynamics
Dynamics (Compressor, Gate, etc.)	Dynamics (Compressor, Gate, etc.)
Dynamics Mapping Setup	Dynamics Mapping Setup
Dynamics Mapping Setup...	Dynamics Mapping Setup...
Dynamics Mapping...	Dynamics Mapping...
EBU	EBU
EQ	EQ
EQ Band 1 Frequency	EQ Band 1 Frequency
EQ Band 1 Gain	EQ Band 1 Gain
EQ Band 1 Q-Factor	EQ Band 1 Q-Factor
EQ Band 2 Frequency	EQ Band 2 Frequency
EQ Band 2 Gain	EQ Band 2 Gain
EQ Band 2 Q-Factor	EQ Band 2 Q-Factor
EQ Band 3 Frequency	EQ Band 3 Frequency
EQ Band 3 Gain	EQ Band 3 Gain
EQ Band 3 Q-Factor	EQ Band 3 Q-Factor
EQ Band 4 Frequency	EQ Band 4 Frequency
EQ Band 4 Gain	EQ Band 4 Gain
EQ Band 4 Q-Factor	EQ Band 4 Q-Factor
EQ Band on/off	EQ Band on/off
EQ Bypass	EQ Bypass
EQ Comparison Channel	EQ Comparison Channel
EQ Position	EQ Position
EQ Type: <%s>	EQ Type: <%s>
EQ/Filter Transition: <Quick>	EQ/Filter Transition: <Quick>
EQ/Filter Transition: <Soft>	EQ/Filter Transition: <Soft>
EQ/Filter Transition: Quick	EQ/Filter Transition: Quick
EQ/Filter Transition: Soft	EQ/Filter Transition: Soft
EQs State (Bypass EQs with click)	EQs State (Bypass EQs with click)
ERROR: Could not link OMF medium!	ERROR: Could not link OMF medium!
East	East
Easy Record	Easy Record
Eb	Eb
Echo Decay	Echo Decay
Echo Quantize	Echo Quantize
Edit	Edit
Edit Articulation Combinations	Edit Articulation Combinations
Edit Automation	Edit Automation
Edit Bank Assignment	Edit Bank Assignment
Edit Channel Panner for selected	Edit Channel Panner for selected
Edit Channel Settings	Edit Channel Settings
Edit Channel Settings (Hold to edit VST instrument)	Edit Channel Settings (Hold to edit VST instrument)
Edit Channel Settings for selected	Edit Channel Settings for selected
Edit Character	Edit Character
Edit Chord Event	Edit Chord Event
Edit Controller	Edit Controller
Edit Controller Data	Edit Controller Data
Edit Curve	Edit Curve
Edit Device	Edit Device
Edit Effect %d "%s"	Edit Effect %d "%s"
Edit Effect "%s"	Edit Effect "%s"
Edit Frame Offset	Edit Frame Offset
Edit History	Edit History
Edit History Preferences	Edit History Preferences
Edit Hitpoints	Edit Hitpoints
Edit ID3 Tag	Edit ID3 Tag
Edit In-Place	Edit In-Place
Edit Info Line	Edit Info Line
Edit Inplace	Edit In-Place
Edit Inserts	Edit Inserts
Edit Instrument	Edit Instrument
Edit Link Group Settings	Edit Link Group Settings
Edit Link Group Settings...	Edit Link Group Settings...
Edit MIDI Controller Surface	Edit MIDI Controller Surface
Edit MIDI Preset	Edit MIDI Preset
Edit Marker Attribute	Edit Marker Attribute
Edit Mode: Make changes to one or more items.	Edit Mode: Make changes to one or more items.
Edit Module	Edit Module
Edit Next Parameter	Edit Next Parameter
Edit Panel	Edit Panel
Edit Patch Banks	Edit Patch Banks
Edit Pitch	Edit Pitch
Edit Plug-in	Edit Plug-in
Edit Previous Parameter	Edit Previous Parameter
Edit SMF	Edit SMF
Edit Sampler Control	Edit Sampler Control
Edit Segment Warping	Edit Segment Warping
Edit Setting	Edit Setting
Edit Signature	Edit Signature
Edit Solo	Edit Solo
Edit SysEx	Edit SysEx
Edit Tempo Track	Edit Tempo Track
Edit Text	Edit Text
Edit VST Instrument	Edit VST Instrument
Edit Values	Edit Values
Edit VariAudio	Edit VariAudio
Edit Velocity	Edit Velocity
Edit Warp Tab	Edit Warp Marker
Editing	Editing
Editor	Editor
Editor Colors	Editor Colors
Editor Content Follows Event Selection	Editor Content Follows Event Selection
Editor Display Mode	Editor Display Mode
Editor History	Editor History
Editor Mode	Editor Mode
Editor Scale:	Editor Scale:
Editor Size: Decrease	Editor Size: Decrease
Editor Size: Increase	Editor Size: Increase
Editors	Editors
Effect	Effect
Effect Automation	Effect Automation
Effect Channel	Effect Channel
Effect Channels	Effect Channels
Effect Track	Effect Track
Effect Track to Selected Tracks...	Effect Track to Selected Tracks...
Effect Tracks	Effect Tracks
Effect Type	Effect Type
Effects	Effects
Eject CD	Eject CD
Emphasis	Emphasis
Empty	Empty
Empty All Buffers	Empty All Buffers
Empty Bank	Empty Bank
Empty Map	Empty Map
Empty Retrospective Record Buffer	Empty Retrospective Record Buffer
Empty Trash	Empty Trash
Enable	Enable
Enable All	Enable All
Enable Auto Select	Enable Auto Select
Enable Automatic Hitpoint Detection	Enable Automatic Hitpoint Detection
Enable Catch Mode	Enable Catch Mode
Enable Control Room	Enable Control Room
Enable Controller Script	Enable Controller Script
Enable Cue Sends	Enable Cue Sends
Enable Edit	Enable Edit
Enable Group Channel	Enable Group Channel
Enable HiDPI	Enable HiDPI
Enable Insert Slot by Number	Enable Insert Slot by Number
Enable Intelligibility Measurement	Enable Intelligibility Measurement
Enable Listen	Enable Listen
Enable Listen for Output	Enable Listen for Output
Enable Main Dim	Enable Main Dim
Enable Measurement	Enable Measurement
Enable Output %d	Enable Output %d
Enable Output 1	Enable Output 1
Enable Record Command	Enable Record Command
Enable Record on Selected Audio Track	Enable Record on Selected Audio Track
Enable Record on Selected MIDI Track	Enable Record on Selected MIDI Track
Enable Relay Click	Enable Relay Click
Enable Selected Tracks	Enable Selected Tracks
Enable Send Slot by Number	Enable Send Slot by Number
Enable Solo on Selected Track	Enable Solo on Selected Track
Enable Talkback	Enable Talkback
Enable Talkback to Cue Channel	Enable Talkback to Cue Channel
Enable Track	Enable Track
Enable Usage Logging	Enable Usage Logging
Enable VST 2 Plug-ins	Enable VST 2 Plug-ins
Enable Warp Editing	Enable Warp Editing
Enable/Disable Control Room	Enable/Disable Control Room
Enable/Unlock Hitpoints	Enable/Unlock Hitpoints
Enabled	Enabled
Enables/Disables Group Channel for Folder Track	Enables/Disables Group Channel for Folder Track
Enclosure Type	Enclosure Type
Encoder	Encoder
Encoder Preset	Encoder Preset
Encoding Scheme	Encoding Scheme
Encoding of the CSV file	Encoding of the CSV file
Encoding:	Encoding:
End	End
End Left	End Left
End Right	End Right
End[Key]	End
Engineer	Engineer
English	English
English (US)	English (US)
Engraving Settings	Engraving Settings
Engraving Settings...	Engraving Settings...
Enh. Shift	Enh. Shift
Enharmonic Shift	Enharmonic Shift
Enharmonics from Chord Track	Enharmonics from Chord Track
Enlarge Active Track	Enlarge Active Track
Enlarge Part	Enlarge Part
Enlarge Range to Next Audio Segment	Enlarge Range to Next Audio Segment
Enlarge Range to Next Event	Enlarge Range to Next Event
Enlarge Range to Next Hitpoint	Enlarge Range to Next Hitpoint
Enlarge Range to Previous Audio Segment	Enlarge Range to Previous Audio Segment
Enlarge Range to Previous Event	Enlarge Range to Previous Event
Enlarge Range to Previous Hitpoint	Enlarge Range to Previous Hitpoint
Enlarge Selected Track	Enlarge Selected Track
Enter Album	Enter Album
Enter Artist	Enter Artist
Enter Comment	Enter Comment
Enter Company	Enter Company
Enter Composer	Enter Composer
Enter Copyright	Enter Copyright
Enter Custom Name	Enter Custom Name
Enter Description	Enter Description
Enter Folder Name	Enter Folder Name
Enter Left Locator	Enter Left Locator
Enter Left Locator Position	Enter Left Locator Position
Enter Locator Range Duration	Enter Locator Range Duration
Enter Lyricist	Enter Lyricist
Enter Model Name	Enter Model Name
Enter Name	Enter Name
Enter Pool Folder Name	Enter Pool Folder Name
Enter Preset Name	Enter Preset Name
Enter Preset-Bank Name	Enter Preset-Bank Name
Enter Project Cursor Position	Enter Project Cursor Position
Enter Punch In Position	Enter Punch In Position
Enter Punch Out Position	Enter Punch Out Position
Enter Right Locator	Enter Right Locator
Enter Right Locator Position	Enter Right Locator Position
Enter Script Creator Name	Enter Script Creator Name
Enter Tempo	Enter Tempo
Enter Text	Enter Text
Enter Time Signature	Enter Time Signature
Enter Title	Enter Title
Enter Vendor Name	Enter Vendor Name
Enter Workspace Name	Enter Workspace Name
Enter[Key]	Enter
Envelope	Envelope
Episode	Episode
Equal	Equal
Equal Gain	Equal Gain
Equal Pitch - all Octaves	Equal Pitch - all Octaves
Equal Pitch - same Octave	Equal Pitch - same Octave
Equal Power	Equal Power
Equalizer	Equalizer
Equalizer Curve	Equalizer Curve
Equalizer Settings	Equalizer Settings
Equalizers	Equalizers
Equalizers Bypass on/off.\nReset with [CTRL + click].	Equalizers Bypass on/off.\nReset with [CTRL + click].
Equals[Key]	Equals
Equivalent Tempo Scaling	Equivalent Tempo Scaling
Erase	Erase
Erase After	Erase After
Erase Before	Erase Before
Erase Destination	Erase Destination
Erase End Character	Erase End Character
Erase Front Character	Erase Front Character
Erase Tool	Erase Tool
Erasing the files will remove all undo steps from the project history. Do you want to continue?	Erasing the files will remove all undo steps from the project history. Do you want to continue?
Error	Error
Error Messages	Error Messages
Error creating Project Preview	Error creating Project Preview
Error during file copy! The operation must be canceled!	Error during file copy! The operation must be canceled!
Error during operation: %s \nAll files created so far will be deleted.	Error during operation: %s \nAll files created so far will be deleted.
Error exporting media	Error exporting media
Error exporting track	Error exporting track
Error in importing OMF media	Error in importing OMF media
Error in voice conversion. Some parts were processed in Auto mode instead.	Error in voice conversion. Some parts were processed in Auto mode instead.
Error while exporting OMF file	Error while exporting OMF file
Error while saving the project!	Error while saving the project!
Error: %s\n\nMerge is not possible.	Error: %s\n\nMerge is not possible.
Error: Archive Info contains license but compression is switched off!	Error: Archive Info contains license but compression is switched off!
Error: Archive Info is invalid!	Error: Archive Info is invalid!
Error: Cannot open file!	Error: Cannot open file!
Error: Could not load '%s'.\n CD cannot be read.	Error: Could not load '%s'.\n CD cannot be read.
Error: Invalid or unsupported file!	Error: Invalid or unsupported file!
Error: Medium type not supported or invalid medium!	Error: Medium type not supported or invalid medium!
Error: Some files could not be converted!	Error: Some files could not be converted!
Error: Some files have not been copied!	Error: Some files have not been copied!
Error: Some files were not deleted!	Error: Some files were not deleted!
Errors on importing media:\n	Errors on importing media:\n
Errors: 	Errors: 
Esc[Key]	Esc
Escape	Escape
Estimated Pitch	Estimated Pitch
Estimated Time Remaining:	Estimated Time Remaining:
Euclidean Pulses	Euclidean Pulses
Euclidean Rotation	Euclidean Rotation
Evaluate MIDI In	Evaluate MIDI In
Event	Event
Event Channels	Event Channels
Event Colors	Event Colors
Event Counter	Event Counter
Event Display	Event Display
Event Display in Editor	Event Display in Editor
Event End	Event End
Event End/Range End to Cursor	Event End/Range End to Cursor
Event Handling Opacity	Event Handling Opacity
Event Movement Restrictions	Event Movement Restrictions
Event Name	Event Name
Event Name Attribute 1	Event Name Attribute 1
Event Name Attribute 2	Event Name Attribute 2
Event Opacity	Event Opacity
Event Received Indicator	Event Received Indicator
Event Start	Event Start
Event Start/Range Start to Cursor	Event Start/Range Start to Cursor
Event Target Filters	Event Target Filters
Event Timestamps ignored	Event Timestamps ignored
Event Transform Actions	Event Transform Actions
Event Type	Event Type
Event Types	Event Types
Event Types and Subtype	Event Types and Subtype
Event Volume Curve and Fades	Event Volume Curve and Fades
Event Volume Curve and Fades Brightness	Event Volume Curve and Fades Brightness
Event cannot be moved.\nOrigin is before project start.	Event cannot be moved.\nOrigin is before project start.
Event fade times on the selected tracks are not aligned.	Event fade times on the selected tracks are not aligned.
Event or Range as Region	Event or Range as Region
Event volume curves on the selected tracks are not aligned.	Event volume curves on the selected tracks are not aligned.
Event's position exceeds part's boundary. Do you want to enlarge the part?	Event's position exceeds part's boundary. Do you want to enlarge the part?
Event/Range to Selected Track	Event/Range to Selected Track
Events	Events
Events + Cursor	Events + Cursor
Events and Parts	Events and Parts
Events from Regions	Events from Regions
Events matching Filter Condition using the action list	Events matching Filter Condition using the action list
Events on the selected tracks are in musical mode.	Events on the selected tracks are in musical mode.
Events to Back 	Events to Back 
Events to Front	Events to Front
Events to Origin	Events to Origin
Events to Part	Events to Part
Events under Cursor	Events under Cursor
Every Bar	Every Bar
Every Other Event	Every Other Event
Every System	Every System
Every n Bars	Every n Bars
Exactly Matching Cycle	Exactly Matching Cycle
Exchange Left & Right Locator Positions	Exchange Left & Right Locator Positions
Exchange Time Formats	Exchange Time Formats
Exchange?	Exchange?
Exclude Empty Slots	Exclude Empty Slots
Exclude Row	Exclude Row
Exclusive Device Ports for Monitor Channels	Exclusive Device Ports for Monitor Channels
Executed	Executed
Exit Fullscreen Mode	Exit Fullscreen Mode
Expand All	Expand All
Expand All Folders	Expand All Folders
Expand All Groups	Expand All Groups
Expand Sections Exclusively	Expand Sections Exclusively
Expand Tree	Expand Tree
Expand/Collapse Folder	Expand/Collapse Folder
Expand/Collapse Section	Expand/Collapse Section
Expand/Reduce	Expand/Reduce
Expand: Channel Strip	Expand: Channel Strip
Expand: Cue Sends	Expand: Cue Sends
Expand: Device Panels	Expand: Device Panels
Expand: Direct Routing	Expand: Direct Routing
Expand: EQs	Expand: EQs
Expand: Filters/Gain	Expand: Filters/Gain
Expand: Inserts	Expand: Inserts
Expand: Modulators	Expand: Modulators
Expand: Quick Controls	Expand: Quick Controls
Expand: Routing	Expand: Routing
Expand: Sends	Expand: Sends
Expand: VCA	Expand: VCA
Explode	Explode
Explode...	Explode...
Export	Export
Export 	Export 
Export %s File	Export %s File
Export All to One File	Export All to One File
Export Audio	Export Audio
Export Audio Mixdown	Export Audio Mixdown
Export Audio Mixdown of entire Project	Export Audio Mixdown of entire Project
Export Audio: %s	Export Audio: %s
Export Automation	Export Automation
Export Channel	Export Channel
Export Clip Based Volume (OMF2.0 only)	Export Clip Based Volume (OMF2.0 only)
Export Clip Names (OMF2.0 only)	Export Clip Names (OMF2.0 only)
Export Clip Package	Export Clip Package
Export Cycle Range	Export Cycle Range
Export Dorico Project	Export Dorico Project
Export Expression Map	Export Expression Map
Export Full Project	Export Full Project
Export Generic Remote	Export Generic Remote
Export Inserts	Export Inserts
Export Inspector Patch	Export Inspector Patch
Export Inspector Volume/Pan	Export Inspector Volume/Pan
Export Key Command Assignments	Export Key Command Assignments
Export List	Export List
Export Locator Range	Export Locator Range
Export MIDI Device Setup	Export MIDI Device Setup
Export MIDI File	Export MIDI File
Export MIDI Loop...	Export MIDI Loop...
Export MIDI file	Export MIDI file
Export Map	Export Map
Export Markers	Export Markers
Export Master Track	Export Master Track
Export Media File References	Export Media File References
Export MusicXML	Export MusicXML
Export Muted Events with Volume -inf dB	Export Muted Events with Volume -inf dB
Export Notepad Data	Export Notepad Data
Export OMF File	Export OMF File
Export Options	Export Options
Export PDF	Export PDF
Export Pool	Export Pool
Export Pool...	Export Pool...
Export Queue	Export Queue
Export Range	Export Range
Export Resolution	Export Resolution
Export Sample Rate	Export Sample Rate
Export Sample Size	Export Sample Size
Export Script	Export Script
Export Selected Events	Export Selected Events
Export Selected Tracks	Export Selected Tracks
Export Sends	Export Sends
Export Setup	Export Setup
Export Table of Key Commands as CSV File	Export Table of Key Commands as CSV File
Export Video	Export Video
Export Video...	Export Video...
Export Warnings	Export Warnings
Export all used attributes	Export all used attributes
Export as	Export as
Export as Type 0	Export as Type 0
Export includes Delay	Export includes Delay
Export is not possible with an empty project.	Export is not possible with an empty project.
Export list as text	Export list as text
Export path is not accessible.	Export path is not accessible.
Export selected profile as file	Export selected profile as file
Export to MP3 is not supported for Surround channels	Export to MP3 is not supported for Surround channels
Export used attributes of these categories:	Export used attributes of these categories:
Export...	Export...
Exporting Audio Mixdown...	Exporting Audio Mixdown...
Exporting Track Nr: %d ...	Exporting Track Nr: %d ...
Exporting arrangement...	Exporting arrangement...
Exporting audio file: %s	Exporting audio file: %s
Exporting audio track: %s	Exporting audio track: %s
Exporting audio...	Exporting audio...
Exporting events...	Exporting events...
Exporting tracks...	Exporting tracks...
Exporting video file...	Exporting video file...
Exporting video file: %s	Exporting video file: %s
Exporting video track: %s	Exporting video track: %s
Exporting video...	Exporting video...
Exports the selected audio channel in real time.	Exports the selected audio channel in real time.
Exports the video with main overlay	Exports the video with main overlay
Exports the video with timecode	Exports the video with timecode
Exports the video with top overlay	Exports the video with top overlay
Expression	Expression
Expression Map	Expression Map
Expression Map Setup	Expression Map Setup
Expression Map Setup...	Expression Map Setup...
Expression Map: Articulations	Expression Map: Articulations
Expression Maps	Expression Maps
Expression Name Contains	Expression Name Contains
Ext. %d	Ext. %d
Extend Note Lengths to Next Selected Note	Extend Note Lengths to Next Selected Note
Extend Playback Range of Notes that start before the Part	Extend Playback Range of Notes that Start before the Part
Extend Process Range	Extend Process Range
Extend Process Range in ms	Extend Process Range in ms
Extend to Next Selected	Extend to Next Selected
Extension	Extension
Extension Activated	Extension Activated
Extensions	Extensions
External	External
External Effect	External Effect
External Effects	External Effects
External Files: %d	External Files: %d
External Input	External Input
External Instrument	External Instrument
External Instruments	External Instruments
External Plug-ins	External Plug-ins
External Source: 1	External Source: 1
External Source: 2	External Source: 2
External Source: 3	External Source: 3
External Source: 4	External Source: 4
External Source: 5	External Source: 5
External Source: 6	External Source: 6
External Sync	External Sync
External Sync State	External Sync State
External files will be copied into the working directory!	External files will be copied into the working directory!
External plug-in is used. Audio-Mixdown must be done in real time!	External plug-in is used. Audio-Mixdown must be done in real time!
External plug-in is used. Freezing will be done in real time.	External plug-in is used. Freezing will be done in real time.
External sync cannot be activated because Nuendo is the timecode master.	External sync cannot be activated because Nuendo is the timecode master.
Externally Clocked	Externally Clocked
Extract	Extract
Extract Audio From Video	Extract Audio From Video
Extract Audio from Video File	Extract Audio from Video File
Extract Audio on Import Video File	Extract Audio on Import Video File
Extract EQ	Extract EQ
Extract FX Chain	Extract FX Chain
Extract First Patch	Extract First Patch
Extract First Volume/Pan	Extract First Volume/Pan
Extract Inserts	Extract Inserts
Extract Inserts...	Extract Inserts...
Extract MIDI	Extract MIDI
Extract MIDI Automation	Extract MIDI Automation
Extract Markers from Wave File	Extract Markers from Wave File
Extract Sound	Extract Sound
Extract Sound from Track Preset	Extract Sound from Track Preset
Extract Sound...	Extract Sound...
Extract Strip	Extract Strip
Extract to Lanes	Extract to Lanes
Extract to Track	Extract to Track
Extracted Channels	Extracted Channels
FX	FX
FX Chain Presets	FX Chain Presets
FX Chain applied	FX Chain applied
FX Channel	FX Channel
Factory	Factory
Factory Content	Factory Content
Factory Defaults	Factory Defaults
Factory Library	Factory Library
Factory Mapping	Factory Mapping
Factory Presets	Factory Presets
Fade In	Fade In
Fade In to Cursor	Fade In to Cursor
Fade In to Range Start	Fade In to Range Start
Fade In: 	Fade In: 
Fade Out	Fade Out
Fade Out from Cursor	Fade Out from Cursor
Fade Out from Range End	Fade Out from Range End
Fade Out to Cursor	Fade Out to Cursor
Fade Out: 	Fade Out: 
Fade-In	Fade-In
Fade-Out	Fade-Out
Fader	Fader
Faders	Faders
Fades	Fades
Fades Brightness	Fades Brightness
Failed to create archive!	Failed to create archive!
Failed to create audio file:	Failed to create audio file:
Failed to parse VST Parameters Structure:\n\n%s\nContext: %s	Failed to parse VST Parameters Structure:\n\n%s\nContext: %s
Fall	Fall
Fall - Rise	Fall - Rise
Fallback (Optional)	Fallback (Optional)
False Start	False Start
Family Name	Family Name
Fast Forward	Fast Forward
Fast Rewind	Fast Rewind
Fast Wind Factor	Fast Wind Factor
Fatten up	Fatten up
Favorite 1	Favorite 1
Favorite 2	Favorite 2
Favorite 3	Favorite 3
Favorite 4	Favorite 4
Favorite 5	Favorite 5
Favorite 6	Favorite 6
Favorite 7	Favorite 7
Favorite 8	Favorite 8
Favorite 9	Favorite 9
Favorites	Favorites
Feet'n'Frames Count from Project Start	Feet'n'Frames Count from Project Start
Feet+Frames 16mm	Feet+Frames 16mm
Feet+Frames 35mm	Feet+Frames 35mm
Fetch Device State	Fetch Device State
Fewer Tensions	Fewer Tensions
Fewer Tensions ([ALT] - mouse wheel on pad)	Fewer Tensions ([ALT] - mouse wheel on pad)
Fifth	Fifth
Figurenotes Noteheads	Figurenotes Noteheads
File	File
File "%s" does not exist. Do you want to remove it from the recent file list?	File "%s" does not exist. Do you want to remove it from the recent file list?
File Browser	File Browser
File Exists	File Exists
File Exists!\n%s	File Exists!\n%s
File Format	File Format
File Format Setup Error	File Format Setup Error
File Information	File Information
File Location	File Location
File Name	File Name
File Name Conflict Options	File Name Conflict Options
File Name Options	File Name Options
File Name Settings	File Name Settings
File Path	File Path
File Sample Rate	File Sample Rate
File Size	File Size
File System	File System
File System Error	File System Error
File Type	File Type
File exists already!	File exists already!
File exists already!\n%s	File exists already!\n%s
File successfully imported!	File successfully imported!
File:	File:
File: Load Selected Channels	File: Load Selected Channels
File: Save Selected Channels	File: Save Selected Channels
Files	Files
Files conform	Files conform
Fill Gaps	Fill Gaps
Fill Gaps on Selected Tracks	Fill Gaps on Selected Tracks
Fill Gaps with Current Value (Selected Tracks)	Fill Gaps with Current Value (Selected Tracks)
Fill Loop	Fill Loop
Fill Loop with Pattern	Fill Loop with Pattern
Fill Range from Clipboard	Fill Range from Clipboard
Fill To End	Fill To End
Fill To Punch	Fill To Punch
Fill To Start	Fill To Start
Fill View[Score View Option]	Fill View
Fill gaps	Fill gaps
Fill inside Loop	Fill inside Loop
Fill to Project End	Fill to Project End
Fill to Punch-in Point	Fill to Punch-in Point
Fill to Start Point	Fill to Start Point
Filter	Filter
Filter Channel Types	Filter Channel Types
Filter Doubles	Filter Doubles
Filter Hitpoints by Intensity	Filter Hitpoints by Intensity
Filter Hitpoints by Musical Position	Filter Hitpoints by Musical Position
Filter Hitpoints by Peak Level	Filter Hitpoints by Peak Level
Filter Notes	Filter Notes
Filter Pitches Above	Filter Pitches Above
Filter Pitches Below	Filter Pitches Below
Filter Slope: <%s>	Filter Slope: <%s>
Filter Target	Filter Target
Filter Track Types	Filter Track Types
Filter markers	Filter markers
Filter:	Filter:
Filters	Filters
Find	Find
Find File	Find File
Find Loaded Instruments	Find Loaded Instruments
Find Media	Find Media
Find Missing Files...	Find Missing Files...
Find Selected in Pool	Find Selected in Pool
Find Track/Channel	Find Track/Channel
Find Tracks	Find Tracks
Find out more on how to activate your time-limited licenses permanently, or remove expired licenses.	Find out more on how to activate your time-limited licenses permanently, or remove expired licenses.
Finding maximum...	Finding maximum...
Fine-Tune	Fine-Tune
Finger Cymbals	Finger Cymbals
Finger Snaps	Finger Snaps
Finish Tour	Finish Tour
Finish at Bar	Finish at Bar
Finish at Position	Finish at Position
Finishing Recording...	Finishing Recording...
First Chain Step	First Chain Step
First Channel	First Channel
First Click	First Click
First Key	First Key
First Line Indent	First Line Indent
First Repeat	First Repeat
First Repeat of Current Chain Step	First Repeat of Current Chain Step
First Section	First Section
First Selected Track	First Selected Track
First and Last Click	First and Last Click
First channel that is used for channel rotation	First channel that is used for channel rotation
Fixed	Fixed
Fixed Length	Fixed Length
Fixed Lengths	Fixed Lengths
Fixed Number of Bars per System	Fixed Number of Bars per System
Fixed Number of Systems per Page	Fixed Number of Systems per Page
Fixed Project Parameters	Fixed Project Parameters
Fixed To	Fixed To
Fixed Velocity	Fixed Velocity
Flags	Flags
Flat	Flat
Flatten	Flatten
Flatten (with Options & Preferences)	Flatten (with Options & Preferences)
Flatten Arranger Track	Flatten Arranger Track
Flatten Chain	Flatten Chain
Flatten Real Time Processing	Flatten Real Time Processing
Flatten Real Time Processing (VariAudio and Warp)	Flatten Real Time Processing (VariAudio and Warp)
Flatten: Convert Beat Track	Flatten: Convert Beat Track
Flattening file...	Flattening file...
Flexatone	Flexatone
Flip	Flip
Flip Fold States	Flip Fold States
Flip Left-Right	Flip Left-Right
Flip Stems	Flip Stems
Floor tom (High)	Floor tom (High)
Floor tom (Low)	Floor tom (Low)
Focus	Focus
Focus Mode	Focus Mode
Focus Modes	Focus Modes
Focus QC %d	Focus QC %d
Focus QC Lock State	Focus QC Lock State
Focus Quick Controls	Focus Quick Controls
Focus Quick Controls Indicator	Focus Quick Controls Indicator
Focus Quick Controls Lock State: %s	Focus Quick Controls Lock State: %s
Fold Tracks	Fold Tracks
Folder	Folder
Folder Path	Folder Path
Folder Track	Folder Track
Folder Tracks	Folder Tracks
Folders	Folders
Folders with Group Channel Show Automation	Folders with Group Channel Show Automation
Folding: Disable Group Channel	Folding: Disable Group Channel
Folding: Enable Group Channel	Folding: Enable Group Channel
Folding: Fold Tracks	Folding: Fold Tracks
Folding: Move Tracks To New Folder with Group Channel	Folding: Move Tracks To New Folder with Group Channel
Folding: Toggle Selected Track	Folding: Toggle Selected Track
Folding: Toggle Tracks	Folding: Toggle Tracks
Folding: Tracks To Folder	Folding: Tracks To Folder
Folding: Unfold Tracks	Folding: Unfold Tracks
Foley	Foley
Foley Category	Foley Category
Follow	Follow
Follow 'e' buttons or selection changes	Follow 'e' buttons or selection changes
Follow Beat Grouping	Follow Beat Grouping
Follow Chord Track	Follow Chord Track
Follow Chord Track Appearance	Follow Chord Track Appearance
Follow Directly	Follow Directly
Follow Global Transpose	Follow Global Transpose
Follow Nuendo	Follow Nuendo
Follow Plug-in Window in Focus	Follow Plug-in Window in Focus
Follow Time Signature Denominator	Follow Time Signature Denominator
Follow Track List	Follow Track List
Follow Transport Main Display	Follow Transport Main Display
Follows Chord Track	Follows Chord Track
Font	Font
Font Styles	Font Styles
Font Styles...	Font Styles...
Fonts	Fonts
For Notation	For Notation
For Notation and main Chord Symbols	For Notation and main Chord Symbols
For Self Test, Connect ASIO Input to ASIO Output.	For Self Test, Connect ASIO Input to ASIO Output.
For each unique value that occurs in this column, a marker track is generated.	For each unique value that occurs in this column, a marker track is generated.
For example, 4/4 or 8/4 (assuming 4+4/4).	For example, 4/4 or 8/4 (assuming 4+4/4).
For proper tempo editing, the display has been switched to tempo linear mode!	For proper tempo editing, the display has been switched to tempo linear mode!
Force Software Encoding	Force Software Encoding
Force Stems Down	Force Stems Down
Force Stems Up	Force Stems Up
Force single notes for:	Force single notes for:
Forced Accidentals	Forced Accidentals
Fore	Forward
Foreground Color	Foreground Color
Form Mark	Form Mark
Format	Format
Formula	Formula
Forward	Forward
Forward/Backward movement (Slide)	Forward/Backward movement (Slide)
Forward[Pattern Editor Play Direction]	Forward
Found participants without master: %s. Try to reconnect?	Found participants without master: %s. Try to reconnect?
Four-Times Whole Note (Longa)	Four-Times Whole Note (Longa)
Fourth	Fourth
Frame	Frame
Frame Count	Frame Count
Frame Rate	Frame Rate
Frame Reference	Frame Reference
Frames	Frames
Free Text	Free Text
Free Warp	Free Warp
Free Warp Tool	Free Warp Tool
Freeze	Freeze
Freeze All Trim Automation in Project	Freeze All Trim Automation in Project
Freeze Channel	Freeze Channel
Freeze Channel Options	Freeze Channel Options
Freeze Instrument	Freeze Instrument
Freeze Length	Freeze Length
Freeze MIDI Events	Freeze MIDI Events
Freeze MIDI Lengths	Freeze MIDI Lengths
Freeze MIDI Modifiers	Freeze MIDI Modifiers
Freeze MIDI Quantize	Freeze MIDI Quantize
Freeze Track	Freeze Track
Freeze Trim	Freeze Trim
Freeze Trim Automation of Selected Tracks	Freeze Trim Automation of Selected Tracks
Freeze/Unfreeze	Freeze/Unfreeze
Freeze/Unfreeze Selected Tracks	Freeze/Unfreeze Selected Tracks
Freeze/Unfreeze Selected Tracks (with Current Settings)	Freeze/Unfreeze Selected Tracks (with Current Settings)
French	French
Frequency	Frequency
Frequency (Hz)	Frequency (Hz)
Fret	Fret
From %d to %d	From %d to %d
From %d to ...	From %d to ...
From Active Marker Track	From Active Marker Track
From All Marker Tracks	From All Marker Tracks
From Channel	From Channel
From Chord Track	From Chord Track
From Cursor to End	From Cursor to End
From Left to Right Locator	From Left to Right Locator
From MIDI Thru	From MIDI Thru
From Preset 	From Preset 
From Start to Cursor	From Start to Cursor
From String	From String
From Track Preset...	From Track Preset...
From Value1	From Value1
From Value2	From Value2
From Value3	From Value3
Frozen Channel	Frozen Channel
Full	Full
Full (I-IV-V-I)	Full (I-IV-V-I)
Full Name	Full Name
Full Position	Full Position
Full Randomization	Full Randomization
Full Score	Full Score
Full Screen - Monitor %d	Full Screen - Monitor %d
Full Timecode	Full Timecode
Full Vertical	Full Vertical
Full Vertical expands the selection to include events from hidden controller lanes	Full Vertical expands the selection to include events from hidden controller lanes
Fullscreen Mode	Fullscreen Mode
Functions	Functions
Functions Browser	Functions Browser
Functions Menu	Functions Menu
Funk 7-shape Noteheads	Funk 7-shape Noteheads
GB	GB
GM	GM
GM Default	GM Default
GM Drums	GM Drums
Gain	Gain
Gap after Paragraph	Gap after Paragraph
Gate	Gate
Gender	Gender
General	General
General Colors	General Colors
General Size	General Size
General [Metronom Setup]	General
Generate Column Headings	Generate Column Headings
Generate Custom Timecode	Generate Custom Timecode
Generate Harmony Voices	Generate Harmony Voices
Generate Harmony Voices...	Generate Harmony Voices...
Generate Multiple Marker Tracks	Generate Multiple Marker Tracks
Generate Name	Generate Name
Generate Steps	Generate Steps
Generate Thumbnail Cache	Generate Thumbnail Cache
Generating Thumbnail Cache... (%d/%d)	Generating Thumbnail Cache... (%d/%d)
Generic	Generic
Generic Editor	Generic Editor
Generic Remote	Generic Remote
Generic Value	Generic Value
Genre	Genre
German	German
Get Default Factory Layout	Get Default Factory Layout
Get Default Factory Layout/Copy Layout from Other Tab	Get Default Factory Layout/Copy Layout from Other Tab
Get Default Parameter Name	Get Default Parameter Name
Get Default QCs from Plug-in	Get Default QCs from Plug-in
Get Frame Rate from Video	Get Frame Rate from Video
Get exclusive access	Get exclusive access
Get more Plug-ins!	Get more Plug-ins!
Getting fps from video is not possible.	Getting fps from video is not possible.
Glissando Line	Glissando Line
Glissando Line Text	Glissando Line Text
Glissando Lines	Glissando Lines
Global	Global
Global Automation Mode	Global Automation Mode
Global Chat	Global Chat
Global Copy	Global Copy
Global Editing	Global Editing
Global Editing (All Tracks)	Global Editing (All Tracks)
Global Editing Disabled	Global Editing Disabled
Global Editing Enabled	Global Editing Enabled
Global IP Network	Global IP Network
Global Meter Settings	Global Meter Settings
Global Preset Type	Global Preset Type
Global Quantize	Global Quantize
Global Settings	Global Settings
Global Snapshot: Apply	Global Snapshot: Apply
Global Snapshot: Remove	Global Snapshot: Remove
Global Snapshot: Store	Global Snapshot: Save
Global Tracks	Global Tracks
Global Transpose	Global Transpose
Global Workspace	Global Workspace
Global Workspaces	Global Workspaces
Global Zoom	Global Zoom
Global mappings are saved with the program. They are available in all projects.	Global mappings are saved with the program. They are available in all projects.
Glue	Glue
Glue All Following Events	Glue All Following Events
Glue Segments	Glue Segments
Glue Tool	Glue Tool
Go Back	Go Back
Go to Input	Go to Input
Go to Last Edited Channel	Go to Last Edited Channel
Go to Left Locator	Go to Left Locator
Go to Left Locator Position	Go to Left Locator Position
Go to Left Locator Position\nUse [ALT + click] to set to Project Cursor Position	Go to Left Locator Position\nUse [ALT]-click to set to Project Cursor Position
Go to MIDI Controller Surface	Go to MIDI Controller Surface
Go to MIDI Controllers Overview	Go to MIDI Controllers Overview
Go to Mapping Assistant	Go to Mapping Assistant
Go to Next Chord (Right Arrow)	Go to Next Chord (Right Arrow)
Go to Next Controller	Go to Next Controller
Go to Next Edited Channel	Go to Next Edited Channel
Go to Next Fade	Go to Next Fade
Go to Next Mapping Page	Go to Next Mapping Page
Go to Next Marker/Project End	Go to Next Marker/Project End
Go to Next MixConsole Channel	Go to Next MixConsole Channel
Go to Output	Go to Output
Go to Previous Chord (Left Arrow)	Go to Previous Chord (Left Arrow)
Go to Previous Controller	Go to Previous Controller
Go to Previous Fade	Go to Previous Fade
Go to Previous Mapping Page	Go to Previous Mapping Page
Go to Previous Marker/Zero	Go to Previous Marker/Zero
Go to Previous MixConsole Channel	Go to Previous MixConsole Channel
Go to Project End	Go to Project End
Go to Project Start	Go to Project Start
Go to Punch In Position	Go to Punch In Position
Go to Punch In Position (Left Locator)	Go to Punch In Position (Left Locator)
Go to Punch Out Position	Go to Punch Out Position
Go to Punch Out Position (Right Locator)	Go to Punch Out Position (Right Locator)
Go to Right Locator	Go to Right Locator
Go to Right Locator Position	Go to Right Locator Position
Go to Right Locator Position\nUse [ALT + click] to set to Project Cursor Position	Go to Right Locator Position\nUse [ALT]-Click to set to Project Cursor Position
Gold	Gold
Gong Ageng	Gong Ageng
Gourd	Gourd
Grace Notes	Grace Notes
Grace Notes and Ties	Grace Notes and Ties
Grain Size	Grain Size
Grand Staff	Grand Staff
Graphic Symbol	Graphic Symbol
Gray 10	Gray 10
Gray 20	Gray 20
Gray 30	Gray 30
Gray 40	Gray 40
Gray 5	Gray 5
Gray 50	Gray 50
Gray 60	Gray 60
Gray 70	Gray 70
Gray 80	Gray 80
Gray 90	Gray 90
Green	Green
Grid	Grid
Grid + Cursor	Grid + Cursor
Grid + Events + Cursor	Grid + Events + Cursor
Grid Lines	Grid Lines
Grid Match	Grid Match
Grid Options	Grid Options
Grid Overlay Intensity	Grid Overlay Intensity
Grid Relative	Grid Relative
Grid Resolution	Grid Resolution
Grid Settings	Grid Settings
Grid Type	Grid Type
Grid Type: Adapt to Zoom	Grid Type: Adapt to Zoom
Grid Type: Bar	Grid Type: Bar
Grid Type: Beat	Grid Type: Beat
Grid Type: Use Quantize	Grid Type: Use Quantize
Groove	Groove
Group	Group
Group %d	Group %d
Group (noun)	Group
Group 1	Group 1
Group 2	Group 2
Group 3	Group 3
Group 4	Group 4
Group Channel	Group Channel
Group Channels	Group Channels
Group Channels: Mute Sources as well	Group Channels: Mute Sources as well
Group Editing	Group Editing
Group Track	Group Track
Group Track to Selected Tracks...	Group Track to Selected Tracks...
Group Tracks	Group Tracks
Group | Channel	Group | Channel
Group/Effect	Group/Effect
Group/Effect-Channel	Group/Effect-Channel
Group/Effect/VCA	Group/Effect/VCA
Group[MIDI Group]	Group
Grouping	Grouping
Groups	Groups
Groups of Notes in Long Time Signatures With a Half-Bar	Groups of Notes in Long Time Signatures With a Half-Bar
Groups of Notes in Simple Time Signatures With a Half-Bar	Groups of Notes in Simple Time Signatures With a Half-Bar
Guided Tour	Guided Tour
Guiro	Guiro
Guitar	Guitar
Guitar Player	Guitar Player
Guitar Symbol	Guitar Symbol
HALion Sonic multi-timbral	HALion Sonic multi-timbral
HMT Depth	HMT Depth
HMT Type	HMT Type
HW Pull Up/Down	HW Pull Up/Down
HW Sample Rate	HW Sample Rate
HW Sample Rate:	HW Sample Rate:
Half (I-V-I)	Half (I-V-I)
Half Size	Half Size
Half Speed Playback	Half Speed Playback
Half-Diminished	Half-Diminished
Hand Claps	Hand Claps
Hand Drum	Hand Drum
Handle Length	Handle Length
Handling of Chord Pads played with overlap	Handling of Chord Pads played with overlap
Harddisk	Harddisk
Hardware	Hardware
Hardware Pull Settings	Hardware Pull Settings
Hardware Reset without releasing USB connection	Hardware Reset without releasing USB connection
Hardware Timecode	Hardware Timecode
Hardware Unit	Hardware Unit
Hardware Version	Hardware Version
Harmonic Minor	Harmonic Minor
Has No Effect	Has No Effect
Has Track Version	Has Track Version
Height	Height
Height[Page Height]	Height
Help	Help
Help[Key]	Help
Hermode Tuning	Hermode Tuning
Hex	Hex
Hi-hat	Hi-hat
Hi-hat (pedal)	Hi-hat (pedal)
HiDPI Settings	HiDPI Settings
HiHat	HiHat
Hidden	Hidden
Hidden Controllers	Hidden Controllers
Hidden Controls	Hidden Controls
Hidden Noteheads	Hidden Noteheads
Hidden Track	Hidden Track
Hide	Hide
Hide %s Desktop	Hide %s Desktop
Hide All	Hide All
Hide All Automation	Hide All Automation
Hide Automation	Hide Automation
Hide Automation Track	Hide Automation Track
Hide Clefs	Hide Clefs
Hide Colors	Hide Colors
Hide Data When Expanded	Hide Data When Expanded
Hide Disabled Tracks	Hide Disabled Tracks
Hide Empty Staves	Hide Empty Staves
Hide Folders That Are Not Scanned	Hide Folders That Are Not Scanned
Hide Key Signatures	Hide Key Signatures
Hide Keyboard Preview	Hide Keyboard Preview
Hide Marker Track	Hide Marker Track
Hide Muted Tracks	Hide Muted Tracks
Hide Playback Techniques	Hide Playback Techniques
Hide Plug-in Windows	Hide Plug-in Windows
Hide Plug-ins That Are in Active Collection	Hide Plug-ins That Are in Active Collection
Hide Selected Channels	Hide Selected Channels
Hide Selected Tracks	Hide Selected Tracks
Hide Signposts	Hide Signposts
Hide Source Tracks	Hide Source Tracks
Hide Sus2 Chords	Hide Sus2 Chords
Hide Synthetic	Hide Synthetic
Hide Track	Hide Track
Hide Track Pictures	Hide Track Pictures
Hide Truncated Event Names	Hide Truncated Event Names
Hide When Inactive	Hide When Inactive
Hide in Score	Hide in Score
Hide muted Notes in Editors	Hide Muted Notes in Editors
Hide:	Hide:
Hide: All Channel Types	Hide: All Channel Types
High	High
High Quality Mode	High Quality Mode
High Resolution Display Format	High Resolution Display Format
High Resolution Display Range	High Resolution Display Range
High [Intelligibility]	High
High-Cut	High-Cut
High-Cut Filter	High-Cut Filter
High-Cut Filter Frequency	High-Cut Filter Frequency
High-Cut Filter on/off	High-Cut Filter on/off
High-Cut Freq	High-Cut Freq
High-Cut On	High-Cut On
High-Cut Slope	High-Cut Slope
High-Quality Mode	High-Quality Mode
Highest CC Value	Highest CC Value
Highest Note	Highest Note
Highest Pitch	Highest Pitch
Highest Velocity	Highest Velocity
Highest in Chord from at Least n Notes	Highest in Chord from at Least n Notes
Highlight Borders of Selected Events	Highlight Borders of Selected Events
Highlight Suggestions from List Tab	Highlight Suggestions from List Tab
Hints:	Hints:
History	History
History...	History...
History[SurfaceEditor]	History
Hit	Confirm
Hitpoint	Hitpoint
Hitpoint Edit	Hitpoint Edit
Hitpoint Tool	Hitpoint Tool
Hitpoint Tracks	Hitpoint Tracks
Hitpoints	Hitpoints
Hold FFT Post EQ Peak Curve	Hold FFT Post EQ Peak Curve
Hold First	Hold First
Hold Forever	Hold Forever
Hold Peaks	Hold Peaks
Hold chord until the next chord is played	Hold chord until the next chord is played
Hold on Stop	Hold on Stop
Hold values for Integrated, Range, and True Peak when playback stops	Hold values for Integrated, Range, and True Peak when playback stops
Holds and Pauses	Holds and Pauses
Home	Home
Home[Key]	Home
Hook Only	Hook Only
Horizontal Position	Horizontal Position
Horizontal Snap	Horizontal Snap
Horizontal Zoom Presets	Horizontal Zoom Presets
Host Device ID	Host Device ID
Host Input Channel	Host Input Channel
Host Insert Effect Bank Setup	Host Insert Effect Bank Setup
Host Plug-in Parameter Bank Setup	Host Plug-in Parameter Bank Setup
Hot Swap Previewer is active	Hot Swap Previewer is active
How do you want to proceed for the listed tracks?	How do you want to proceed for the listed tracks?
How many frames of timecode are read before starting system	How many frames of timecode are read before starting system
How many frames of timecode must be missing before system is stopped	How many frames of timecode must be missing before system is stopped
Hub	Hub
Hungarian	Hungarian
Hungarian 2	Hungarian 2
Hybrid Randomization	Hybrid Randomization
I-Note	I-Note
I/O	I/O
I/O:	I/O:
ID	ID
IP Conflict with client: %s - set client state to logged off.	IP Conflict with client: %s - set client state to logged off.
Ideal Gaps	Ideal Gaps
Identical Channels	Identical Channels
Idle	Idle
If 'Auto Apply Quantize' is active, 'Apply Quantize' has no effect	If 'Auto Apply Quantize' is active, 'Apply Quantize' has no effect
If locked, the track and file names of the rendered selection will be derived from the track and event names.	If locked, the track and file names of the rendered selection will be derived from the track and event names.
If locked, the track and file names of the rendered tracks will be derived from the track names.	If locked, the track and file names of the rendered tracks will be derived from the track names.
If this error persists, please send the following log files to Technical Support:	If this error persists, please send the following log files to Technical Support:
If this option is activated, the Score Editor will produce, assuming 'Maximum Duration for Rhythmic Slashes' is set to '1/4' Note (Crotchet)', a dotted slash followed by an undotted slash in 5/8, but five slashes in 5/4.	If this option is activated, the Score Editor will produce, assuming 'Maximum Duration for Rhythmic Slashes' is set to '1/4' Note (Crotchet)', a dotted slash followed by an undotted slash in 5/8, but five slashes in 5/4.
If this option is activated, the Score Editor will produce, assuming 'Maximum Duration for Rhythmic Slashes' is set to '1/4' Note (Crotchet)', two dotted slashes in 6/8, but six undotted slashes in 6/4.	If this option is activated, the Score Editor will produce, assuming 'Maximum Duration for Rhythmic Slashes' is set to '1/4' Note (Crotchet)', two dotted slashes in 6/8, but six undotted slashes in 6/4.
If you are using the built-in audio connections of your computer, please select "%s".	If you are using the built-in audio connections of your computer, please select "%s".
If you are using the built-in audio connections of your computer, please select the corresponding audio driver.	If you are using the built-in audio connections of your computer, please select the corresponding audio driver.
If you have an audio interface with multiple inputs and outputs, you might need to configure your routing afterwards in the Audio Connections dialog (Studio menu > Audio Connections).	If you have an audio interface with multiple inputs and outputs, you might need to configure your routing afterwards in the Audio Connections dialog (Studio menu > Audio Connections).
If you reconnect the hardware and the dialog does not close automatically, select the corresponding ASIO driver from the list and click "OK".	If you reconnect the hardware and the dialog does not close automatically, select the corresponding ASIO driver from the list and click "OK".
If you want to use another audio hardware, please select the corresponding ASIO driver from the list below and click "OK".	If you want to use another audio hardware, please select the corresponding ASIO driver from the list below and click "OK".
Ignore	Ignore
Ignore Content	Ignore Content
Ignore First Rows	Ignore First Rows
Ignore Master Track Events on Merge	Ignore Master Track Events on Merge
Ignore Notes Shorter Than	Ignore Notes Shorter Than
Ignore Octave Indicator	Ignore Octave Indicator
Ignore all Files	Ignore all Files
Ignore plug-in during this session	Ignore plug-in during this session
Ignore this File	Ignore this File
Image	Image
Image Height	Image Height
Image Width	Image Width
Image construction error	Image construction error
Image under construction...	Image under construction...
Import	Import
Import All	Import All
Import Audio	Import Audio
Import Audio CD...	Import Audio CD...
Import Audio File	Import Audio File
Import Audio Files	Import Audio Files
Import Audio from Video	Import Audio from Video
Import Bitmap...	Import Bitmap...
Import Clip Gain as Automation	Import Clip Gain as Automation
Import Clip Package	Import Clip Package
Import Controller as Automation Tracks	Import Controller as Automation Tracks
Import Expression Map	Import Expression Map
Import FXP/FXB...	Import FXP/FXB...
Import Files on One Track	Import Files on One Track
Import Generic Remote	Import Generic Remote
Import Karaoke Lyrics as Text	Import Karaoke Lyrics as Text
Import Key Switches	Import Key Switches
Import Key Switches from Instrument	Import Key Switches from Instrument
Import MIDI	Import MIDI
Import MIDI Device Setup	Import MIDI Device Setup
Import MIDI Devices	Import MIDI Devices
Import MIDI file	Import MIDI file
Import Map	Import Map
Import Markers	Import Markers
Import Master Track	Import Master Track
Import Medium	Import Medium
Import Medium...	Import Medium...
Import Options	Import Options
Import Pattern Bank	Import Pattern Bank
Import Pool	Import Pool
Import Pool...	Import Pool...
Import Position	Import Position
Import Position for New Tracks	Import Position for New Tracks
Import Script	Import Script
Import Setup	Import Setup
Import Track Archive	Import Track Archive
Import Track Picture	Import Track Picture
Import Tracks from Project	Import Tracks from Project
Import Video	Import Video
Import Video File	Import Video File
Import all Media Files	Import all Media Files
Import at Absolute Position	Import at Absolute Position
Import at Absolute Time	Import at Absolute Time
Import at Cursor Position	Import at Cursor Position
Import at Relative Position	Import at Relative Position
Import at Timecode Position	Import at Timecode Position
Import audio tracks from video	Import audio tracks from video
Import dropped File as single Part	Import Dropped File as single Part
Import from Audio CD	Import from Audio CD
Import from MIDI Loop	Import from MIDI Loop
Import into Pool	Import into Pool
Import nothing	Import nothing
Import profile from file	Import profile from file
Import to Left Locator	Import to Left Locator
Import video events as marker?	Import video events as marker?
Import...	Import...
Importing OMF file...	Importing OMF file...
Importing audio file: %s	Importing audio file: %s
Importing audio stream from video file...	Importing audio stream from video file...
Importing audio track: %d	Importing audio track: %d
Importing video file: %s	Importing video file: %s
Importing video track: %d	Importing video track: %d
In	In
In 'All MIDI Inputs'	In 'All MIDI Inputs'
In Loop	In Loop
In Play and Record	In Play and Record
In Record	In Record
In Single Voice mode, the notes are mapped to the selected voice (monophonic material only)	In Single Voice mode, the notes are mapped to the selected voice (monophonic material only)
In Voicings mode, you can select the voicing library or use the settings from the chord track.	In Voicings mode, you can select the voicing library or use the settings from the chord track.
In general, the voice in which notes appear does not influence the appearance of cautionary accidentals. However, for complex music on instruments with multiple staves, you may prefer to allow cautionary accidentals to appear for notes at the same pich and octave in other voices.	In general, the voice in which notes appear does not influence the appearance of cautionary accidentals. However, for complex music on instruments with multiple staves, you may prefer to allow cautionary accidentals to appear for notes at the same pich and octave in other voices.
In some hand-copied lead sheets, the clef is shown only at the beginning of the first bar, and it is hidden on subsequent systems. To follow this convention, choose 'Hide Clefs'.	In some hand-copied lead sheets, the clef is shown only at the beginning of the first bar, and it is hidden on subsequent systems. To follow this convention, choose 'Hide Clefs'.
In some hand-copied lead sheets, the key signature is shown only at the beginning of the first bar, and it is hidden on subsequent systems. To follow this convention, choose 'Hide Key Signatures'.	In some hand-copied lead sheets, the key signature is shown only at the beginning of the first bar, and it is hidden on subsequent systems. To follow this convention, choose 'Hide Key Signatures'.
In this mode, only program plug-ins are loaded.	In this mode, only program plug-ins are loaded.
Inactive	Inactive
Inactive Cycle	Inactive Cycle
Inactive Note Event Intensity	Inactive Note Event Intensity
Inactive: %s	Inactive: %s
Inches (in)	Inches (in)
Include Artist in File Name	Include Artist in File Name
Include Audio Events	Include Audio Events
Include Bass Notes	Include Bass Notes
Include Chase	Include Chase
Include Folders and Subfolders	Include Folders and Subfolders
Include Inserts	Include Inserts
Include Inserts for Instrument Tracks	Include Inserts for Instrument Tracks
Include Inserts for Instruments/Sampler Tracks	Include Inserts for Instruments/Sampler Tracks
Include Inserts for Sampler Tracks	Include Inserts for Sampler Tracks
Include MIDI Channel	Include MIDI Channel
Include MIDI Channel (for pre-configured multi-timbral external instruments - such as Samplers)	Include MIDI Channel (for pre-configured multi-timbral external instruments - such as Samplers)
Include MIDI Patch	Include MIDI Patch
Include MIDI Patch (for multi-timbral external instruments with all sounds available on all channels - such as MIDI Expanders)	Include MIDI Patch (for multi-timbral external instruments with all sounds available on all channels - such as MIDI Expanders)
Include Production in File Name	Include Production in File Name
Include Sends	Include Sends
Include Tensions	Include Tensions
Included in Link Group: <%s>	Included in Link Group: <%s>
Including Channel Settings	Including Channel Settings
Incoming MIDI Data from Other Controller	Incoming MIDI Data from Other Controller
Incoming Timecode	Incoming Timecode
Increase ASIO Buffer Size	Increase ASIO Buffer Size
Increase ASIO-Guard Level	Increase ASIO-Guard Level
Increase Channel Width	Increase Channel Width
Increase Counter Start Value	Increase Counter Start Value
Increase Section Height	Increase Section Height
Increase Window Size	Increase Window Size
Increase the detected tempo to double tempo	Increase the detected tempo to double tempo
Increasing Stepwise	Increasing Stepwise
Increasing Stepwise (cycle)	Increasing Stepwise (cycle)
Increment	Increment
Increment Event Volume	Increment Event Volume
Increment Fade In Length	Increment Fade-In Length
Increment Fade Out Length	Increment Fade-Out Length
Increment Volume in dB	Increment Volume in dB
Increment/Decrement on Left-Click and Drag	Increment/Decrement on Left-Click and Drag
Increment/Decrement on Left/Right-Click	Increment/Decrement on Left/Right-Click
Indentation	Indentation
Independent	Independent
Independent Track Loop	Independent Track Loop
Index	Index
Indicate Transpositions	Indicate Transpositions
Indicates if Device Panel is active	Indicates if Device Panel is active
Indicates if Expression Map is active	Indicates if Expression Map is active
Indicates if Hitpoints are calculated	Indicates if Hitpoints are calculated
Indicates if Track Quick Controls are active	Indicates if Track Quick Controls are active
Indicates if a grid is defined	Indicates if a grid is defined
Indicates if annotations exist	Indicates if annotations exist
Indicates if more than one Version exists	Indicates if more than one Version exists
Indicates if this track follows the chord track	Indicates if this track follows the chord track
Indicates the Network Permission status	Indicates the Network Permission status
Indicates the Scale Assistant status	Indicates the Scale Assistant status
Individual Channels	Individual Channels
Individual Controller Settings	Individual Controller Settings
Info	Info
Info Line	Info Line
Info/Solo	Info/Solo
Information	Information
Inhibit Restart ms	Inhibit Restart ms
Inhibit warning when applying Offline Processes	Inhibit warning when applying Offline Processes
Inhibit warning when changing the Sample Data	Inhibit warning when changing the Sample Data
Initial Number	Initial Number
Initial assignment of input movements to VST Note Expressions	Initial assignment of input movements to VST Note Expressions
Initialize Dynamic Mapping	Initialize Dynamic Mapping
Initialize Dynamic Range	Initialize Dynamic Range
Initializing %s...	Initializing %s...
Initializing: 	Initializing: 
Input	Input
Input Channel	Input Channel
Input Channels	Input Channels
Input Filter	Input Filter
Input Gain	Input Gain
Input Group and Channel	Input Group and Channel
Input Latency	Input Latency
Input Latency:	Input Latency:
Input MIDI Signal	Input MIDI Signal
Input Monitor: 	Input Monitor: 
Input Options	Input Options
Input Phase	Input Phase
Input Port	Input Port
Input Port %d	Input Port %d
Input Port Names from Script	Input Port Names from Script
Input Ports	Input Ports
Input Routing	Input Routing
Input Routing.\nSet for all selected with [Shift + ALT + click].	Input Routing.\nSet for all selected with [Shift + ALT + click].
Input Stream	Input Stream
Input Track	Input Track
Input Transformer	Input Transformer
Input Transformer Presets	Input Transformer Presets
Input/Output	Input/Output
Input/Output Activity	Input/Output Activity
Input/Output Options	Input/Output Options
Input/Output routing and MIDI channel are set up correctly for playing	Input/Output routing and MIDI channel are set up correctly for playing
Inputs	Inputs
Ins	Ins
Insert	Insert
Insert & Strip Effects	Insert & Strip Effects
Insert 1	Insert 1
Insert 1 Edit	Insert 1 Edit
Insert 1 Enable	Insert 1 Enable
Insert 2 Edit	Insert 2 Edit
Insert 2 Enable	Insert 2 Enable
Insert 3 Edit	Insert 3 Edit
Insert 3 Enable	Insert 3 Enable
Insert 4 Edit	Insert 4 Edit
Insert 4 Enable	Insert 4 Enable
Insert All Patterns at Cursor	Insert All Patterns at Cursor
Insert Audio Part	Insert Audio Part
Insert Bars	Insert Bars
Insert Broadcast Wave Chunk	Insert Broadcast Wave Chunk
Insert Chain Steps	Insert Chain Steps
Insert Chord Event	Insert Chord Event
Insert Chord Events	Insert Chord Events
Insert Chord Notes	Insert Chord Notes
Insert Color	Insert Color
Insert Cycle Marker	Insert Cycle Marker
Insert Dynamic Symbol	Insert Dynamic Symbol
Insert Effect	Insert Effect
Insert Event Type	Insert Event Type
Insert Exclusive	Insert Exclusive
Insert Hitpoint	Insert Hitpoint
Insert ID3 Tag	Insert ID3 Tag
Insert Input from Selected Track as Cycle Recording	Insert Input from Selected Track as Cycle Recording
Insert Input from Selected Track as Linear Recording	Insert Input from Selected Track as Linear Recording
Insert Layer	Insert Layer
Insert Length	Insert Length
Insert MIDI Event	Insert MIDI Event
Insert MIDI Part	Insert MIDI Part
Insert MIDI Retrospective Recording in Editor	Insert MIDI Retrospective Recording in Editor
Insert Marker	Insert Marker
Insert Marker Chunk	Insert Marker Chunk
Insert Media at Position	Insert Media at Position
Insert Note	Insert Note
Insert Note Expression Data	Insert Note Expression Data
Insert Notes	Insert Notes
Insert Pattern at Cursor	Insert Pattern at Cursor
Insert Pattern at Left Locator	Insert Pattern at Left Locator
Insert Recording...	Insert Recording...
Insert Region	Insert Region
Insert Reset Events after Record	Insert Reset Events after Record
Insert Retrospective Recording	Insert Retrospective Recording
Insert Retrospective Recording from All MIDI Inputs on Selected Track	Insert Retrospective Recording from All MIDI Inputs on Selected Track
Insert Retrospective Recording from Track Input in Editor	Insert Retrospective Recording from Track Input in Editor
Insert Scale	Insert Scale
Insert Scale Event	Insert Scale Event
Insert Selected In Arranger Chain	Insert Selected In Arranger Chain
Insert Silence	Insert Silence
Insert Step Forward	Insert Step Forward
Insert Subbank at Cursor	Insert Subbank at Cursor
Insert Subbank at Left Locator	Insert Subbank at Left Locator
Insert Tempo Definition	Insert Tempo Definition
Insert Tempo Event at Cursor	Insert Tempo Event at Cursor
Insert Tempo Event at Cursor...	Insert Tempo Event at Cursor...
Insert Tempo Events	Insert Tempo Events
Insert Text	Insert Text
Insert Time Signature Event	Insert Time Signature Event
Insert Time Signature Event...	Insert Time Signature Event...
Insert Type	Insert Type
Insert Velocities...	Insert Velocities...
Insert Velocity	Insert Velocity
Insert Velocity 1	Insert Velocity 1
Insert Velocity 2	Insert Velocity 2
Insert Velocity 3	Insert Velocity 3
Insert Velocity 4	Insert Velocity 4
Insert Velocity 5	Insert Velocity 5
Insert [Channel Latency Overview]	Inserts
Insert a diminished triad	Insert a diminished triad
Insert a fully-diminished chord	Insert a fully-diminished chord
Insert a major chord	Insert a major chord
Insert a major chord with a 7	Insert a major chord with a 7
Insert a major chord with a major 7	Insert a major chord with a major 7
Insert a major chord with a major 7 and an augmented 5	Insert a major chord with a major 7 and an augmented 5
Insert a minor chord	Insert a minor chord
Insert a minor chord with a 6	Insert a minor chord with a 6
Insert a minor chord with a 7	Insert a minor chord with a 7
Insert a minor chord with a 7 and a flat 5	Insert a minor chord with a 7 and a flat 5
Insert a minor chord with a major 7	Insert a minor chord with a major 7
Insert a suspended fourth chord	Insert a suspended fourth chord
Insert a suspended fourth chord with a 7	Insert a suspended fourth chord with a 7
Insert a suspended second chord	Insert a suspended second chord
Insert a suspended second chord with a 7	Insert a suspended second chord with a 7
Insert an augmented chord	Insert an augmented chord
Insert as Cycle Recording	Insert as Cycle Recording
Insert as Linear Recording	Insert as Linear Recording
Insert from All MIDI Inputs	Insert from All MIDI Inputs
Insert iXML Chunk	Insert iXML Chunk
Insert into Project	Insert into Project
Insert into Project at Cursor	Insert into Project at Cursor
Insert into Project at Left Locator	Insert into Project at Left Locator
Insert into Project at Origin	Insert into Project at Origin
Insert into Project at Timecode Position	Insert into Project at Timecode Position
Insert is not possible.\nOrigin is before project start.	Insert is not possible.\nOrigin is before project start.
Insert objects on one track or insert each on different track?	Insert objects on one track or insert each on different track?
Insert tempo event at cursor position	Insert tempo event at cursor position
Insert tempo event at last playback start position	Insert tempo event at last playback start position
Insert tempo event at selection start	Insert tempo event at selection start
Insert to Pool	Insert to Pool
Insert2	Insert2
Insert3	Insert3
Insert4	Insert4
Insert[Key]	Insert
Inserted Notes Velocity	Inserted Notes Velocity
Inserts	Inserts
Inserts (Control Room)	Inserts (Control Room)
Inserts (Post-Fader)	Inserts (Post-Fader)
Inserts (Pre-Fader)	Inserts (Pre-Fader)
Inserts Bypass	Inserts Bypass
Inserts Bypass on/off.\nReset with [CTRL + click].	Inserts Bypass on/off.\nReset with [CTRL + click].
Inserts Reset	Inserts Reset
Inserts State (Bypass Inserts with click)	Inserts State (Bypass Inserts with click)
Inserts State (Bypass Inserts with click/Context-menu shows usage)	Inserts State (Bypass Inserts with click/Context-menu shows usage)
Inserts [short]	Inserts
Inserts a scale that corresponds to all selected chords	Inserts a scale that corresponds to all selected chords
Inserts and Strip	Inserts and Strip
Inserts/EQs/Sends	Inserts/EQs/Sends
Inserts/Sends	Inserts/Sends
Inside Bar Range	Inside Bar Range
Inside Cycle	Inside Cycle
Inside Dynamics	Inside Dynamics
Inside Edge	Inside Edge
Inside NoteExp	Inside NoteExp
Inside Range	Inside Range
Inside Selected Marker	Inside Selected Marker
Inside Track Loop	Inside Track Loop
Inspector	Inspector
Inspector Size	Inspector Size
Install Device	Install Device
Install Template	Install Template
Installed Devices	Installed Devices
Installed Fonts	Installed Fonts
Instances	Instances
Instances:	Instances:
Instrument	Instrument
Instrument (Disable with ALT + click)	Instrument (Disable with [ALT]-Click)
Instrument Channels	Instrument Channels
Instrument Output Track	Instrument Output Track
Instrument Pitch or Transposition	Instrument Pitch or Transposition
Instrument Return	Instrument Return
Instrument Settings...	Instrument Settings...
Instrument Sounds	Instrument Sounds
Instrument Track	Instrument Track
Instrument Tracks	Instrument Tracks
Instrument Type	Instrument Type
Instrument doesn't send any audio to the application!\nDo you want to continue?	Instrument doesn't send any audio to the application!\nDo you want to continue?
Instrument is not connected. Freeze is not possible.	Instrument is not connected. Freeze is not possible.
Instruments use Automation Read All and Write All	Instruments use Automation Read All and Write All
Integrated Loudness	Integrated Loudness
Integrated Loudness Reference	Integrated Loudness Reference
Integrated Loudness in LUFS	Integrated Loudness in LUFS
Intelligibility	Intelligibility
Intensity	Intensity
Inter-System Gap	Inter-System Gap
Inter-System Gap In Fill View:	Inter-System Gap In Fill View:
Interface Type	Interface Type
Interleaved	Interleaved
Internal	Internal
Internal Timecode	Internal Timecode
Internal Timecode Settings	Internal Timecode Settings
International	International
Interpolate Audio Waveforms	Interpolate Audio Waveforms
Interpret Sustain Pedal	Interpret Sustain Pedal
Interpretation	Interpretation
Interval	Interval
Interval in seconds	Interval in seconds
Intput Port Names	Intput Port Names
Invalid	Invalid
Invalid Channel Count!	Invalid Channel Count!
Invalid Path	Invalid Path
Invalid Skin File!	Invalid Skin File!
Invalid Url	Invalid Url
Invalid event	Invalid event
Invalid file: Only H264 encoded files are supported.	Invalid file: Only H264 encoded files are supported.
Invalid input. MP3 only supports mono and stereo channels.	Invalid input. MP3 only supports mono and stereo channels.
Invalid or not supported file!	Invalid or not supported file!
Invalid project file "%s" !	Invalid project file "%s" !
Invalid signature	Invalid signature
Invalid working directory!	Invalid working directory!
Inversions	Inversions
Inversions: Move Down	Inversions: Move Down
Inversions: Move Up	Inversions: Move Up
Invert	Invert
Invert Control Value	Invert Control Value
Invert Direction for Horizontal Mouse Wheel Scrolling	Invert Direction for Horizontal Mouse Wheel Scrolling
Invert EQ Band %d	Invert EQ Band %d
Invert EQ Settings	Invert EQ Settings
Invert Hardware Input Phase	Invert Hardware Input Phase
Invert Minimum and Maximum	Invert Minimum and Maximum
Invert Phase	Invert Phase
Invert Phase On/Off	Invert Phase On/Off
Invert Phase on	Invert Phase on
Invert Selection	Invert Selection
Is Disabled	Is Disabled
Is Empty	Is Empty
Is Hidden	Is Hidden
Is Muted	Is Muted
Is Part of Chord	Is Part of Chord
Is Part of Scale	Is Part of Scale
Is Selected	Is Selected
Is Valid VST 3	Is Valid VST 3
It is not possible to create a shared copy if the timebase of the tracks do not match.\nA real copy was created instead.	It is not possible to create a shared copy if the time base of the tracks do not match.\nA real copy was created instead.
It is not possible to cut the selected range because the borders are inside a crossfade.	It is not possible to cut the selected range because the borders are inside a crossfade.
Italic	Italic
Item Properties	Item Properties
Jam Block (High)	Jam Block (High)
Jam Block (Low)	Jam Block (Low)
Jam Block (Medium)	Jam Block (Medium)
Jam Block (Medium-High)	Jam Block (Medium-High)
Jam Block (Medium-Low)	Jam Block (Medium-Low)
Jam-Sync	Jam-Sync
Japanese	Japanese
Japanese 1	Japanese 1
Japanese 2	Japanese 2
Jawbone	Jawbone
Jazz (Five Sounds)	Jazz (Five Sounds)
Jazz Articulations	Jazz Articulations
Job	Job
Jog Left	Jog Left
Jog Right	Jog Right
Join Manually	Join Manually
Join Now	Join Now
Join Project	Join Project
Join at the last drop out position	Join at the last drop out position
Jump	Jump
Jump Mode	Jump Mode
Jump Mode (determines when the next live section will play)	Jump Mode (determines when the next live section will play)
Jump to Marker 1\nUse [ALT + click] to set	Jump to Marker 1\nUse [ALT]-click to set
Jump to Marker 2\nUse [ALT + click] to set	Jump to Marker 2\nUse [ALT]-click to set
Jump to Marker 3\nUse [ALT + click] to set	Jump to Marker 3\nUse [ALT]-click to set
Jump to Marker 4\nUse [ALT + click] to set	Jump to Marker 4\nUse [ALT]-click to set
Jump to Marker 5\nUse [ALT + click] to set	Jump to Marker 5\nUse [ALT]-click to set
Jump to Marker 6\nUse [ALT + click] to set	Jump to Marker 6\nUse [ALT]-click to set
Jump to Marker 7\nUse [ALT + click] to set	Jump to Marker 7\nUse [ALT]-click to set
Jump to Marker 8\nUse [ALT + click] to set	Jump to Marker 8\nUse [ALT]-click to set
Jump to Next Range with Low Intelligibility	Jump to Next Range with Low Intelligibility
Jump to Next True Peak Value Exceeding Reference Level	Jump to Next True Peak Value Exceeding Reference Level
Jump to Previous Range with Low Intelligibility	Jump to Previous Range with Low Intelligibility
Jump to Previous True Peak Value Exceeding Reference Level	Jump to Previous True Peak Value Exceeding Reference Level
Jumps	Jumps
Just Notes and No Pitchbend Data	Just Notes and No Pitchbend Data
Justify	Justify
Justify Distance Between Staves and Systems When Page Is at Least:	Justify Distance Between Staves and Systems When Page Is at Least:
Justify Distance Only Between Systems When Page Is at Least:	Justify Distance Only Between Systems When Page Is at Least:
Justify Staves When Page with Single System Is Above This Threshold	Justify Staves When Page with Single System Is Above This Threshold
KB	KB
Kayamba	Kayamba
Keep	Keep
Keep Arranger Track	Keep Arranger Track
Keep Combined Automation and Remove from Link Group	Keep Combined Automation and Remove from Link Group
Keep Current Audio in Project	Keep Current Audio in Project
Keep Current Project Active	Keep Current Project Active
Keep Dialog Open	Keep Dialog Open
Keep Editor Contents	Keep Editor Contents
Keep Editor Contents (Don't follow Project window event selection)	Keep Editor Contents (Don't follow Project window event selection)
Keep Editor Contents On/Off	Keep Editor Contents On/Off
Keep Existing Notes	Keep Existing Notes
Keep Freeze Files	Keep Freeze Files
Keep History	Keep History
Keep History[RM]	Keep History
Keep Last	Keep Last
Keep Last[RM]	Keep Last
Keep Map (Don't follow Project window track selection)	Keep Map (Don't follow Project window track selection)
Keep Notes in Range	Keep Notes in Range
Keep Plug-ins in Memory until the Application Quits	Keep Plug-ins in Memory until the Application Quits
Keep Silent Segments	Keep Silent Segments
Keep Source Events Unchanged	Keep Source Events Unchanged
Keep Source Tracks	Keep Source Tracks
Keep Source Tracks Unchanged	Keep Source Tracks Unchanged
Keep Track (Don't follow Project window track selection)	Keep Track (Don't follow Project window track selection)
Keep Transpose in Octave Range	Keep Transpose in Octave Range
Keeps Silent Segments as Separate Events	Keeps Silent Segments as Separate Events
Kempyang	Kempyang
Kendhang Ageng	Kendhang Ageng
Ketuk	Ketuk
Key	Key
Key Command Assignments...	Key Command Assignments...
Key Command Mapping	Key Command Mapping
Key Commands	Key Commands
Key Commands...	Key Commands...
Key Editor	Key Editor
Key Editor: 	Key Editor: 
Key Mapping	Key Mapping
Key Nr	Key Nr
Key Signatures	Key Signatures
Key Signatures at Start of System Following First System	Key Signatures at Start of System Following First System
Key Switch	Key Switch
Key[Key Commands dialog]	Key
Key[keycomms]	Key
Keyboard	Keyboard
Kick Drum (Low)	Kick Drum (Low)
Kick Drum (Very Low)	Kick Drum (Very Low)
Knob	Knob
Knob Control Style	Knob Control Style
Knob Mode	Knob Mode
Knob:	Knob:
Knobs	Knobs
L - Toggle Learn Mode     Cursors - Cell Navigation	L - Toggle Learn Mode     Cursors - Cell Navigation
L/R Channels from Surround	L/R Channels from Surround
LED Ring	LED Ring
LED Ring (counter-clockwise)	LED Ring (counter-clockwise)
LFE Gain	LFE Gain
LSB Control No.	LSB Control No.
LU +18	LU +18
LU +9	LU +9
LUFS +18	LUFS +18
LUFS +9	LUFS +9
Label	Label
Label Field	Label Field
Labels	Labels
Lamp	Lamp
Landscape	Landscape
Lane	Lane
Lane Comping	Lane Comping
Lane Controls	Lane Controls
Lane Display Type	Lane Display Type
Lane Pitch	Lane Pitch
Lanes Active	Lanes Active
Lanes and Pool	Lanes and Pool
Lanes from Versions	Lanes from Versions
Language	Language
Large Arrow Down Noteheads	Large Arrow Down Noteheads
Large Arrow Up Noteheads	Large Arrow Up Noteheads
Large Circled Noteheads	Large Circled Noteheads
Large Gong	Large Gong
Large X and Diamond Noteheads	Large X and Diamond Noteheads
Last Chain Step	Last Chain Step
Last Click	Last Click
Last Event	Last Event
Last Hovered Control	Last Hovered Control
Last Key	Last Key
Last MIDI Controller	Last MIDI Controller
Last Month	Last Month
Last Repeat	Last Repeat
Last Repeat of Current Chain Step	Last Repeat of Current Chain Step
Last Section	Last Section
Last Touched Control	Last Touched Control
Last Touched Parameter	Last Touched Parameter
Last Value	Last Value
Last Week	Last Week
Last Year	Last Year
Last played Chord Pad stays active even after its remote key is released	Last played Chord Pad stays active even after its remote key is released
Latch Buffer	Latch Buffer
Latch Chord Pads	Latch Chord Pads
Latch Chords	Latch Chords
Latch Mode	Latch Mode
Latency	Latency
Latency (Samples)	Latency (Samples)
Latency (ms)	Latency (ms)
Latency:	Latency:
Latency: %d Samples (%.1f ms)	Latency: %d Samples (%.1f ms)
Later	Later
Layer	Layer
Layer Zone	Layer Zone
Layout	Layout
Layout Settings	Layout Settings
Layout Settings...	Layout Settings...
Layout Settings: %s	Layout Settings: %s
Layout Tool	Layout Tool
Layout Type	Layout Type
Layout has no tracks	Layout has no tracks
Layout: Add Layout	Layout: Add Layout
Layout: Concert Pitch	Layout: Concert Pitch
Layout: Lock/Unlock Layout	Layout: Lock/Unlock Layout
Layout: Remove Layout	Layout: Remove Layout
Layout: Switch to Layout %d	Layout: Switch to Layout %d
Layout: Transposed Pitch	Layout: Transposed Pitch
Layouts	Layouts
Leading	Leading
Learn	Learn
Learn MIDI assignment for selected Note Expression parameter	Learn MIDI assignment for selected Note Expression parameter
Learn Parameter	Learn Parameter
Learn mode: Assign the destination by clicking a parameter in your project.	Learn mode: Assign the destination by clicking a parameter in your project.
Leave	Leave
Leave empty to use Pool Record folder	Leave empty to use Pool Record folder
Left	Left
Left Arrow[Key]	Left
Left Channel	Left Channel
Left Divider	Left Divider
Left Locator Position	Left Locator Position
Left Selection Side to Cursor	Left Selection Side to Cursor
Left Switch	Left Switch
Left Switch:	Left Switch:
Left Zone	Left Zone
Left to Stereo	Left to Stereo
Left-Aligned on Barline	Left-Aligned on Barline
Left-Right	Left-Right
Left/Right movement (Glide)	Left/Right movement (Glide)
Legacy Information	Legacy Information
Legato	Legato
Legato Mode: Between Selected Notes Only	Legato Mode: Between Selected Notes Only
Legato Overlap	Legato Overlap
Legato Sliding	Legato Sliding
Length	Length
Length Adjustment	Length Adjustment
Length Attribute Source	Length Attribute Source
Length Compression	Length Compression
Length Decay	Length Decay
Length Factor	Length Factor
Length Quant.	Length Quant.
Length Quantize	Length Quantize
Length in Bars	Length in Bars
Length in Samples	Length in Samples
Length in Seconds	Length in Seconds
Length is 0	Length is 0
Length of current recording	Length of current recording
Lengths	Lengths
Less	Less
Less or Equal	Less or Equal
Less than	Less than
Less...	Less...
Letter Spacing	Letter Spacing
Level	Level
Level 1	Level 1
Level 2	Level 2
Level 3	Level 3
Level 4	Level 4
Level 5	Level 5
Level Control (Output Channel)	Level Control (Output Channel)
Level Display (Output Channel)	Level Display (Output Channel)
Levels	Levels
Lfe 	Lfe 
Libraries	Libraries
Library - 	Library - 
License check for content could not be completed! Do you want to retry?	License check for content could not be completed! Do you want to retry?
Light	Light
Light Blue	Light Blue
Light Green	Light Green
Light Magenta	Light Magenta
Light Orange	Light Orange
Light Red	Light Red
Light Yellow	Light Yellow
Limit	Limit
Limit Number of Attribute Filters	Limit Number of Attribute Filters
Limit note pitches to this value	Limit note pitches to this value
Limit note velocities to this value	Limit note velocities to this value
Limiter	Limiter
Line	Line
Line 2 Display	Line 2 Display
Line Width	Line Width
Line [Line Tool]	Line
Linear	Linear
Linear & Cycled MIDI Recording	Linear & Cycled MIDI Recording
Linear Change in Loop Range	Linear Change in Loop Range
Lines	Lines
Link	Link
Link %d	Link %d
Link All Word Clock Outputs (Where matching rate is possible)	Link All Word Clock Outputs (Where matching rate is possible)
Link Channels	Link Channels
Link Group	Link Group
Link Group Settings	Link Group Settings
Link Group: Edit Link Group Settings	Link Group: Edit Link Group Settings
Link Group: Next Link Group	Link Group: Next Link Group
Link Group: Previous Link Group	Link Group: Previous Link Group
Link MixConsoles	Link MixConsoles
Link Panners	Link Panners
Link Playback to Chordtrack	Link Playback to Chord Track
Link Project and Lower Zone Cursors	Link Project and Lower Zone Cursors
Link Project and Lower Zone Cursors and Zoom	Link Project and Lower Zone Cursors and Zoom
Link Project and Lower Zone Editor Cursors	Link Project and Lower Zone Editor Cursors
Link Sections to Configurations	Link Sections to Configurations
Link Selected Channels	Link Selected Channels
Link Selected Channels...	Link Selected Channels...
Link Settings	Link Settings
Link Word Clock Outputs	Link Word Clock Outputs
Link [short, verb]	Link
Link to Grid	Link to Grid
Link to Grid On/Off	Link to Grid On/Off
Link to Primary Time Format	Link to Primary Time Format
Link to Project Tempo	Link to Project Tempo
Link to Transpose Track	Link to Transpose Track
Link/Unlink Selected Channels	Link/Unlink Selected Channels
Linked	Linked
Linked Channels	Linked Channels
Linked Panner	Linked Panner
List	List
List Editor: 	List Editor: 
List Editor: Show/Hide Filters	List Editor: Show/Hide Filters
Listen	Listen
Listen Chord	Listen Chord
Listen Dim	Listen Dim
Listen Dim Level	Listen Dim Level
Listen Display	Listen Display
Listen Enabled	Listen Enabled
Listen Key	Listen Key
Listen Key Level	Listen Key Level
Listen Level	Listen Level
Listen On/Off	Listen On/Off
Listen Send Position	Listen Send Position
Listen Volume	Listen Volume
Listen for All Visible Channels On/Off	Listen for All Visible Channels On/Off
Listen to Solo Channels on Center Channel	Listen to Solo Channels on Center Channel
Listen to Surround Channels on Front Channels	Listen to Surround Channels on Front Channels
Lists all tracks with hitpoints	Lists all tracks with hitpoints
Live Events	Live Events
Live Input	Live Input
Live Keys	Live Keys
Load %s Preset	Load %s Preset
Load All Mixer Settings	Load All Mixer Settings
Load Chord Pads Preset	Load Chord Pads Preset
Load Chords & Players	Load Chords & Players
Load Chords Only	Load Chords Only
Load Chords from Preset	Load Chords from Preset
Load Default	Load Default
Load FX Chain Preset for Selected Channel	Load FX Chain Preset for Selected Channel
Load FX Chain Preset...	Load FX Chain Preset...
Load GM Preset "%s"...	Load GM Preset "%s"...
Load Input Assignment	Load Input Assignment
Load Log Entry to Preview	Load Log Entry to Preview
Load MIDI File	Load MIDI File
Load Players Only	Load Players Only
Load Players from Preset	Load Players from Preset
Load Preset	Load Preset
Load Preset Settings	Load Preset Settings
Load Preset...	Load Preset...
Load Selected Channels	Load Selected Channels
Load Selected Channels...	Load Selected Channels...
Load Strip Preset...	Load Strip Preset...
Load SyncStation Template	Load SyncStation Template
Load Track Preset	Load Track Preset
Load Track Preset...	Load Track Preset...
Load VST Synths	Load VST Synths
Load available update	Load available update
Load from MediaBay...	Load from MediaBay...
Load next Program	Load next Program
Load previous Program	Load previous Program
Load previously saved Project?	Load previously saved Project?
Load...	Load...
Loaded	Loaded
Loading Channel: 	Loading Channel: 
Loading GUI Resources ...	Loading GUI Resources ...
Loading MixConsole	Loading MixConsole
Loading VST Instruments	Loading VST Instruments
Local Drives	Local Drives
Local Harddisks	Local Hard Disks
Local Loop	Local Loop
Local Voicing	Local Voicing
Locate	Locate
Locate Clip Package File	Locate Clip Package File
Locate Dropout Position in Project	Locate Dropout Position in Project
Locate End	Locate End
Locate Marker	Locate Marker
Locate Menu	Locate Menu
Locate Next Event	Locate Next Event
Locate Next Hitpoint	Locate Next Hitpoint
Locate Next Marker	Locate Next Marker
Locate Next Marker in Markers Window	Locate Next Marker in Markers Window
Locate Previous Event	Locate Previous Event
Locate Previous Hitpoint	Locate Previous Hitpoint
Locate Previous Marker	Locate Previous Marker
Locate Previous Marker in Markers Window	Locate Previous Marker in Markers Window
Locate Selection	Locate Selection
Locate Selection End	Locate Selection End
Locate Selection Start	Locate Selection Start
Locate Track File	Locate Track File
Locate VST Sound Library: %s	Locate VST Sound Library: %s
Locate when Clicked in Empty Space	Locate when Clicked in Empty Space
Location	Location
Location Tree	Location Tree
Locator Range Duration	Locator Range Duration
Locators	Locators
Locators to Selection	Locators to Selection
Locators to Selection\nUse [ALT + click] to Exchange Locator Positions	Locators to Selection\nUse [ALT]-click to Exchange Locator Positions
Lock	Lock
Lock Automation	Lock Automation
Lock Chord Assignment on Pad	Lock Chord Assignment on Pad
Lock Event	Lock Event
Lock Event Attributes	Lock Event Attributes
Lock Events	Lock Events
Lock Frames	Lock Frames
Lock Hitpoint	Lock Hitpoint
Lock Hitpoint (press [Alt + Shift] to lock multiple hitpoints)	Lock Hitpoint (press [ALT]-[SHIFT] to lock multiple hitpoints)
Lock Layout\nPrevents track visibility changes of the layout	Lock Layout\nPrevents track visibility changes of the layout
Lock Punch Points to Locators	Lock Punch Points to Locators
Lock Recording	Lock Recording
Lock multiple Hitpoints	Lock multiple Hitpoints
Lock...	Lock...
Lock/Unlock Track	Lock/Unlock Track
Locked	Locked
Locked to "%s"	Locked to "%s"
Locked tracks cannot be changed with this operation.	Locked tracks cannot be changed with this operation.
Locrian	Locrian
Log Messages	Log Messages
Logging	Logging
Logical	Logical
Logical Editor	Logical Editor
Logical Editor Presets	Logical Editor Presets
Logical Editor...	Logical Editor...
Logical Preset	Logical Preset
Logical Presets	Logical Presets
Long	Long
Loop	Loop
Loop Browser	Loop Browser
Loop End Time	Loop End Time
Loop Range Left	Loop Range Left
Loop Range Right	Loop Range Right
Loop Selection	Loop Selection
Loop Selection Solo	Loop Selection Solo
Loop Start Time	Loop Start Time
Loops & Samples	Loops & Samples
Loud	Loud
Loudness	Loudness
Loudness (EBU R 128)	Loudness (EBU R 128)
Loudness Integrated: %.1f LUFS	Loudness Integrated: %.1f LUFS
Loudness Normalization	Loudness Normalization
Loudness Range	Loudness Range
Loudness: Enable	Loudness: Enable
Loudness: Reset	Loudness: Reset
Loudness: Switch between +9dB and +18dB Scale	Loudness: Switch between +9dB and +18dB Scale
Loudness: Switch between LU and LUFS	Loudness: Switch between LU and LUFS
Loure	Loure
Low	Low
Low [Intelligibility]	Low
Low-Cut	Low-Cut
Low-Cut Filter	Low-Cut Filter
Low-Cut Filter Frequency	Low-Cut Filter Frequency
Low-Cut Filter on/off	Low-Cut Filter on/off
Low-Cut Freq	Low-Cut Freq
Low-Cut On	Low-Cut On
Low-Cut Slope	Low-Cut Slope
Lower	Lower
Lower Limit	Lower Limit
Lower Switch	Lower Switch
Lower Switch:	Lower Switch:
Lower Zone	Lower Zone
Lowest CC Value	Lowest CC Value
Lowest Note	Lowest Note
Lowest Pitch	Lowest Pitch
Lowest Root Note	Lowest Root Note
Lowest Velocity	Lowest Velocity
Lowest in Chord from at Least n Notes	Lowest in Chord from at Least n Notes
Lydian	Lydian
Lydic diminished	Lydic diminished
Lyric	Lyric
Lyricist	Lyricist
Lyrics from Clipboard	Lyrics from Clipboard
M&E Track only	M&E Track only
MB	MB
MIDI	MIDI
MIDI + MIDI Note Number	MIDI + MIDI Note Number
MIDI Activity	MIDI Activity
MIDI Auto Quantize	MIDI Auto Quantize
MIDI CC Setup...	MIDI CC Setup...
MIDI Channel	MIDI Channel
MIDI Channel follows track selection	MIDI Channel follows track selection
MIDI Channels	MIDI Channels
MIDI Click	MIDI Click
MIDI Click Settings	MIDI Click Settings
MIDI Clock Destinations	MIDI Clock Destinations
MIDI Clock Follows Project Position	MIDI Clock Follows Project Position
MIDI Clock Preferences	MIDI Clock Preferences
MIDI Control	MIDI Control
MIDI Controller	MIDI Controller
MIDI Controller Automation Setup	MIDI Controller Automation Setup
MIDI Controller Channel	MIDI Controller Channel
MIDI Controller No.	MIDI Controller No.
MIDI Controller Scripts	MIDI Controller Scripts
MIDI Controller Settings	MIDI Controller Settings
MIDI Controller Setup	MIDI Controller Setup
MIDI Controller Setup...	MIDI Controller Setup...
MIDI Controller Surface Editor	MIDI Controller Surface Editor
MIDI Controller Value	MIDI Controller Value
MIDI Controller: 	MIDI Controller: 
MIDI Controllers	MIDI Controllers
MIDI Cycle Record Mode	MIDI Cycle Record Mode
MIDI Device	MIDI Device
MIDI Device Automation	MIDI Device Automation
MIDI Device Manager	MIDI Device Manager
MIDI Device Manager...	MIDI Device Manager...
MIDI Devices	MIDI Devices
MIDI Display Resolution: 1/16 = 	MIDI Display Resolution: 1/16 = 
MIDI Echo	MIDI Echo
MIDI Events Shown in Score	MIDI Events Shown in Score
MIDI Fader	MIDI Fader
MIDI File	MIDI File
MIDI File...	MIDI File...
MIDI Files	MIDI Files
MIDI Filter	MIDI Filter
MIDI Hex Editor	MIDI Hex Editor
MIDI In	MIDI In
MIDI In Activity	MIDI In Activity
MIDI In port for MIDI Machine Control data	MIDI In port for MIDI Machine Control data
MIDI In port for MIDI Timecode	MIDI In port for MIDI Timecode
MIDI Input	MIDI Input
MIDI Input Port	MIDI Input Port
MIDI Input Ports	MIDI Input Ports
MIDI Inputs	MIDI Inputs
MIDI Insert Velocities	MIDI Insert Velocities
MIDI Inserts	MIDI Inserts
MIDI Inserts Bypass on/off.\nReset with [CTRL + click].	MIDI Inserts Bypass on/off.\nReset with [CTRL + click].
MIDI Keyboard	MIDI Keyboard
MIDI Latency Mode	MIDI Latency Mode
MIDI Learn	MIDI Learn
MIDI Learn available for this control	MIDI Learn available for this control
MIDI Learn not available for this control	MIDI Learn not available for this control
MIDI Loop...	MIDI Loop...
MIDI Loops	MIDI Loops
MIDI Machine Control	MIDI Machine Control
MIDI Mapping	MIDI Mapping
MIDI Max. Feedback in ms	MIDI Max. Feedback in ms
MIDI Merge Options	MIDI Merge Options
MIDI Message	MIDI Message
MIDI Message Bytes	MIDI Message Bytes
MIDI Message Name	MIDI Message Name
MIDI Message or Input Movement	MIDI Message or Input Movement
MIDI Messages	MIDI Messages
MIDI Modifiers	MIDI Modifiers
MIDI Modifiers (Not for Add-ons)	MIDI Modifiers (Not for Add-ons)
MIDI Modifiers Active	MIDI Modifiers Active
MIDI Modifiers Bypass	MIDI Modifiers Bypass
MIDI Modifiers Bypass on/off	MIDI Modifiers Bypass on/off
MIDI Modifiers Edit	MIDI Modifiers Edit
MIDI Modifiers On/Off	MIDI Modifiers On/Off
MIDI Monitor	MIDI Monitor
MIDI Notes	MIDI Notes
MIDI Out Activity	MIDI Out Activity
MIDI Out port for MIDI Machine Control data	MIDI Out port for MIDI Machine Control data
MIDI Output	MIDI Output
MIDI Output Channel	MIDI Output Channel
MIDI Output Port	MIDI Output Port
MIDI Output Ports	MIDI Output Ports
MIDI Outputs	MIDI Outputs
MIDI Pan	MIDI Pan
MIDI Part	MIDI Part
MIDI Plug-in	MIDI Plug-in
MIDI Plug-ins	MIDI Plug-ins
MIDI Poly Pressure	MIDI Poly Pressure
MIDI Port Setup	MIDI Port Setup
MIDI Ports	MIDI Ports
MIDI Record Catch Range in ms	MIDI Record Catch Range in ms
MIDI Record Mode	MIDI Record Mode
MIDI Record Modes	MIDI Record Modes
MIDI Recordings are quantized automatically to the current Quantize Setting.	MIDI Recordings are quantized automatically to the current Quantize Setting.
MIDI Remote	MIDI Remote
MIDI Remote Controller	MIDI Remote Controller
MIDI Remote Controller: %s - %s	MIDI Remote Controller: %s - %s
MIDI Remote Manager	MIDI Remote Manager
MIDI Remote Mapping Assistant	MIDI Remote Mapping Assistant
MIDI Remote Script Console	MIDI Remote Script Console
MIDI Remote: Pick for Mapping	MIDI Remote: Pick for Mapping
MIDI Remote: Pick for Mapping: QC%i (Focus Quick Controls)	MIDI Remote: Pick for Mapping: QC%i (Focus Quick Controls)
MIDI Remote: Pick for Mapping: QC%i (Selected Track)	MIDI Remote: Pick for Mapping: QC%i (Selected Track)
MIDI Resetter	MIDI Resetter
MIDI Retrospective Record: Empty All Buffers	MIDI Retrospective Record: Empty All Buffers
MIDI Retrospective Record: Insert from All MIDI Inputs	MIDI Retrospective Record: Insert from All MIDI Inputs
MIDI Retrospective Record: Insert from Track Input as Cycle Recording	MIDI Retrospective Record: Insert from Track Input as Cycle Recording
MIDI Retrospective Record: Insert from Track Input as Linear Recording	MIDI Retrospective Record: Insert from Track Input as Linear Recording
MIDI Retrospective Recording	MIDI Retrospective Recording
MIDI Send Destination	MIDI Send Destination
MIDI Send Group and Channel	MIDI Send Group and Channel
MIDI Sends	MIDI Sends
MIDI Sends Bypass on/off.\nReset with [CTRL + click].	MIDI Sends Bypass on/off.\nReset with [CTRL + click].
MIDI Status	MIDI Status
MIDI Step Input	MIDI Input
MIDI Step Input (Suspended)	MIDI Step Input (Suspended)
MIDI SysEx Editor	MIDI SysEx Editor
MIDI Tempo Detection	MIDI Tempo Detection
MIDI Thru	MIDI Thru
MIDI Thru Active	MIDI Thru Active
MIDI Timecode	MIDI Timecode
MIDI Timecode Destinations	MIDI Timecode Destinations
MIDI Timecode Follows Project Time	MIDI Timecode Follows Project Time
MIDI Timecode Preferences	MIDI Timecode Preferences
MIDI Timecode Settings	MIDI Timecode Settings
MIDI Timecode Source	MIDI Timecode Source
MIDI Track	MIDI Track
MIDI Tracks	MIDI Tracks
MIDI file	MIDI file
MIDI-CI Support	MIDI-CI Support
MIDI-CI: 	MIDI-CI: 
MIDI-In	MIDI-In
MMC	MMC
MMC Device ID	MMC Device ID
MMC Input	MMC Input
MMC Master Active	MMC Master Active
MMC Output	MMC Output
MMC Slave Active	MMC Slave Active
MMCSS priority cannot be set!	MMCSS priority cannot be set!
MP3 file	MP3 file
MPE Mode	MPE Mode
MPEG 4 Video File	MPEG 4 Video File
MPEX algorithms are not supported by this program version. If you want to modify the process, you can use an Elastique algorithm. To keep the processed audio, you can make all processes permanent.	MPEX algorithms are not supported by this program version. If you want to modify the process, you can use an Elastique algorithm. To keep the processed audio, you can make all processes permanent.
MPEX algorithms are not supported by this program version. To modify the process, you can reprocess using a ZTX algorithm. To keep the processed audio, you can make all processes permanent.	MPEX algorithms are not supported by this program version. To modify the process, you can reprocess using a ZTX algorithm. To keep the processed audio, you can make all processes permanent.
MSB Control Nr	MSB Control Nr
MTC	MTC
MTC Input	MTC Input
MXF Video	MXF Video
Machine Control	Machine Control
Machine Control Destination	Machine Control Destination
Machine Control Input	Machine Control Input
Machine Control Input Settings	Machine Control Input Settings
Machine Control Output	Machine Control Output
Machine Control Output Settings	Machine Control Output Settings
Machine position follows jog	Machine position follows jog
Machine position follows mouse edits	Machine position follows mouse edits
Macros	Macros
Magenta	Magenta
Main	Main
Main Dim	Main Dim
Main Dim Volume	Main Dim Volume
Main Label	Main Label
Main Menu	Main Menu
Main Mix Volume	Main Mix Volume
Main Value	Main Value
Maj. Seventh	Maj. Seventh
Major	Major
Major 7	Major 7
Major Augmented	Major Augmented
Major Second	Major Second
Major Third 	Major Third 
Make All Permanent	Make All Permanent
Make Direct Offline Processing Permanent	Make Direct Offline Processing Permanent
Make Extension Permanent	Make Extension Permanent
Make Real Event Copies	Make Real Event Copies
Make Track Extension Permanent	Make Track Extension Permanent
Make Unbeamed	Make Unbeamed
Make Unique Name	Make Unique Name
Make all Expressions visible	Make all Expressions visible
Make only edited Expression visible	Make only edited Expression visible
Make unique name	Make unique name
Mandatory Entry	Mandatory Entry
Manipulate Crossfade	Manipulate Crossfade
Manual	Manual
Manual Adjust	Manual Adjust
Manually	Manually
Manually Adjust Grid and Tempo	Manually Adjust Grid and Tempo
Map	Map
Map Always	Map Always
Map Input Bus Metering to Audio Track (in Direct Monitoring)	Map Input Bus Metering to Audio Track (in Direct Monitoring)
Map To Voice	Map To Voice
Map to Chord Track	Map to Chord Track
MapMode	MapMode
Mapped Ports	Mapped Ports
Mapping Assistant	Mapping Assistant
Mapping Configuration	Mapping Configuration
Mapping Configuration (Multiselection)	Mapping Configuration (Multiselection)
Mapping Mode	Mapping Mode
Mapping Page	Mapping Page
Mapping Page Actions	Mapping Page Actions
Mapping Page Settings	Mapping Page Settings
Mapping Page Type	Mapping Page Type
Mapping Scope	Mapping Scope
Mapping Scopes	Mapping Scopes
Mapping Type	Mapping Type
Mappings	Mappings
Maraca (High)	Maraca (High)
Maraca (Low)	Maraca (Low)
Marcato	Marcato
Marching Bass Drum (1 line)	Marching Bass Drum (1 line)
Marching Cymbals (1 line)	Marching Cymbals (1 line)
Marching Hi-hat (1 line)	Marching Hi-hat (1 line)
Marching Ride Cymbal (1 line)	Marching Ride Cymbal (1 line)
Marching Snare Drum (1 line)	Marching Snare Drum (1 line)
Marching Tenor Drum (1 line)	Marching Tenor Drum (1 line)
Mark Tree	Mark Tree
Marker	Marker
Marker Attribute 1	Marker Attribute 1
Marker Attribute 2	Marker Attribute 2
Marker Editor	Marker Editor
Marker Settings	Marker Settings
Marker Track	Marker Track
Markers	Markers
Markers Window	Markers Window
Markers and Timecode	Markers and Timecode
Master	Master
Master Machine Control Preferences	Master Machine Control Preferences
Master Meter: AES17 (+3dB)	Master Meter: AES17 (+3dB)
Match to PPQ Grid Colors	Match to PPQ Grid Colors
Match with Chord Track	Match with Chord Track
Matching Scales	Matching Scales
Max	Max.
Max.	Max.
Max. (127)	Max. (127)
Max. Move[QP]	Max. Move
Max. Movement	Max. Movement
Max. Punch Logs	Max. Punch Logs
Max. RMS	Max. RMS
Max. RMS All Channels	Max. RMS All Channels
Max. Record Time	Max. Record Time
Max. Sample Value	Max. Sample Value
Max. Step Length	Max. Step Length
Max. True Peak Level	Max. True Peak Level
Max. Value	Max. Value
Maximize	Maximize
Maximum	Maximum
Maximum Backup Files	Maximum Backup Files
Maximum Duration for Rhythmic Slashes	Maximum Duration for Rhythmic Slashes
Maximum Items in Results List	Maximum Items in Results List
Maximum Load	Maximum Load
Maximum Load\nClick to Show Audio Performance Panel	Maximum Load\nClick to Show Audio Performance Panel
Maximum Momentary Loudness	Maximum Momentary Loudness
Maximum Number of Auto Save Files	Maximum Number of Auto Save Files
Maximum Number of Rhythm Dots Allowed in Compound Beats	Maximum Number of Rhythm Dots Allowed in Compound Beats
Maximum Number of Rhythm Dots Allowed in Simple Beats	Maximum Number of Rhythm Dots Allowed in Simple Beats
Maximum Peak Level	Maximum Peak Level
Maximum Peak Level in dBFS	Maximum Peak Level in dBFS
Maximum Quantize Movement	Maximum Quantize Movement
Maximum Short-Term Loudness	Maximum Short-Term Loudness
Maximum Undo Steps	Maximum Undo Steps
Maximum Value for Randomize Parameter	Maximum Value for Randomize Parameter
Measure Delay	Measure Delay
Measure Effect's Loop Delay for Delay Compensation	Measure Effect's Loop Delay for Delay Compensation
Measure Loudness	Measure Loudness
Measurements below this value are not included in the 'Average Intelligibility' calculation	Measurements below this value are not included in the 'Average Intelligibility' calculation
Media	Media
Media & MixConsole Windows	Media & MixConsole Windows
Media "	Media "
Media Description	Media Description
Media Destination Path	Media Destination Path
Media Files	Media Files
Media Type	Media Type
Media Type is	Media Type is
Media Types Filter	Media Types Filter
Media type(s):	Media type(s):
MediaBay	MediaBay
MediaBay Aspects	MediaBay Aspects
MediaBay Settings	MediaBay Settings
MediaType	MediaType
Medium	Medium
Medium [Intelligibility]	Medium
Melodic	Melodic
Melodic Minor	Melodic Minor
Melodic Mode	Melodic Mode
Melody	Melody
Memo Recorder	Memo Recorder
Menu	Menu
Merge	Merge
Merge Active Project To Selected Network Project	Merge Active Project To Selected Network Project
Merge MIDI	Merge MIDI in Loop
Merge MIDI in Loop...	Merge MIDI in Loop...
Merge Mode (VST 3)	Merge Mode (VST 3)
Merge Mono Tracks	Merge Mono Tracks
Merge Mono to Multi-Channel	Merge Mono to Multi-Channel
Merge Project into Network Project	Merge Project into Network Project
Merge channels: Number of channels within selection must match channel configuration of selected track!\nSplit channels: Number of channels within selection must match channel configuration of selected and following tracks!	Merge channels: Number of channels within selection must match channel configuration of selected track!\nSplit channels: Number of channels within selection must match channel configuration of selected and following tracks!
Merge recorded data into existing parts.	Merge recorded data into existing parts.
Merge[RM]	Merge
Merged	Merged
Merging MIDI	Merging MIDI
Merging of shared projects is not allowed.	Merging of shared projects is not allowed.
Message	Message
Meta[Key]	Meta
Meter	Meter
Meter All	Meter All
Meter Bridge	Meter Bridge
Meter Count	Meter Count
Meter Max	Meter Max.
Meter Peak Level\n[Click] to reset	Meter Peak Level\n[Click] to reset
Meter Peak Level\n[Click] to reset\n[Alt + Click] to reset all meters	Meter Peak Level\n[Click] to reset\n[Alt + Click] to reset all meters
Meter Peak: <%s>	Meter Peak: <%s>
Meter Position: <%s>	Meter Position: <%s>
Meter Range	Meter Range
Meter Select	Meter Select
Meter Settings	Meter Settings
Meter Type: <%s>	Meter Type: <%s>
Meter View	Meter View
Metering	Metering
Metering Channel	Metering Channel
Metering Channel Configuration: <%s>	Metering Channel Configuration: <%s>
Meters per Page	Meters per Page
Meters' Fallback	Meters' Fallback
Meters' Peak Hold Time	Meters' Peak Hold Time
Meters: Hold Forever	Meters: Hold Forever
Meters: Hold Peaks	Meters: Hold Peaks
Meters: Input	Meters: Input
Meters: Post Fader	Meters: Post Fader
Meters: Post Panner	Meters: Post Panner
Meters: Pre Fader	Meters: Pre Fader
Meters: Reset	Meters: Reset
Metronome Click Active	Metronome Click Active
Metronome Click Level	Metronome Click Level
Metronome Click Pan	Metronome Click Pan
Metronome Level	Metronome Level
Metronome Setup	Metronome Setup
Metronome Setup...	Metronome Setup...
Middle	Middle
Millimeters (mm)	Millimeters (mm)
Min	Min.
Min.	Min.
Min. (0)	Min. (0)
Min. Sample Value	Min. Sample Value
Min. Seventh	Min. Seventh
Min. Step Length	Min. Step Length
Min. Value	Min. Value
Mine	Mine
Minimal	Minimal
Minimize	Minimize
Minimize All	Minimize All
Minimize Audio Files	Minimize Audio Files
Minimize File	Minimize File
Minimizing files will clear the entire edit history!\n\nDo you want to continue?	Minimizing files will clear the entire edit history!\n\nDo you want to continue?
Minimum	Minimum
Minimum Distance from Other Objects	Minimum Distance from Other Objects
Minimum Distance from Staff	Minimum Distance from Staff
Minimum Gaps	Minimum Gaps
Minimum Inter-Staff Gap with Content	Minimum Inter-Staff Gap with Content
Minimum Inter-System Gap with Content	Minimum Inter-System Gap with Content
Minimum Length	Minimum Length
Minimum Number of Staves in System	Minimum Number of Staves in System
Minimum Number of Tracks	Minimum Number of Tracks
Minimum Time Closed	Minimum Time Closed
Minimum Time Open	Minimum Time Open
Minimum Value for Randomize Parameter	Minimum Value for Randomize Parameter
Minimum Velocity	Minimum Velocity
Minor	Minor
Minor Second	Minor Second
Minor Third	Minor Third
Mirror	Mirror
Mirrored	Mirrored
Missing	Missing
Missing Current Project Colors	Missing Current Project Colors
Missing Files:	Missing Files:
Missing Plug-ins	Missing Plug-ins
Missing Ports	Missing Ports
Missing Thumbnail Cache	Missing Thumbnail Cache
Missing Track Version	Missing Track Version
Missing attributes...	Missing attributes...
Missing files will be exported as media references.	Missing files will be exported as media references.
Missing response from participant: 	Missing response from participant: 
Missing:	Missing:
Mix	Mix
Mix Down to one Audio File	Mix Down to One Audio File
Mix Monitor Signal with Playback Signal	Mix Monitor Signal with Playback Signal
Mix-Stacked	Mix-Stacked
Mix-Stacked (No Mute)	Mix-Stacked (No Mute)
MixConsole	MixConsole
MixConsole Channel Strip Colors	MixConsole Channel Strip Colors
MixConsole Channels	MixConsole Channels
MixConsole Fader Colors	MixConsole Fader Colors
MixConsole History	MixConsole History
MixConsole Lower Zone	MixConsole Lower Zone
MixConsole Section Colors	MixConsole Section Colors
MixConsole Snapshot Recall Settings	MixConsole Snapshot Recall Settings
MixConsole Snapshot Recall Settings...	MixConsole Snapshot Recall Settings...
MixConsole Snapshots	MixConsole Snapshots
MixConsole Snapshots Functions	MixConsole Snapshots Functions
MixConsole in Lower Zone	MixConsole in Lower Zone
MixConsole in Project Window	MixConsole in Project Window
Mix[RM]	Mix
Mixdown	Mixdown
Mixdown is not possible with an empty project.	Mixdown is not possible with an empty project.
Mixed Media Types	Mixed Media Types
Mixer	Mixer
Mixer Bank Channel Setup	Mixer Bank Channel Setup
Mixer Bank Shift Left	Mixer Bank Shift Left
Mixer Bank Shift Right	Mixer Bank Shift Right
Mixer Bank Zone	Mixer Bank Zone
Mixer Channels	Mixer Channels
Mixer Functions Menu	Mixer Functions Menu
Mixer Presets	Mixer Presets
Mixmap 	Mixmap 
Mode	Mode
Model	Model
Modern Jazz	Modern Jazz
Modernist	Modernist
Modifiers	Modifiers
Modify	Modify
Modify All Pad Tensions	Modify All Pad Tensions
Modify All Pad Voicings	Modify All Pad Voicings
Modify Fade In	Modify Fade In
Modify Fade Out	Modify Fade Out
Modify Pitch	Modify Pitch
Modify Signature	Modify Signature
Modify Tempo	Modify Tempo
Modify Volume Curve	Modify Volume Curve
Modify project offset	Modify project offset
Modulation	Modulation
Modulation Connection changed	Modulation Connection changed
Modulation Depth	Modulation Depth
Modulation Wheel	Modulation Wheel
Modulator Output	Modulator Output
Modulator connected	Modulator connected
Modulator disconnected	Modulator disconnected
Modulator moved	Modulator moved
Modulator removed	Modulator removed
Modulators	Modulators
Modulators State (Bypass Modulators with click/Context-menu shows usage)	Modulators State (Bypass Modulators with click/Context-menu shows usage)
Modulators are not displayed in inactive projects	Modulators are not displayed in inactive projects
Modulators cannot be used on this track	Modulators cannot be used on this track
Modulators/Inserts/EQs/Sends	Modulators/Inserts/EQs/Sends
Modulators: Assign to Modulator	Modulators: Assign to Modulator
Module	Module
Momentary	Momentary
Monitor	Monitor
Monitor %d	Monitor %d
Monitor Mode	Monitor Mode
Monitor On/Off	Monitor On/Off
Monitor Select: 1	Monitor Select: 1
Monitor Select: 2	Monitor Select: 2
Monitor Select: 3	Monitor Select: 3
Monitor Select: 4	Monitor Select: 4
Monitor Source: 1	Monitor Source: 1
Monitor Source: 2	Monitor Source: 2
Monitor Source: 3	Monitor Source: 3
Monitor Source: 4	Monitor Source: 4
Monitor Source: 5	Monitor Source: 5
Monitor Source: 6	Monitor Source: 6
Monitor Source: 7	Monitor Source: 7
Monitor Source: 8	Monitor Source: 8
Monitor Sources	Monitor Sources
Monitors	Monitors
Mono	Mono
Mono Downmix	Mono Downmix
Mono Mode	Mono Mode
Mono Pressure	Mono Pressure
Mono Return(s)	Mono Return(s)
Mono to Multi-Channel...	Mono to Multi-Channel...
Mono[melodicmode]	Mono
Moods	Moods
Moon Noteheads	Moon Noteheads
More	More
More 2D...	More 2D...
More 3D...	More 3D...
More Details...	More Details...
More Options	More Options
More Plug-ins...	More Plug-ins...
More Tensions	More Tensions
More Tensions ([ALT] - mouse wheel on pad)	More Tensions ([ALT] - mouse wheel on pad)
More Tracks	More Tracks
More information...	More information...
More than	More than
More than one channel are selected!\nAre you sure you want to reset the selected Channels?	More than one channel are selected!\nAre you sure you want to reset the selected Channels?
More...	More...
Mount Volume Database	Mount Volume Database
Mouse Note Position	Mouse Note Position
Mouse Pointer (AI Knob)	Mouse Pointer (AI Knob)
Mouse Time Position	Mouse Time Position
Mouse Value	Mouse Value
Mouse Wheel Mode (Changing Parameters via Mouse Wheel)	Mouse Wheel Mode (Changing Parameters via Mouse Wheel)
Move	Move
Move "%s" Down	Move "%s" Down
Move "%s" Up	Move "%s" Up
Move Anyway	Move Anyway
Move Arranger Events	Move Arranger Events
Move Articulation to Group	Move Articulation to Group
Move Channel Strip to Post-Inserts Position	Move Channel Strip to Post-Inserts Position
Move Channel Strip to Pre-Inserts Position	Move Channel Strip to Pre-Inserts Position
Move Command Down in Macro	Move Command Down in Macro
Move Command Up in Macro	Move Command Up in Macro
Move Configuration to Position	Move Configuration to Position
Move Controller Data	Move Controller Data
Move Crossfade	Move Crossfade
Move Down	Move Down
Move Down More	Move Down More
Move End to Cursor	Move End to Cursor
Move Event	Move Event
Move Event End/Range End to Cursor	Move Event End/Range End to Cursor
Move Event Start/Range Start to Cursor	Move Event Start/Range Start to Cursor
Move Event/Range to Selected Track	Move Event/Range to Selected Track
Move Events	Move
Move Events to Back	Move Events to Back
Move Events to Front	Move Events to Front
Move Events to Origin	Move Events to Origin
Move Fade	Move Fade
Move Hitpoint	Move Hitpoint
Move Insert Cursor To Part Start	Move Insert Cursor To Part Start
Move Insert Mode	Move Insert Mode
Move Left	Move Left
Move MIDI Controllers	Move MIDI Controllers
Move Markers to Cursor	Move Markers to Cursor
Move Markers to Track	Move Markers to Track
Move Note Expression Data	Move Note Expression Data
Move Part	Move Part
Move Range	Move Range
Move Right	Move Right
Move Selected Channels	Move Selected Channels
Move Selected Tracks	Move Selected Tracks
Move Selected Tracks to New Folder	Move Selected Tracks to New Folder
Move Selected Tracks to New Folder with Group Channel	Move Selected Tracks to New Folder with Group Channel
Move Selected Tracks/Channels to First Available Position	Move Selected Tracks/Channels to First Available Position
Move Selected Tracks/Channels to Last Available Position	Move Selected Tracks/Channels to Last Available Position
Move Selected Tracks/Channels to Next Available Position	Move Selected Tracks/Channels to Next Available Position
Move Selected Tracks/Channels to Previous Available Position	Move Selected Tracks/Channels to Previous Available Position
Move Selection to new Track Version	Move Selection to new Track Version
Move Signature	Move Signature
Move Snap Point	Move Snap Point
Move Sound Slot Down	Move Sound Slot Down
Move Sound Slot Up	Move Sound Slot Up
Move To String 1	Move To String 1
Move To String 10	Move To String 10
Move To String 11	Move To String 11
Move To String 12	Move To String 12
Move To String 2	Move To String 2
Move To String 3	Move To String 3
Move To String 4	Move To String 4
Move To String 5	Move To String 5
Move To String 6	Move To String 6
Move To String 7	Move To String 7
Move To String 8	Move To String 8
Move To String 9	Move To String 9
Move To Voice	Move To Voice
Move To Voice 1	Move To Voice 1
Move To Voice 2	Move To Voice 2
Move To Voice 3	Move To Voice 3
Move To Voice 4	Move To Voice 4
Move Up	Move Up
Move Up More	Move Up More
Move Vertically	Move Vertically
Move highest note to bottom	Move highest note to bottom
Move lowest note to top	Move lowest note to top
Move selection to the trash or remove it from the Pool?	Move selection to the trash or remove it from the Pool?
Move the second and fourth highest notes an octave lower	Move the second and fourth highest notes an octave lower
Move the second highest note an octave lower	Move the second highest note an octave lower
Move the third highest note an octave lower	Move the third highest note an octave lower
Move to	Move to
Move to Back	Move to Back
Move to Cursor	Move to Cursor
Move to Front	Move to Front
Move to Group	Move to Group
Move to Post-Fader	Move to Post-Fader
Move to Post-Fader Slot	Move to Post-Fader Slot
Move to Pre-Fader	Move to Pre-Fader
Move to Pre-Fader Slot	Move to Pre-Fader Slot
Move to Selected Track	Move to Selected Track
Move to Staff Above	Move to Staff Above
Move to Staff Below	Move to Staff Below
Move to trash or remove from Pool?	Move to trash or remove from Pool?
Multi	Multi
Multi Shift	Multi Shift
Multi Track	Multi Track
Multi Track Mode	Multi Track Mode
Multi-Bar Rests	Multi-Bar Rests
Multi-Bar Rests and Bar Repeats	Multi-Bar Rests and Bar Repeats
Multi-Channel Input Mode	Multi-Channel Input Mode
Multi-Channel to Mono...	Multi-Channel to Mono...
Multiple	Multiple
Multiple Channel Export	Multiple Channel Export
Multiple Command Messages	Multiple Command Messages
Multiple Files	Multiple Files
Multiple Mapping Types selected	Multiple Mapping Types selected
Multiple Monitor Sources	Multiple Monitor Sources
Multiple Objects Selected	Multiple Objects Selected
Multiple Part Controls	Multiple Part Controls
Multiple Sound Slots are selected. Only Output Mappings with identical values are shown.	Multiple Sound Slots are selected. Only Output Mappings with identical values are shown.
Multiple clips are selected. The displayed metadata refers to the first clip.	Multiple clips are selected. The displayed metadata refers to the first clip.
Multiple tempos were detected in the selected event. \nApply the Smooth Tempo function if the tempo of the material is assumed to be constant.	Multiple tempos were detected in the selected event. \nApply the Smooth Tempo function if the tempo of the material is assumed to be constant.
Multiply by	Multiply by
Multiply by 2	Multiply by 2
Multiply by 3/4	Multiply by 3/4
Multiply by 4/3	Multiply by 4/3
Multiply the detected tempo by 3/4	Multiply the detected tempo by 3/4
Multiply the detected tempo by 4/3	Multiply the detected tempo by 4/3
Multiselection active: Changes are applied to all selected tracks. Settings for 'Voices', 'Percussion' or 'Strings and Tuning' are not available in this mode.	Multiselection active: Changes are applied to all selected tracks. Settings for 'Voices', 'Percussion' or 'Strings and Tuning' are not available in this mode.
Multiselection:	Multiselection:
Music Font	Music Font
Music Margins	Music Margins
MusicXML...	MusicXML...
Musical	Musical
Musical Information	Musical Information
Musical Mode	Musical Mode
Musical Mode (Playback matched to Bars and Beats)	Musical Mode (Playback matched to Bars and Beats)
Musical Randomization	Musical Randomization
Musical Scale Setup	Musical Scale Setup
Mute	Mute
Mute Automation	Mute Automation
Mute Events	Mute Events
Mute Gaps	Mute Gaps
Mute Input	Mute Input
Mute On/Off	Mute On/Off
Mute Pre-Send when Mute	Mute Pre-Send when Mute
Mute Sections	Mute Sections
Mute Silent Segments	Mute Silent Segments
Mute Source Events	Mute Source Events
Mute Source Tracks	Mute Source Tracks
Mute Tool	Mute Tool
Mute all Inputs	Mute all Inputs
Mute all video tracks	Mute all video tracks
Mute section	Mute section
Mute/Solo	Mute/Solo
Mute/Solo/Listen	Mute/Solo/Listen
Mute/Unmute	Mute/Unmute
Mute/Unmute Events	Mute/Unmute Events
Mute/Unmute Objects	Mute/Unmute Objects
Mute/Unmute Selected Player	Mute/Unmute Selected Player
Mute/Unmute note segments	Mute/Unmute note segments
Muted	Muted
Muted Slash Noteheads	Muted Slash Noteheads
My Shared Projects	My Shared Projects
Myxolydian	Myxolydian
Myxolydic9/11	Myxolydic9/11
N-%d	N-%d
NRPN + Data Entry 14 Bit	NRPN + Data Entry 14 Bit
NRPN + Data Entry 7 Bit	NRPN + Data Entry 7 Bit
NRPN Nr	NRPN Nr
NTSC to PAL Pull-Down	NTSC to PAL Pull-Down
Name	Name
Name (List of Punch-Log Entries' Names)	Name (List of Punch-Log Entries' Names)
Name Format	Name Format
Name already exists. A unique name is used instead.	Name already exists. A unique name is used instead.
Name as it is embedded in the medium & database	Name as it is embedded in the medium & database
Name contains	Name contains
Name/Channel	Name/Channel
Name:	Name:
Names	Names
Naming Format	Naming Format
Naming Scheme	Naming Scheme
Naming Scheme "%s" could not be found! Job will not be executed.	Naming Scheme "%s" could not be found! Job will not be executed.
Naming Scheme - Channel Batch	Naming Scheme - Channel Batch
Naming Scheme - Channel Batch Arranger Chain	Naming Scheme - Channel Batch Arranger Chain
Naming Scheme - Channel Batch Cycle Marker	Naming Scheme - Channel Batch Cycle Marker
Naming Scheme - Single Channel	Naming Scheme - Single Channel
Naming Scheme - Single Channel Arranger Chain	Naming Scheme - Single Channel Arranger Chain
Naming Scheme - Single Channel Cycle Marker	Naming Scheme - Single Channel Cycle Marker
Narrow, Sans Serif	Narrow, Sans Serif
Narrow, Serif	Narrow, Serif
Natural	Natural
Natural Minor	Natural Minor
Navigate	Navigate
Navigation	Navigation
Navigator	Navigator
Neither	Neither
Network	Network
Network Collaboration activated, or network configuration changed.\n\nMultiple network interfaces found, please select:	Network Collaboration activated, or network configuration changed.\n\nMultiple network interfaces found, please select:
Network Controls	Network Controls
Network Drive	Network Drive
Network Drives	Network Drives
Network Interface Setup	Network Interface Setup
Network address invalid or ambiguous.	Network address invalid or ambiguous.
Never	Never
Never Reset Chased Controllers	Never Reset Chased Controllers
Never Show Data	Never Show Data
New	New
New (1)	New (1)
New + Replace in Pool	New + Replace in Pool
New Aspect...	New Aspect...
New Attribute	New Attribute
New Audio Drivers Found	New Audio Drivers Found
New Bank	New Bank
New Clip Package	New Clip Package
New Collection	New Collection
New Color	New Color
New Color Set	New Color Set
New Color Set Settings	New Color Set Settings
New Copy	New Copy
New Custom Chord	New Custom Chord
New Empty Project	New Empty Project
New End Position	New End Position
New Favorite	New Favorite
New Files	New Files
New Folder	New Folder
New Insert Effect Bank Zone	New Insert Effect Bank Zone
New Length	New Length
New Library	New Library
New Library...	New Library...
New Link Group Name	New Link Group Name
New MIDI Loop	New MIDI Loop
New MIDI Track	New MIDI Track
New Macro	New Macro
New Map	New Map
New Mixer Bank Zone	New Mixer Bank Zone
New Parts	New Parts
New Parts[RM]	New Parts
New Pattern	New Pattern
New Pattern Created ( %d/%d )	New Pattern Created ( %d/%d )
New Preset	New Preset
New Project	New Project
New Project...	New Project...
New Range	New Range
New Range End Position in Selected Time Format	New Range End Position in Selected Time Format
New Range Length in Selected Time Format	New Range Length in Selected Time Format
New Sample Rate	New Sample Rate
New Scale	New Scale
New Scale:	New Scale:
New Scheme	New Scheme
New Subbank	New Subbank
New Tempo Points Type	New Tempo Points Type
New Tempo Type	New Tempo Type
New Track	New Track
New VCA Channel	New VCA Channel
New Version	New Version
New Workspace	New Workspace
New from Selection	New from Selection
New parts are created in each cycle and all of them are played back.	New parts are created in each cycle and all of them are played back.
New parts are created in each cycle, but only the last one is played back (others are muted).	New parts are created in each cycle, but only the last one is played back (others are muted).
New project tempo : %.3f BPM	New project tempo: %.3f BPM
New tempo at %s : %.3f BPM	New tempo at %s: %.3f BPM
New...	New...
Next	Next
Next Automation Mode	Next Automation Mode
Next Automation Mode (Selected Tracks)	Next Automation Mode (Selected Tracks)
Next Chain Step	Next Chain Step
Next Chain Step\nUse [ALT]-Click to jump to last chain step	Next Chain Step\nUse [ALT]-Click to jump to last chain step
Next Dropout	Next Dropout
Next Insert Effect	Next Insert Effect
Next Mapping Page	Next Mapping Page
Next Mixer	Next MixConsole
Next Mixer Bank	Next Mixer Bank
Next Page	Next Page
Next Pattern	Next Pattern
Next Plug-in Parameter Bank	Next Plug-in Parameter Bank
Next Preset	Next Preset
Next Subpage	Next Subpage
Next Tool	Next Tool
Next Version	Next Version
Next Voicing	Next Voicing
Next Voicing (mouse wheel on pad)	Next Voicing (mouse wheel on pad)
Next[Key]	Next
No	No
No Auto Disable	No Auto Disable
No Automation Object	No Automation Object
No Bus	No Bus
No Cautionary	No Cautionary
No Cautionary Accidentals	No Cautionary Accidentals
No Checksum	No Checksum
No Clip Detected	No Clip Detected
No Color Space	No Color Space
No Comparison Channel	No Comparison Channel
No Condition set	No Condition set
No Configuration available	No Configuration available
No Controller Lanes Presets	No Controller Lanes Presets
No Correction	No Correction
No Cue Available	No Cue Available
No DSP Resource	No DSP Resource
No Data	No Data
No Detected Chords	No Detected Chords
No Driver	No Driver
No Drum Map	No Drum Map
No Editor Available	No Editor Available
No Editor Open	No Editor Open
No Effect	No Effect
No Event	No Event
No Expression Map selected	No Expression Map selected
No Extension	No Extension
No Favorite Defined	No Favorite Defined
No File	No File
No Files Found...	No Files Found...
No Focus	No Focus
No Formats available for current Input Stream/Mode!	No Formats available for current Input Stream/Mode!
No Global Tracks	No Global Tracks
No Input Assignment	No Input Assignment
No Link	No Link
No MIDI Controller Connected	No MIDI Controller Connected
No MIDI Controller selected	No MIDI Controller selected
No MIDI Reference	No MIDI Reference
No MIDI Reference Track	No MIDI Reference Track
No MIDI Remote Controller available. Controllers can be imported or created in the MIDI Remote Manager.	No MIDI Remote Controller available. Controllers can be imported or created in the MIDI Remote Manager.
No Machine Control	No Machine Control
No Map	No Map
No Mappable Controller found, please connect a supported MIDI Controller	No Mappable Controller found, please connect a supported MIDI Controller
No Mapping	No Mapping
No Mapping selected	No Mapping selected
No MixConsole Snapshot %d	No MixConsole Snapshot %d
No Modifier	No Modifier
No Modulator	No Modulator
No Object Selected	No Object Selected
No Options Available.	No Options Available.
No Output Port	No Output Port
No Panner	No Panner
No Parameter	No Parameter
No Parameters Available	No Parameters Available
No Parameters Available.	No Parameters Available.
No Parameters Used	No Parameters Used
No Picture	No Picture
No Port available	No Port available
No Preset	No Preset
No Scale	No Scale
No Section	No Section
No Sections Detected	No Sections Detected
No Sound Slot selected	No Sound Slot selected
No Source	No Source
No Status Info	No Status Info
No Supported Editor Open	No Supported Editor Open
No Target	No Target
No Tempo Change necessary!	No Tempo Change necessary!
No Tempo-Editing possible. (Tempotrack is switched off.)	No Tempo-Editing possible. (Tempotrack is switched off.)
No Text	No Text
No Track found with Monitoring enabled.	No Track found with Monitoring enabled.
No VST Instrument	No VST Instrument
No VST3 Device used	No VST3 Device used
No Workspace	No Workspace
No active project for import!\nPlease create and set up a new project.	No active project for import!\nPlease create and set up a new project.
No audio dropouts detected	No audio dropouts detected
No compatible audio stream found in file:\n	No compatible audio stream found in file:\n
No compatible video engine found. Please re-install the application.	No compatible video engine found. Please re-install the application.
No connected MIDI Controllers found for this script.	No connected MIDI Controllers found for this script.
No connected controller for the imported script found. In case you have a matching controller connected, select the MIDI ports below to activate it.	No connected controller for the imported script found. In case you have a matching controller connected, select the MIDI ports below to activate it.
No controller surface available. Enter the mandatory information, click OK, and create a surface in the 'MIDI Controller Surface Editor'.	No controller surface available. Enter the mandatory information, click OK, and create a surface in the 'MIDI Controller Surface Editor'.
No error occurred.	No error occurred.
No events selected!	No events selected!
No file is missing!	No file is missing!
No global tracks in project	No global tracks in project
No grid editing when tempo is ramped!	No grid editing when tempo is ramped!
No more inserts slots available.	No more inserts slots available.
No more send slots available.	No more send slots available.
No name specified. Please enter a name.	No name specified. Please enter a name.
No project is active. Please create or load a project.	No project is active. Please create or load a project.
No selected Channel!	No selected Channel!
No slot available	No slot available
No tracks are armed: Some machines require armed tracks to perform auto edit.	No tracks are armed: Some machines require armed tracks to perform auto edit.
No unassigned pad available	No unassigned pad available
No valid Composition found.	No valid Composition found.
No valid License found. The program will quit now.	No valid License found. The program will quit now.
No. %d	No. %d
No. of Frets	No. of Frets
No. of Notes in Chord (Part)	No. of Notes in Chord (Part)
No. of Voices (Part)	No. of Voices (Part)
Node Type	Node Type
None	None
None:\nThe pitch is not in the current chord or the current scale. This pitch adds a strong tension.	None:\nThe pitch is not in the current chord or the current scale. This pitch adds a strong tension.
Nordic	Nordic
Normal	Normal
Normal Sizing	Normal Sizing
Normal Value	Normal Value
Normalize	Normalize
Normalize to Integrated Loudness	Normalize to Integrated Loudness
North	North
North American	North American
North-East	North-East
North-West	North-West
Not	Not
Not Assigned	Not Assigned
Not Automated	Not Automated
Not Connected	Not Connected
Not Empty	Not Empty
Not Loaded	Not Loaded
Not Set	Not Set
Not Shared	Not Shared
Not Valid	Not Valid
Not a valid plug-in	Not a valid plug-in
Not all files could be deleted!	Not all files could be deleted!
Not available	Not available
Not available, because Drum Map is set	Not available, because Drum Map is set
Not enough disk space available for copying all files !\n\nAction cancelled!	Not enough disk space available for copying all files !\n\nAction cancelled!
Not enough disk space available for rendering.\nAction is canceled.	Not enough disk space available for rendering.\nAction is canceled.
Not enough permissions to unlock this track	Not enough permissions to unlock this track
Not enough space for additional controller lane	Not enough space for additional controller lane
Not enough space for all controllers in preset	Not enough space for all controllers in preset
Not enough space for all used controllers	Not enough space for all used controllers
Not enough space for velocity lane	Not enough space for velocity lane
Not enough space on disk	Not enough space on disk
Not enough space on disk available for converting!	Not enough space on disk available for converting!
Not enough space on disk available for export!	Not enough space on disk available for export!
Not enough space on disk available for import!	Not enough space on disk available for import!
Not found	Not found
Not on First Page	Not on First Page
Not set	Not set
Not stable (plug-in crashed)	Not stable (plug-in crashed)
Not supported (32 Bit)	Not supported (32 Bit)
Not supported by hardware	Not supported by hardware
Notate Using Rhythm Dots	Notate Using Rhythm Dots
Notate as Single Note	Notate as Single Note
Notate as Single Note across the Half-Bar	Notate as Single Note across the Half-Bar
Notate as Single Note across the Half-Bar Only When the Bar Is Full	Notate as Single Note across the Half-Bar Only When the Bar Is Full
Notate as Single Notes	Notate as Single Notes
Notate as a Single Note	Notate as a Single Note
Notation Settings	Notation Settings
Notation Settings...	Notation Settings...
Notation Staff to Tablature	Notation Staff to Tablature
Notation and Tablature	Notation and Tablature
Notation of Patterns That Cross the Half-Bar	Notation of Patterns That Cross the Half-Bar
Notation of Short-Dotted Long Patterns	Notation of Short-Dotted Long Patterns
Notation of Short-Long-Short Patterns	Notation of Short-Long-Short Patterns
Notation of Short-Long-Short Patterns That Cross the Half-Bar	Notation of Short-Long-Short Patterns That Cross the Half-Bar
Notation only	Notation only
Note	Note
Note #	Note #
Note Brightness	Note Brightness
Note Editing Overlay On/Off	Note Editing Overlay On/Off
Note Expression	Note Expression
Note Expression Bypass on/off	Note Expression Bypass on/off
Note Expression Colors	Note Expression Colors
Note Expression Input Device Setup...	Note Expression Input Device Setup...
Note Expression MIDI Input	Note Expression MIDI Input
Note Expression MIDI Setup	Note Expression MIDI Setup
Note Expression MIDI Setup...	Note Expression MIDI Setup...
Note Expression Number	Note Expression Number
Note Filter	Note Filter
Note Functions	Note Functions
Note Grouping	Note Grouping
Note Input Toolbar	Note Input Toolbar
Note Insert Velocity	Note Insert Velocity
Note Length	Note Length
Note Limit	Note Limit
Note Name	Note Name
Note Number in Chord (lowest = 0)	Note Number in Chord (lowest = 0)
Note Off	Note Off
Note On	Note On
Note Segment	Note Segment
Note Spacing	Note Spacing
Note To CC	Note To CC
Note Velocity Level (Use [ALT] + Up/Down Arrow Keys to modify)	Note Velocity Level (Use [ALT] + Up/Down Arrow Keys to modify)
Note and Rest Colors	Note and Rest Colors
Note and Rest Colors: None	Note and Rest Colors: None
Note and Rest Colors: Out of Range	Note and Rest Colors: Out of Range
Note and Rest Colors: Voice Color	Note and Rest Colors: Voice Color
Note has no Articulation or Track has no Expression Map	Note has no Articulation or Track has no Expression Map
Note is Equal To	Note is Equal To
Note is playing	Note is playing
Note is very long	Note is very long
Note-On	Note-On
NoteExp Operation	NoteExp Operation
NoteExp VST 3 Volume Curve	NoteExp VST 3 Volume Curve
NoteExp Volume Controller Curve	NoteExp Volume Controller Curve
Notehead	Notehead
Notehead: Reset to Default Notehead	Notehead: Reset to Default Notehead
Notehead: Toggle Round Brackets	Notehead: Toggle Round Brackets
Notehead: Toggle Square Brackets	Notehead: Toggle Square Brackets
Noteheads	Noteheads
Notepad	Notepad
Notepad Data...	Notepad Data...
Notepad is empty	Notepad is empty
Notes	Notes
Notes Eligible for a Cautionary Accidental Following an Enharmonically Equivalent Note	Notes Eligible for a Cautionary Accidental Following an Enharmonically Equivalent Note
Notes Following Grace Notes That Introduce an Accidental	Notes Following Grace Notes That Introduce an Accidental
Notes Following Trills That Introduce an Accidental	Notes Following Trills That Introduce an Accidental
Notes Following a Change of Key Signature That Shows Cancellation Naturals	Notes Following a Change of Key Signature That Shows Cancellation Naturals
Notes Following a Change of Key Signature in the Middle of a Bar	Notes Following a Change of Key Signature in the Middle of a Bar
Notes Following a Cue That Introduces an Accidental	Notes Following a Cue That Introduces an Accidental
Notes Inside this Range will not be Quantized	Notes Inside this Range will not be Quantized
Notes Length	Notes Length
Notes Out of Range	Notes Out of Range
Notes Starting after the Start of the Bar of Multiple Beats in Duration	Notes Starting after the Start of the Bar of Multiple Beats in Duration
Notes Starting at the Start of the Bar or the Half-Bar of Multiple Beats in Duration	Notes Starting at the Start of the Bar or the Half-Bar of Multiple Beats in Duration
Notes Starting in the Middle of the Beat and Crossing the Half-Bar	Notes Starting in the Middle of the Beat and Crossing the Half-Bar
Notes Starting on a Beat Ending in the Middle of the Beat	Notes Starting on a Beat Ending in the Middle of the Beat
Notes Starting on a Beat Followed by a Rest in the Middle of the Beat	Notes Starting on a Beat Followed by a Rest in the Middle of the Beat
Notes That Subdivide Compound Beats, and Fill the Beat	Notes That Subdivide Compound Beats, and Fill the Beat
Notes and Continuous Pitchbend Data	Notes and Continuous Pitchbend Data
Notes and NoteExp Pitchbend Curve	Notes and NoteExp Pitchbend Curve
Notes and NoteExp VST 3 Tuning Curve	Notes and NoteExp VST 3 Tuning Curve
Notes and Static Pitchbend Data	Notes and Static Pitchbend Data
Notes are sent out earlier to compensate for slow attack times	Notes are sent out earlier to compensate for slow attack times
Notes at a Different Octave Within the Same Bar	Notes at a Different Octave Within the Same Bar
Notes at a Different Octave in the Following Bar	Notes at a Different Octave in the Following Bar
Notes at the Same Octave in the Following Bar	Notes at the Same Octave in the Following Bar
Notes for Which Accidentals Have Already Been Stated Within the Bar	Notes for Which Accidentals Have Already Been Stated Within the Bar
Notes in the Bar Following a Change of Key Signature	Notes in the Bar Following a Change of Key Signature
Notes play when triggering chords	Notes play when triggering chords
Notes play when triggering chords or sections	Notes play when triggering chords or sections
Notes play when triggering sections	Notes play when triggering sections
Notes with Augmented or Diminished Intervals	Notes with Augmented or Diminished Intervals
Nothing	Nothing
Nothing to Add	Nothing to Add
Nothing to commit.	Nothing to commit.
Nudge	Nudge
Nudge +1 Bar	Nudge +1 Bar
Nudge -1 Bar	Nudge -1 Bar
Nudge Bottom Down	Nudge Bottom Down
Nudge Bottom Up	Nudge Bottom Up
Nudge Crossfade Left	Nudge Crossfade Left
Nudge Crossfade Right	Nudge Crossfade Right
Nudge Cursor +10 Seconds	Nudge Cursor +10 Seconds
Nudge Cursor +20 Seconds	Nudge Cursor +20 Seconds
Nudge Cursor +5 Seconds	Nudge Cursor +5 Seconds
Nudge Cursor -10 Seconds	Nudge Cursor -10 Seconds
Nudge Cursor -20 Seconds	Nudge Cursor -20 Seconds
Nudge Cursor -5 Seconds	Nudge Cursor -5 Seconds
Nudge Cursor Left	Nudge Cursor Left
Nudge Cursor Right	Nudge Cursor Right
Nudge End Left	Nudge End Left
Nudge End Right	Nudge End Right
Nudge Notes	Nudge Notes
Nudge Pattern	Nudge Pattern
Nudge Pattern Left	Nudge Pattern Left
Nudge Pattern Right	Nudge Pattern Right
Nudge Range	Nudge Range
Nudge Selected Steps	Nudge Selected Steps
Nudge Settings	Nudge Settings
Nudge Start Left	Nudge Start Left
Nudge Start Right	Nudge Start Right
Nudge Step Lane	Nudge Step Lane
Nudge Steps Left	Nudge Steps Left
Nudge Steps Right	Nudge Steps Right
Nudge Top Down	Nudge Top Down
Nudge Top Up	Nudge Top Up
Nudge: Move Audio	Nudge: Move Audio
Nudge: Move Fade	Nudge: Move Fade
Nuendo	Nuendo
Nuendo ASIO Output	Nuendo ASIO Output
Nuendo Audio Pull Factor	Nuendo Audio Pull Factor
Nuendo Output Offset	Nuendo Output Offset
Nuendo Project File	Nuendo Project File
Nuendo and SyncStation configurations settings are inconsistent.	Nuendo and SyncStation configurations settings are inconsistent.
Nuendo's Pull Up/Down	Nuendo's Pull Up/Down
NumLock[Key]	Num Lock
Number	Number
Number Of Bits	Number Of Bits
Number of Audio Tracks	Number of Audio Tracks
Number of Bars defined in Audio File	Number of Bars Defined in Audio File
Number of Bars in Count-In	Number of Bars in Count-In
Number of Basic Colors	Number of Basic Colors
Number of Cells Per Page :	Number of Cells Per Page :
Number of Channels	Number of Channels
Number of Clicks	Number of Clicks
Number of Color Tints	Number of Color Tints
Number of Columns	Number of Columns
Number of Lines Equal to the Duration of the Secondary Group	Number of Lines Equal to the Duration of the Secondary Group
Number of Lines in Primary Beam Within Secondary Beam Groups	Number of Lines in Primary Beam Within Secondary Beam Groups
Number of New Tracks	Number of New Tracks
Number of Pads	Number of Pads
Number of Rows	Number of Rows
Number of Sections	Number of Sections
Number of Steps	Number of Steps
Number of Suggestions	Number of Suggestions
Number of Visible Tracks	Number of Visible Tracks
Number of Voices	Number of Voices
Number of controlled Channels	Number of controlled Channels
Number of record enabled tracks	Number of record enabled tracks
Number of samples after which a new automation event is processed.	Number of samples after which a new automation event is processed.
Number of steps follows Step Resolution	Number of steps follows Step Resolution
Number of steps used for shape	Number of steps used for shape
Number of true peak values exceeding reference level	Number of true peak values exceeding reference level
Number of used MIDI Channels	Number of used MIDI Channels
Numerator	Numerator
O-Note	O-Note
O-Note Conversion	O-Note Conversion
OFFLINE	OFFLINE
OK	OK
OMF 1.0 File	OMF 1.0 File
OMF 2.0 File	OMF 2.0 File
OMF Result	OMF Result
OMF export success	OMF export success
OMF media successfully imported!	OMF media successfully imported!
Object Selection	Object Selection
Object Selection Tool	Object Selection Tool
Object Selection Tool: Normal Sizing	Object Selection Tool: Normal Sizing
Object Selection Tool: Sizing Applies Time Stretch	Object Selection Tool: Sizing Applies Time Stretch
Object Selection Tool: Sizing Moves Content	Object Selection Tool: Sizing Moves Content
Objects	Objects
Octave	Octave
Octave Line	Octave Line
Octave Offset	Octave Offset
Octave Offset (Use Left/Right Arrow Keys to modify)	Octave Offset (Use Left/Right Arrow Keys to modify)
Octave Offset from C3	Octave Offset from C3
Octave Symbol	Octave Symbol
Octaves	Octaves
OfVe	OfVe
Off	Off
Off (Return to Default Sound Slot)	Off (Return to Default Sound Slot)
Off Events	Off Events
Off Velocity	Off Velocity
Offbeat Correction	Offbeat Correction
Offline	Offline
Offline Edits	Offline Edits
Offset	Offset
Offset (Ticks)	Offset (Ticks)
Offset (ms)	Offset (ms)
Offset Samples	Offset Samples
Offset at Start of System	Offset at Start of System
Offset:	Offset:
Offset[QP]	Offset
Old (2)	Old (2)
Old-Style Diamond Noteheads	Old-Style Diamond Noteheads
On	On
On (Keep Sound Slot Active)	On (Keep Sound Slot Active)
On Bouncing/Rendering Audio	On Bouncing/Rendering Audio
On Events	On Events
On Import Audio Files	On Import Audio Files
On Import on Existing Tracks	On Import on Existing Tracks
On Leaving Trim Mode	On Leaving Trim Mode
On Mouse Over	On Mouse Over
On Pass End	On Pass End
On Position Change	On Position Change
On Processing Shared Clips	On Processing Shared Clips
On Velocity	On Velocity
On the First Occurrence of the Same Note in the Following Bar, Either at the Same or a Different Octave	On the First Occurrence of the Same Note in the Following Bar, Either at the Same or a Different Octave
On-Screen Keyboard	On-Screen Keyboard
On-Screen Keyboard...	On-Screen Keyboard...
On/Off	On/Off
One Row	One Row
One marker track was added before aborting.	One marker track was added before aborting.
One of	One of
One or more channels cannot be exported with the selected audio codec.\nThese channels have been deselected.	One or more channels cannot be exported with the selected audio codec.\nThese channels have been deselected.
One or more jobs were skipped because channels, cycle markers or Arranger Chains could not be found.	One or more jobs were skipped because channels, cycle markers or Arranger Chains could not be found.
One track	One track
One-Shot Mode	One-Shot Mode
Online	Online
Only External Projects	Only External Projects
Only Justify Final System When Filled More Than	Only Justify Final System When Filled More Than
Only When the Group Fills the Entire Bar	Only When the Group Fills the Entire Bar
Only alphanumeric characters, spaces and these additional symbols are allowed: & ; - _	Only alphanumeric characters, spaces and these additional symbols are allowed: & ; - _
Only available for Instrument, Drum, and Sampler Tracks	Only available for Instrument, Drum, and Sampler Tracks
Only available when chord lane has chords	Only available when chord lane has chords
Only the last cycle is kept.	Only the last cycle is kept.
Only this	Only this
Onscreen Window	Onscreen Window
Onscreen Window is not active.	Onscreen Window is not active.
Open	Open
Open %s Editor	Open %s Editor
Open 'Search for File' dialog	Open 'Search for File' dialog
Open ADR Setup Dialog	Open ADR Setup Dialog
Open About Box...	Open About Box...
Open Arranger Editor	Open Arranger Editor
Open Audio Connections...	Open Audio Connections...
Open Audio Part Editor	Open Audio Part Editor
Open Audio Part Editor in Lower Zone	Open Audio Part Editor in Lower Zone
Open Audio Part Editor in Window	Open Audio Part Editor in Window
Open Automation Panel	Open Automation Panel
Open Browser	Open Browser
Open CC Automation Setup Dialog	Open CC Automation Setup Dialog
Open Channel Latency Overview	Open Channel Latency Overview
Open Chord Editor	Open Chord Editor
Open Chord Pads Preset Browser	Open Chord Pads Preset Browser
Open Command Destination	Open Command Destination
Open Control Room	Open Control Room
Open Crossfade Editor	Open Crossfade Editor
Open Destination	Open Destination
Open Device	Open Device
Open Device Panel	Open Device Panel
Open Direct Offline Processing Window	Open Direct Offline Processing Window
Open Drum Editor	Open Drum Editor
Open Drum Editor in Lower Zone	Open Drum Editor in Lower Zone
Open Drum Editor in Window	Open Drum Editor in Window
Open Drum Machine	Open Drum Machine
Open Drum Machine Window	Open Drum Machine Window
Open Drum Map	Open Drum Map
Open Editor Commands open Editors in Lower Zone	Open Editor Commands open Editors in Lower Zone
Open Editor Commands open Editors in a Window	Open Editor Commands Open Editors in a Window
Open Editor for Common Reverb Settings	Open Editor for Common Reverb Settings
Open Editor for Insert Effect	Open Editor for Insert Effect
Open Effect Editor After Loading it	Open Effect Editor after Loading It
Open Engraving Settings	Open Engraving Settings
Open Fade Editor(s)	Open Fade Editor(s)
Open Fade Editors	Open Fade Editors
Open File	Open File
Open File Location 	Open File Location 
Open Font Styles	Open Font Styles
Open Global Chat	Open Global Chat
Open Help...	Open Help...
Open Hub	Open Hub
Open In-Place Editor	Open In-Place Editor
Open Insert Velocities Dialog	Open Insert Velocities Dialog
Open Instrument	Open Instrument
Open Instrument Settings	Open Instrument Settings
Open Key Editor	Open Key Editor
Open Key Editor in Lower Zone	Open Key Editor in Lower Zone
Open Key Editor in Window	Open Key Editor in Window
Open Last Project on Startup	Open Last Project on Startup
Open Layout Settings	Open Layout Settings
Open Library	Open Library
Open Library...	Open Library...
Open List Editor	Open List Editor
Open Logical Editor	Open Logical Editor
Open Logical Editor...	Open Logical Editor...
Open MIDI Device Manager	Open MIDI Device Manager
Open MIDI Remote API - Programmer's Guide	Open MIDI Remote API - Programmer's Guide
Open MIDI Remote Manager	Open MIDI Remote Manager
Open MIDI Remote Mapping Assistant	Open MIDI Remote Mapping Assistant
Open MIDI Remote Script Console	Open MIDI Remote Script Console
Open MIDI Remote in Lower Zone	Open MIDI Remote in Lower Zone
Open MIDI SysEx file	Open MIDI SysEx file
Open Mapping Assistant	Open Mapping Assistant
Open Markers	Open Markers
Open Markers Window	Open Markers Window
Open MediaBay	Open MediaBay
Open Metronome Setup	Open Metronome Setup
Open MixConsole	Open MixConsole
Open Modulator	Open Modulator
Open Modulators in Lower Zone	Open Modulators in Lower Zone
Open Modulators in Window	Open Modulators in Window
Open Naming Scheme Window	Open Naming Scheme Window
Open New Projects	Open New Projects
Open Notation Settings	Open Notation Settings
Open Note Expression Editor	Open Note Expression Editor
Open Options Dialog	Open Options Dialog
Open Other...	Open Other...
Open Panel	Open Panel
Open Paragraph Styles	Open Paragraph Styles
Open Patcher	Open Patcher
Open Pattern Editor	Open Pattern Editor
Open Pattern Editor in Lower Zone	Open Pattern Editor in Lower Zone
Open Pattern Editor in Window	Open Pattern Editor in Window
Open Plug-in Editor	Open Plug-in Editor
Open Plug-in Editors	Open Plug-in Editors
Open Plug-in Manager	Open Plug-in Manager
Open Pool	Open Pool
Open Pool Window	Open Pool Window
Open Process Bars Dialog	Open Process Bars Dialog
Open Process Tempo Dialog	Open Process Tempo Dialog
Open Project	Open Project
Open Project Chat	Open Project Chat
Open Project Logical Editor	Open Project Logical Editor
Open Project Logical Editor...	Open Project Logical Editor...
Open Project Setup	Open Project Setup
Open Projects in Last Used View	Open Projects in Last Used View
Open Quantize Panel	Open Quantize Panel
Open Record Panel	Open Record Panel
Open Routing Editor...	Open Routing Editor...
Open Sample Editor	Open Sample Editor
Open Sample Editor after Completion	Open Sample Editor after Completion
Open Sample Editor in Lower Zone	Open Sample Editor in Lower Zone
Open Sample Editor in Window	Open Sample Editor in Window
Open Sampler Control	Open Sampler Control
Open Sampler Control Window	Open Sampler Control Window
Open Score Editor	Open Score Editor
Open Score Editor in Lower Zone	Open Score Editor in Lower Zone
Open Score Editor in Window	Open Score Editor in Window
Open Score Settings	Open Score Settings
Open Script Folder	Open Script Folder
Open Selection	Open Selection
Open Setup Information	Open Setup Information
Open Sound References Panel	Open Sound References Panel
Open Studio Manager	Open Studio Manager
Open Studio Panel	Open Studio Panel
Open Synchronization Setup	Open Synchronization Setup
Open Tempo Recording Panel	Open Tempo Recording Panel
Open Tempo Track	Open Tempo Track
Open Tempo Track Editor	Open Tempo Track Editor
Open Threshold	Open Threshold
Open Track Controls Settings Dialog	Open Track Controls Settings Dialog
Open automation track in project window when editing a write-enabled parameter	Open automation track in project window when editing a write-enabled parameter
Open file dialog to browse for all missing files	Open file dialog to browse for all missing files
Open file dialog to browse for the selected file	Open file dialog to browse for the selected file
Open in Lower Zone	Open in Lower Zone
Open in Separate Window	Open in Separate Window
Open in separate Window/Lower Zone	Open in separate Window/Lower Zone
Open...	Open...
Open/Close Ambisonics Decoder	Open/Close Ambisonics Decoder
Open/Close Attribute Inspector	Open/Close Attribute Inspector
Open/Close Automation Panel	Open/Close Automation Panel
Open/Close Basics Section	Open/Close Basics Section
Open/Close Browser	Open/Close Browser
Open/Close Chords Section	Open/Close Chords Section
Open/Close Cue Sends Section	Open/Close Cue Sends Section
Open/Close Device Panel Section	Open/Close Device Panel Section
Open/Close Direct Routing Section	Open/Close Direct Routing Section
Open/Close Drum Machine	Open/Close Drum Machine
Open/Close Editor	Open/Close Editor
Open/Close Equalizer Section	Open/Close Equalizer Section
Open/Close Expression Map Section	Open/Close Expression Map Section
Open/Close Fader Section	Open/Close Fader Section
Open/Close Favorites	Open/Close Favorites
Open/Close File Browser	Open/Close File Browser
Open/Close Filters	Open/Close Filters
Open/Close Insert Effect Editor	Open/Close Insert Effect Editor
Open/Close Inserts Section	Open/Close Inserts Section
Open/Close MIDI Fader Section	Open/Close MIDI Fader Section
Open/Close MIDI Inserts Section	Open/Close MIDI Inserts Section
Open/Close MIDI Modifiers Section	Open/Close MIDI Modifiers Section
Open/Close MIDI Sends Section	Open/Close MIDI Sends Section
Open/Close MixConvert	Open/Close MixConvert
Open/Close Modulators Section	Open/Close Modulators Section
Open/Close Module\nSwitch to exclusive mode with [Shift + click]	Open/Close Module\nSwitch to exclusive mode with [Shift + click]
Open/Close Network Section	Open/Close Network Section
Open/Close Note Expression Section	Open/Close Note Expression Section
Open/Close Notepad Section	Open/Close Notepad Section
Open/Close Pre Section	Open/Close Pre Section
Open/Close Previewer	Open/Close Previewer
Open/Close Quick Controls Section	Open/Close Quick Controls Section
Open/Close Routing Section	Open/Close Routing Section
Open/Close Sampler	Open/Close Sampler
Open/Close Send Effect Editor	Open/Close Send Effect Editor
Open/Close Sends Section	Open/Close Sends Section
Open/Close Strip Section	Open/Close Strip Section
Open/Close Surround Pan Section	Open/Close Surround Pan Section
Open/Close Track Versions Section	Open/Close Track Versions Section
Open/Close Transport Panel	Open/Close Transport Panel
Open/Close VCA Section	Open/Close VCA Section
Opening file...	Opening file...
Opera Gong	Opera Gong
Operation	Operation
Operations	Operations
Optimize Width	Optimize Width
Optimized Display	Optimized Display
Option[Key]	Option
Options	Options
Opto/SPDIF Clock Multiplier	Opto/SPDIF Clock Multiplier
Or	Or
Orange	Orange
Organize	Organize
Organize Presets	Organize Presets
Organize Presets...	Organize Presets...
Organize Zoom Presets	Organize Zoom Presets
Organize...	Organize...
Oriental	Oriental
Orientation	Orientation
Orig. Position	Orig. Position
Origin Time	Origin Time
Original	Original
Original Length	Original Length
Original Length in Samples	Original Length in Samples
Original Length in Seconds	Original Length in Seconds
Original Pitch	Original Pitch
Original Segment Pitch	Original Segment Pitch
Original Tempo	Original Tempo
Originator	Originator
Originator:	Originator:
Ornament	Ornament
Ornaments	Ornaments
Ornate P	Ornate P
Ornate Ped	Ornate Ped
Ornate Ped.	Ornate Ped.
Ornate X Noteheads	Ornate X Noteheads
Other	Other
Other Commands	Other Commands
Other Messages	Other Messages
Other Project Settings	Other Project Settings
Other Projects	Other Projects
Other Tracks	Other Tracks
Other assigned pads will be transposed when changing the Root Key.	Other assigned pads will be transposed when changing the Root Key.
Others	Others
Others...	Others...
Out	Out
Out of memory	Out of memory
Out of range	Out of range
Output	Output
Output Bus	Output Bus
Output Chain	Output Chain
Output Channel	Output Channel
Output Channels	Output Channels
Output Group and Channel	Output Group and Channel
Output Group and Channel Width (MIDI)	Output Group and Channel Width (MIDI)
Output Latency	Output Latency
Output Latency:	Output Latency:
Output Mapping	Output Mapping
Output Mapping Event Mode	Output Mapping Event Mode
Output Mode	Output Mode
Output Monitor: 	Output Monitor: 
Output Port	Output Port
Output Port %d	Output Port %d
Output Port Names	Output Port Names
Output Port Names from Script	Output Port Names from Script
Output Ports	Output Ports
Output Routing	Output Routing
Output Routing.\nSet for all selected with [Shift + ALT + click].	Output Routing.\nSet for all selected with [Shift + ALT + click].
Output Track	Output Track
Output [i]	Output [i]
Outputs	Outputs
Outside Bar Range	Outside Bar Range
Outside Cycle	Outside Cycle
Outside Dynamics	Outside Dynamics
Outside Edge	Outside Edge
Outside Prefetch Range	Outside Prefetch Range
Outside Range	Outside Range
Overdub Note Exp.	Overdub Note Exp.
Overdub Note Expression data in existing notes	Overdub Note Expression data in existing notes
Overlap	Overlap
Overlapping Pitches	Overlapping Pitches
Overlaps	Overlaps
Overline	Overline
Override Parent Setting	Override Parent Setting
Override Project Permissions	Override Project Permissions
Overrides Project Permissions	Overrides Project Permissions
Overrides the color space information of the video files in the active project.	Overrides the color space information of the video files in the active project.
Oversized Slash Noteheads	Oversized Slash Noteheads
Overview	Overview
Overview Line	Overview Line
Overwrite	Overwrite
Overwrite existing script at %s	Overwrite existing script at %s
Overwrite the existing assignments?	Overwrite the existing assignments?
Overwrite?	Overwrite?
Overwrite[RM]	Overwrite
Owner	Owner
Owner:	Owner:
P2in	P2in
PAL to NTSC Pull-Up	PAL to NTSC Pull-Up
PB	PB
PBnd	PBnd
PChg	PChg
PDF...	PDF...
PLE Command Selector	PLE Command Selector
PPM	PPM
PPQ	PPQ
PPQBase: 	PPQBase: 
PPrb	PPrb
PPrs	PPrs
PRE	PRE
Pad *[Key]	Num *
Pad +[Key]	Num +
Pad -[Key]	Num -
Pad .[Key]	Num .
Pad /[Key]	Num /
Pad Layout	Pad Layout
Pad Modifiers	Pad Modifiers
Pad Remote Control	Pad Remote Control
Pad State Modifiers	Pad State Modifiers
Pad0[Key]	Num 0
Pad1[Key]	Num 1
Pad2[Key]	Num 2
Pad3[Key]	Num 3
Pad4[Key]	Num 4
Pad5[Key]	Num 5
Pad6[Key]	Num 6
Pad7[Key]	Num 7
Pad8[Key]	Num 8
Pad9[Key]	Num 9
Padding	Padding
Pads Remote Range	Pads Remote Range
Pads Remote Range End	Pads Remote Range End
Pads Remote Range Start	Pads Remote Range Start
Page Mapping	Page Mapping
Page Margins	Page Margins
Page Name	Page Name
Page Numbers	Page Numbers
Page Scroll	Page Scroll
Page Setup	Page Setup
Page Setup...	Page Setup...
Page Size	Page Size
Page View	Page View
Paint	Paint
Paint Events	Paint Events
Pan	Pan
Pan Front-Rear	Pan Front-Rear
Pan Left-Right	Pan Left-Right
Pan Left-Right2	Pan Left-Right2
Pan Volume	Pan Volume
Pan in Stereo Mix	Pan in Stereo Mix
PanLR	PanLR
PanLR2	PanLR2
Pandeiro	Pandeiro
Panels	Panels
Panner	Panner
Panner [Channel Latency Overview]	Panner
Panning	Panning
Parabola	Parabola
Paragraph Styles	Paragraph Styles
Paragraph Styles...	Paragraph Styles...
Parameter	Parameter
Parameter %d	Parameter %d
Parameter 1	Parameter 1
Parameter 2	Parameter 2
Parameter Color	Parameter Color
Parameter Details	Parameter Details
Parameter Input Assignment	Parameter Input Assignment
Parameter Lane	Parameter Lane
Parameter Mapping	Parameter Mapping
Parameter Selection	Parameter Selection
Parameter Value Count	Parameter Value Count
Parameters	Parameters
Parent	Parent
Parent Object Is Selected	Parent Object Is Selected
Part	Part
Part Data Mode	Part Data Mode
Part Display	Part Display
Part Editing Mode	Part Editing Mode
Part Editing Mode:	Part Editing Mode:
Part Merge Mode	Part Merge Mode
Part [Layout type]	Part
Part/Clip Editing Mode: Active Part/Clip	Part/Clip Editing Mode: Active Part/Clip
Part/Clip Editing Mode: All Parts/Clips	Part/Clip Editing Mode: All Parts/Clips
Part/Clip Editing Mode: All Parts/Clips on Active Track	Part/Clip Editing Mode: All Parts/Clips on Active Track
Part/Clip Editing Mode: Toggle All & Active Parts/Clips	Part/Clip Editing Mode: Toggle All & Active Parts/Clips
Part: 	Part: 
Partial	Partial
Parts Get Track Names	Parts Get Track Names
Parts of the project file are invalid. The file could not be loaded completely!	Parts of the project file are invalid. The file could not be loaded completely!
Passes	Passes
Passes Running...	Passes Running...
Passes: Activate Selected Branch	Passes: Activate Selected Branch
Passes: Remove Inactive Branchs	Passes: Remove Inactive Branches
Passes: Select Next Branch	Passes: Select Next Branch
Passes: Select Previous Branch	Passes: Select Previous Branch
Password	Password
Paste	Paste
Paste %s Setting	Paste %s Setting
Paste Automation to All Tracks (Locator Range)	Paste Automation to All Tracks (Locator Range)
Paste Automation to Selected Parameters (Locator Range)	Paste Automation to Selected Parameters (Locator Range)
Paste Automation to Selected Tracks (Locator Range)	Paste Automation to Selected Tracks (Locator Range)
Paste Cell	Paste Cell
Paste Channel Settings	Paste Channel Settings
Paste Click Pattern to Selected Signatures	Paste Click Pattern to Selected Signatures
Paste Color	Paste Color
Paste Cue Send	Paste Cue Send
Paste EQ Band	Paste EQ Band
Paste Insert	Paste Insert
Paste Note Expression	Paste Note Expression
Paste Page	Paste Page
Paste Pattern	Paste Pattern
Paste Relative to Cursor	Paste Relative to Cursor
Paste Send	Paste Send
Paste Settings to Selected Channels	Paste Settings to Selected Channels
Paste Time	Paste Time
Paste Time at Origin	Paste Time at Origin
Paste Warp Markers to Selected Events	Paste Warp Markers to Selected Events
Paste at Origin	Paste at Origin
Paste to Matching Track Name	Paste to Matching Track Name
Patch Bank Editor	Patch Bank Editor
Patch Banks	Patch Banks
Path	Path
Path Options	Path Options
Path is not valid	Path is not valid
Path:	Path:
Patsch	Patsch
Pattern	Pattern
Pattern Banks	Pattern Banks
Pattern Editor	Pattern Editor
Pattern Editor: Assign to Step Automation	Pattern Editor: Assign to Step Automation
Pattern Event	Pattern Event
Pattern Event / Track	Pattern Event / Track
Pattern Management	Pattern Management
Pattern Play Direction	Pattern Play Direction
Pattern Swing	Pattern Swing
Patterns	Patterns
Pause	Pause
Pause After Repeats	Pause After Repeats
Pause[Key]	Pause
Peak	Peak
Peak Amplitude	Peak Amplitude
Peak Level	Peak Level
Peak Load	Peak Load
Peak Max.	Peak Max.
Peak Normalization	Peak Normalization
Pedal Line	Pedal Line
Pedal Lines	Pedal Lines
Pedal Symbol	Pedal Symbol
Pedal lines always show some text or symbol at the start of subsequent systems, unless the 'Hook Only' appearance is chosen for the start of the line. This option determines whether or not the text or symbol that appears should be in parentheses.	Pedal lines always show some text or symbol at the start of subsequent systems, unless the 'Hook Only' appearance is chosen for the start of the line. This option determines whether or not the text or symbol that appears should be in parentheses.
Pedals to Note Length	Pedals to Note Length
Pending	Pending
Pending Tags	Pending Tags
Pentatonic	Pentatonic
Percent	Percent
Percussion	Percussion
Perform Audio Export	Perform Audio Export
Perform Export Selected Events	Perform Export Selected Events
Perform the actions on all events matching the filter conditions	Perform the actions on all events matching the filter conditions
Performance Analyser Export Settings	Performance Analyser Export Settings
Performance Validation Settings	Performance Validation Settings
Permission Presets	Permission Presets
Permission Status	Permission Status
Permissions for: 	Permissions for: 
Persian	Persian
Personalization	Personalization
PgDown[Key]	Page Down
PgUp[Key]	Page Up
Phase	Phase
Phase 0°	Phase 0°
Phase 180°	Phase 180°
Phase-Coherent AudioWarp	Phase-Coherent AudioWarp
Phase-coherent AudioWarp operations require equal event lengths, positions, and warp markers. Click "Bounce" to create such events.	Phase-coherent AudioWarp operations require equal event lengths, positions, and warp markers. Click "Bounce" to create such events.
Phones	Phones
Phones Channel	Phones Channel
Phones Level	Phones Level
Phrase Player	Phrase Player
Phrygian	Phrygian
Piano	Piano
Piano Keys	Piano Keys
Piano Player	Piano Player
Pick-up	Pick-up
Pick-up Bar of:	Pick-up Bar of:
Pick-up Mode	Pick-up Mode
Picks up on the value of the %s function as soon as the control reaches that value. This results in smooth value changes, but requires you to estimate the pickup value.	Picks up on the value of the %s function as soon as the control reaches that value. This results in smooth value changes, but requires you to estimate the pickup value.
Picture	Picture
Picture Zoom	Picture Zoom
Pictures	Pictures
Pin Process	Pin Process
Pin process to panel	Pin process to panel
Pinned window follows VST channel selection	Pinned window follows VST channel selection
Pitch	Pitch
Pitch & Warp	Pitch & Warp
Pitch Colors	Pitch Colors
Pitch Decay	Pitch Decay
Pitch Extraction Mode	Pitch Extraction Mode
Pitch Name Noteheads	Pitch Name Noteheads
Pitch Notation	Pitch Notation
Pitch Range	Pitch Range
Pitch Shift	Pitch Shift
Pitch Shift Base	Pitch Shift Base
Pitch Shift Settings	Pitch Shift Settings
Pitch Snap Mode	Pitch Snap Mode
Pitch Spread	Pitch Spread
Pitch Visibility	Pitch Visibility
Pitch Visibility On/Off	Pitch Visibility On/Off
Pitch Visibility cannot be activated because no compatible instrument is connected	Pitch Visibility cannot be activated because no compatible instrument is connected
Pitch Visibility cannot be activated because there are no note events in the editor	Pitch Visibility cannot be activated because there are no note events in the editor
Pitch Visibility switched off because no compatible instrument is connected	Pitch Visibility switched off because no compatible instrument is connected
Pitch Visibility switched off because there are no note events in the editor	Pitch Visibility switched off because there are no note events in the editor
Pitch Visibility: On/Off	Pitch Visibility: On/Off
Pitch Visibility: Select Next Option	Pitch Visibility: Select Next Option
Pitch is used, but does not match to Scale Assistant settings	Pitch is used, but does not match to Scale Assistant settings
Pitch offset from section	Pitch offset from section
Pitch or Number	Pitch or Number
Pitchbend	Pitchbend
Pitchbend Range	Pitchbend Range
Pitchbend Range: Down	Pitchbend Range: Down
Pitchbend Range: Up	Pitchbend Range: Up
Pitchbend Wheel	Pitchbend Wheel
Pitchbend: Snap Pitchbend Events On/Off	Pitchbend: Snap Pitchbend Events On/Off
Pitched	Pitched
Place-holder	Place-holder
Place-holder text.	Place-holder text.
Placement	Placement
Placement Mode: Add your control to the surface.	Placement Mode: Add your control to the surface.
Placement Mode: Move a control on your MIDI controller or add it manually.	Placement Mode: Move a control on your MIDI controller or add it manually.
Placement Relative to Dynamics	Placement Relative to Dynamics
Plagal (I-IV-I)	Plagal (I-IV-I)
Plain Chords	Plain Chords
Plain Font	Plain Font
Play	Play
Play Crossfade	Play Crossfade
Play Direction	Play Direction
Play Fade In	Play Fade In
Play Fade Out	Play Fade Out
Play Modes	Play Modes
Play Probability	Play Probability
Play Project Range	Play Project Range
Play Region	Play Region
Play Selection	Play Selection
Play Selection Solo	Play Selection Solo
Play Tool	Play Tool
Play Tracks	Play Tracks
Play back Slice	Play back Slice
Play from Left Marker	Play from Left Marker
Play from Selection End	Play from Selection End
Play from Selection Start	Play from Selection Start
Play to Right Marker	Play to Right Marker
Play until Next Marker	Play until Next Marker
Play until Selection End	Play until Selection End
Play until Selection Start	Play until Selection Start
Play with Project	Play with Project
Play: 	Play: 
Play[Key]	Play
Playback Events	Playback Events
Playback Technique	Playback Technique
Playback Toggle triggers Local Preview	Playback Toggle Triggers Local Preview
Player Mode	Player Mode
Player Mode Settings	Player Mode Settings
Player Preset:	Player Preset:
Player Remote Control	Player Remote Control
Player Settings	Player Settings
Playing Technique	Playing Technique
Playing Techniques	Playing Techniques
Please Choose Window to Reset Layout	Please Choose Window to Reset Layout
Please Save the Project and Restart Application	Please Save the Project and Restart Application
Please close all shared Projects first	Please close all shared Projects first
Please create hitpoints before using AudioWarp quantize for groups.	Please create hitpoints before using AudioWarp quantize for groups.
Please enter a Page Name	Please enter a Page Name
Please enter a new Page Name	Please enter a new Page Name
Please enter a new name	Please enter a new name
Please fill in all mandatory entries	Please fill in all mandatory entries
Please make a selection of at least %.0f samples first!	Please make a selection of at least %.0f samples first!
Please select a column for Timecode In.	Please select a column for Timecode In.
Please select a project.\nIn case no projects are online,\nyou cannot join.	Please select a project.\nIn case no projects are online,\nyou cannot join.
Please select a single map	Please select a single map
Please select a user in the Global IP network folder.	Please select a user in the Global IP network folder.
Please select an audio track	Please select an audio track
Please select an event.	Please select an event.
Please select audio events with fade times > 0!	Please select audio events with fade times > 0!
Please select either tracks or a project!	Please select either tracks or a project!
Please select one of your shared projects.	Please select one of your shared projects.
Please select one project only!	Please select one project only!
Please select the program version you want to start.	Please select the program version you want to start.
Please select the timecode source.	Please select the timecode source.
Please select tracks only from a single project!	Please select tracks only from a single project!
Please set cycle length.	Please set cycle length.
Please update your graphics card driver or switch to a more effective graphics card.	Please update your graphics card driver or switch to a more effective graphics card.
Please zoom to a resolution that is lower than 1!	Please zoom to a resolution that is lower than 1!
Please, don't ask again.	Please, don't ask again.
Please, don't display this warning again.	Please, don't display this warning again.
Please, don't show this message again.	Please, don't show this message again.
Plug-Ins	Plug-Ins
Plug-in	Plug-in
Plug-in Collections and Options	Plug-in Collections and Options
Plug-in Editors "Always on Top"	Plug-in Editors "Always on Top"
Plug-in Information	Plug-in Information
Plug-in Names	Plug-in Names
Plug-in Names & Insert Controls	Plug-in Names & Insert Controls
Plug-in Names & Modulator Controls	Plug-in Names & Modulator Controls
Plug-in Not Responding During Scan	Plug-in Not Responding During Scan
Plug-in Parameter Bank Shift Left	Plug-in Parameter Bank Shift Left
Plug-in Parameter Bank Shift Right	Plug-in Parameter Bank Shift Right
Plug-in Presets	Plug-in Presets
Plug-in Report	Plug-in Report
Plug-in Window Focus Only	Plug-in Window Focus Only
Plug-in moved	Plug-in moved
Plug-in removed	Plug-in removed
Plug-in report cannot be saved in the specified folder.	Plug-in report cannot be saved in the specified folder.
Plug-ins	Plug-ins
Plug-ins can only be locked in the plug-in window	Plug-ins can only be locked in the plug-in window
Plus Noteheads	Plus Noteheads
Points (pt)	Points (pt)
Polarity: Bipolar	Polarity: Bipolar
Polarity: Unipolar	Polarity: Unipolar
Poly	Poly
Poly Mode	Poly Mode
Poly Pressure	Poly Pressure
PolyPress	PolyPress
Polyphonic Aftertouch	Polyphonic Aftertouch
Pool	Pool
Pool - 	Pool - 
Pool File	Pool File
Pool Folder	Pool Folder
Pool Only	Pool Only
Pool Record Folder	Pool Record Folder
Pool Record Folder:	Pool Record Folder:
Pool is ready for archive!	Pool is ready for archive!
Pop 1	Pop 1
Pop 2	Pop 2
Pop Jazz (3/5/7)	Pop Jazz (3/5/7)
Pop-up Modules	Pop-up Modules
Popup Toolbar (static one with modifier click)	Press modifier key + click to open as static toolbar
Popup Tools	Pop-up Toolbox
Port	Port
Port 	Port 
Port Number	Port Number
Port System Name	Port System Name
Portrait	Portrait
Ports	Ports
Position	Position
Position & Related Tracks	Position & Related Tracks
Position Bar Numbers at Start of System After Clef and Key Signature	Position Bar Numbers at Start of System After Clef and Key Signature
Position Factor	Position Factor
Position from RS422-Out + LTC	Position from RS422-Out + LTC
Position in Chord (Chord Track)	Position in Chord (Chord Track)
Position in Chord (Part)	Position in Chord (Part)
Position source	Position source
Position: H = %d, V = %d	Position: H = %d, V = %d
Post	Post
Post-Crossfade	Post-Crossfade
Post-Fader	Post-Fader
Post-Fader Send.\nClick to move to pre-fader position.	Post-Fader Send.\nClick to move to pre-fader position.
Post-Panner	Post-Panner
Post-Process Commands	Post-Process Commands
Post-roll	Post-roll
Post-roll Amount	Post-roll Amount
Post-roll from Selection End	Post-roll from Selection End
Post-roll from Selection Start	Post-roll from Selection Start
Pre	Pre
Pre & Post Commands	Pre & Post Commands
Pre (Filters/Gain/Phase)	Pre (Filters/Gain/Phase)
Pre Fader Listen	Pre Fader Listen
Pre Filter Bypass on/off.\nReset with [CTRL + click].	Pre Filter Bypass on/off.\nReset with [CTRL + click].
Pre Filters	Pre Filters
Pre Insert 1	Pre Insert 1
Pre Insert 2	Pre Insert 2
Pre Insert 3	Pre Insert 3
Pre-Crossfade	Pre-Crossfade
Pre-Fader	Pre-Fader
Pre-Fader Send.\nClick to move to post-fader position.	Pre-Fader Send.\nClick to move to post-fader position.
Pre-Filter Preset Management	Pre-Filter Preset Management
Pre-Gain	Pre-Gain
Pre-Process Commands	Pre-Process Commands
Pre-Q	Pre-Q
Pre-Quantize	Pre-Quantize
Pre-Record Seconds	Pre-Record Seconds
Pre-Record Time	Pre-Record Time
Pre-roll	Pre-roll
Pre-roll & Post-roll	Pre-roll & Post-roll
Pre-roll Amount	Pre-roll Amount
Pre-roll to Selection End	Pre-roll to Selection End
Pre-roll to Selection Start	Pre-roll to Selection Start
Pre/Post	Pre/Post
Pre/Post Divider moved	Pre/Post Divider moved
Pre/Post Fader	Pre-/Post-Fader
Pre/Post MIDI Modifiers and Inserts	Pre/Post MIDI Modifiers and Inserts
PreFader	PreFader
Precision	Precision
Precision Time Alignment	Precision Time Alignment
Prefer Stems Down	Prefer Stems Down
Prefer Stems Up	Prefer Stems Up
Preference Presets	Preference Presets
Preferences	Preferences
Preferences...	Preferences...
Preferred	Preferred
Preferred Unit of Measurement	Preferred Unit of Measurement
Prepare Archive	Prepare Archive
Prepare Archive...	Prepare Archive...
Prepare for Archive	Prepare for Archive
Preparing Data...	Preparing Data...
Prepend	Prepend
Presentation	Presentation
Preserve Original Track	Preserve Original Track
Preserve Secondary Beams over Rests Where Possible	Preserve Secondary Beams over Rests Where Possible
Preset	Preset
Preset %d	Preset %d
Preset Browser	Preset Browser
Preset Management	Preset Management
Preset Reference	Preset Reference
Preset Tunings	Preset Tunings
Preset is invalid!	Preset is invalid!
Presets	Presets
Presets...	Presets...
Press Key	Press Key
Press Key/Search Command	Press Key/Search Command
Press [ESC] to quit Inspection mode	Press [ESC] to quit Inspection mode
Press [ESC] to quit Learn mode	Press [ESC] to quit Learn mode
Press [Esc] to cancel the process and terminate the video service.	Press [Esc] to cancel the process and terminate the video service.
Press two keys or move a controller to assign	Press two keys or move a controller to assign
Press two keys to define range	Press two keys to define range
Press up to 3 keys to assign remote keys	Press up to 3 keys to assign remote keys
Press up to 5 keys to assign remote keys to sections	Press up to 5 keys to assign remote keys to sections
Press up to 5 keys to assign remote keys to subsections	Press up to 5 keys to assign remote keys to subsections
Pressure	Pressure
Prev[Key]	Prev
Preview	Preview
Preview Active On/Off	Preview Active On/Off
Preview AutoPlay On/Off	Preview AutoPlay On/Off
Preview Cycle	Preview Cycle
Preview Cycle On/Off	Preview Cycle On/Off
Preview Level	Preview Level
Preview Mode	Preview Mode
Preview Pause	Preview Pause
Preview Pause On/Off	Preview Pause On/Off
Preview Scale	Preview Scale
Preview Settings	Preview Settings
Preview Start	Preview Start
Preview Stop	Preview Stop
Preview Sync On/Off	Preview Sync On/Off
Preview in Context On/Off	Preview in Context On/Off
Preview:	Preview:
Previewer	Previewer
Previewer Sequence Mode	Previewer Sequence Mode
Previous	Previous
Previous & Next Chord	Previous & Next Chord
Previous Chain Step	Previous Chain Step
Previous Chain Step\nUse [ALT]-Click to jump to first chain step	Previous Chain Step\nUse [ALT]-Click to jump to first chain step
Previous Chord	Previous Chord
Previous Dropout	Previous Dropout
Previous Insert Effect	Previous Insert Effect
Previous Mapping Page	Previous Mapping Page
Previous Mixer Bank	Previous Mixer Bank
Previous Page	Previous Page
Previous Pattern	Previous Pattern
Previous Plug-in Parameter Bank	Previous Plug-in Parameter Bank
Previous Preset	Previous Preset
Previous Subpage	Previous Subpage
Previous Tool	Previous Tool
Previous Version	Previous Version
Previous Voicing	Previous Voicing
Previous Voicing (mouse wheel on pad)	Previous Voicing (mouse wheel on pad)
PrgChange	PrgChange
Primary Parameter: Decrease	Primary Parameter: Decrease
Primary Parameter: Decrease (Channel Level)	Primary Parameter: Decrease (Channel Level)
Primary Parameter: Fine Decrease	Primary Parameter: Fine Decrease
Primary Parameter: Fine Decrease (Channel Level)	Primary Parameter: Fine Decrease (Channel Level)
Primary Parameter: Fine Increase	Primary Parameter: Fine Increase
Primary Parameter: Fine Increase (Channel Level)	Primary Parameter: Fine Increase (Channel Level)
Primary Parameter: Increase	Primary Parameter: Increase
Primary Parameter: Increase (Channel Level)	Primary Parameter: Increase (Channel Level)
Primary Time Display	Primary Time Display
Primary Type	Primary Type
Primary type is used for the main chord symbol	Primary type is used for the main chord symbol
Print	Print
Print Screen[Key]	Print Screen
Print...	Print...
Print[Key]	Print
Priority	Priority
Probability	Probability
Proceed	Proceed
Proceed and Keep	Proceed and Keep
Process	Process
Process All Selected Events	Process All Selected Events
Process Bars	Process Bars
Process Bars Dialog...	Process Bars Dialog...
Process Logical Edit Project	Process Logical Edit Project
Process Logical Preset	Process Logical Preset
Process Project Logical Editor	Process Project Logical Editor
Process Tempo	Process Tempo
Process Type	Process Type
Process[verb]	Process
Processes	Processes
Processing	Processing
Processing Done	Processing Done
Processing Failed	Processing Failed
Processing Overload\nClick to Reset Display	Processing Overload\nClick to Reset Display
Processing Precision	Processing Precision
Processing...	Processing...
Production	Production
Profile Manager	Profile Manager
Profile Manager...	Profile Manager...
Prog. Change	Prog. Change
Prog. Change Trigger	Prog. Change Trigger
Program	Program
Program Change	Program Change
Program Name	Program Name
Program Nr	Program Nr
Program Number	Program Number
Program Plug-ins	Program Plug-ins
Program Selector	Program Selector
Program Version	Program Version
Program-gated loudness measurement according to EBU R 128	Program-gated loudness measurement according to EBU R 128
Program/Patch	Program/Patch
Programs	Programs
Progress	Progress
Progress of active network transfers:	Progress of active network transfers:
Project	Project
Project & MixConsole	Project & MixConsole
Project & Tracks	Project & Tracks
Project "%s" was created with %s.\nThis program version cannot load it.	Project "%s" was created with %s.\nThis program version cannot load it.
Project - Video Frame Rate Mismatch: Project %.2f fps, Video %.2f fps	Project - Video Frame Rate Mismatch: Project %.2f fps, Video %.2f fps
Project Activation Control	Project Activation Control
Project Audio Folder	Project Audio Folder
Project Audio Pull	Project Audio Pull
Project Clipboard	Project Clipboard
Project Colors	Project Colors
Project Colors Setup	Project Colors Setup
Project Colors Setup...	Project Colors Setup...
Project Duration	Project Duration
Project Folder	Project Folder
Project Folder:	Project Folder:
Project Frame Rate	Project Frame Rate
Project History	Project History
Project Import-Export Plug-ins	Project Import-Export Plug-ins
Project Information	Project Information
Project Input Transformer	Project Input Transformer
Project Input Transformer...	Project Input Transformer...
Project Length	Project Length
Project Location	Project Location
Project Logical Editor	Project Logical Editor
Project Logical Editor Presets	Project Logical Editor Presets
Project Logical Editor...	Project Logical Editor...
Project Mixdown Folder	Project Mixdown Folder
Project Name	Project Name
Project Ownership	Project Ownership
Project Pan Law	Project Pan Law
Project Preview	Project Preview
Project Preview created	Project Preview created
Project Preview removed	Project Preview removed
Project Preview start set to project cursor position.	Project Preview start set to project cursor position.
Project Root Key	Project Root Key
Project Sample Rate:	Project Sample Rate:
Project Selection Follows Fade	Project Selection Follows Fade
Project Settings	Project Settings
Project Setup	Project Setup
Project Setup cannot be opened while recording.	Project Setup cannot be opened while recording.
Project Setup...	Project Setup...
Project Sharing and Permissions	Project Sharing and Permissions
Project Sharing and Permissions...	Project Sharing and Permissions...
Project Start Time	Project Start Time
Project Structure	Project Structure
Project Synchronisation Setup	Project Synchronisation Setup
Project Synchronization Setup...	Project Synchronization Setup...
Project Templates	Project Templates
Project Time	Project Time
Project Time Displays	Project Time Displays
Project Window Grid	Project Window Grid
Project Workspace	Project Workspace
Project Workspaces	Project Workspaces
Project and video frame rate do not match.	Project and video frame rate do not match.
Project download failed.	Project download failed.
Project has not been saved.	Project has not been saved.
Project mappings are saved for the project only.	Project mappings are saved for the project only.
Project size of %s exceeded during auto save!	Project size of %s exceeded during auto save!
Project size of %s exceeded!	Project size of %s exceeded!
Project will be exported as\n'%s'.	Project will be exported as\n'%s'.
Projects	Projects
Prop Type	Prop Type
Properties	Properties
Property	Property
Property Is Not Set	Property Is Not Set
Property Is Set	Property Is Set
Proximity	Proximity
Pull Factor	Pull Factor
Pull Up/Down:	Pull Up/Down:
Pull Word Clock	Pull Word Clock
Pulses	Pulses
Punch In	Punch In
Punch In (use [ALT + click] to set to Project Cursor Position)	Punch In (use [ALT]-click to set to Project Cursor Position)
Punch In Position	Punch In Position
Punch In/Out	Punch In/Out
Punch In/Out[RM]	Punch In/Out
Punch Log: Delete Selected	Punch Log: Delete Selected
Punch Log: Keep Selected	Punch Log: Keep Selected
Punch Log: Load Selected	Punch Log: Load Selected
Punch Out	Punch Out
Punch Out (use [ALT + click] to set to Project Cursor Position)	Punch Out (use [ALT]-click to set to Project Cursor Position)
Punch Out Position	Punch Out Position
Punch Out of Latch Automation	Punch Out of Latch Automation
Punch Points	Punch Points
Punch Preview	Punch Preview
Punch in previewing parameters now	Punch in previewing parameters now
Punch in previewing parameters when transport starts	Punch in previewing parameters when transport starts
Punch on Play	Punch on Play
Punch out on reaching right locator + Punch in previewing parameters on reaching left locator	Punch out on reaching right locator + Punch in previewing parameters on reaching left locator
Push	Push
Push Button	Push Button
Push Encoder	Push Encoder
Q-Factor	Q-Factor
Q-Link	Q-Link
QC	QC
QC %d	QC %d
QC Learn Mode	QC Learn Mode
QC Learn Mode: Off	QC Learn Mode: Off
QC Learn Mode: On	QC Learn Mode: On
Quality	Quality
Quantize	Quantize
Quantize Ends	Quantize Ends
Quantize Events to Frames	Quantize Events to Frames
Quantize Length	Quantize Length
Quantize Lengths	Quantize Lengths
Quantize Link	Quantize Link
Quantize MIDI Event Ends	Quantize MIDI Event Ends
Quantize MIDI Event Lengths	Quantize MIDI Event Lengths
Quantize Panel	Quantize Panel
Quantize Panel...	Quantize Panel...
Quantize Pitches	Quantize Pitches
Quantize Pitches to Scale	Quantize Pitches to Scale
Quantize Presets	Quantize Presets
Quantize Strength	Quantize Strength
Quantize Swing	Quantize Swing
Quantize Tuplet	Quantize Tuplet
Quantize as Notated	Quantize as Notated
Quantize in Catch Range	Quantize in Catch Range
Quantize to original groove positions only	Quantize to original groove positions only
Quarter Note (Crotchet) Denominator Time Signatures With Half-Bars	Quarter Note (Crotchet) Denominator Time Signatures With Half-Bars
Quarter Size	Quarter Size
Quick	Quick
Quick Analysis	Quick Analysis
Quick Audio Export	Quick Audio Export
Quick Audio Export...	Quick Audio Export...
Quick Control %d	Quick Control %d
Quick Control Focus	Quick Control Focus
Quick Control Focus (Plug-in Window)	Quick Control Focus (Plug-in Window)
Quick Control Focus (Track)	Quick Control Focus (Track)
Quick Control Focus Setup	Quick Control Focus Setup
Quick Controls	Quick Controls
Quick Controls on/off	Quick Controls on/off
Quick Loudness Analysis	Quick Loudness Analysis
Quick Rescan Disk	Quick Rescan Disk
Quick Zoom	Quick Zoom
QuickTime Movie	QuickTime Movie
Quit	Quit
R-%d	R-%d
RAM Disk	RAM Disk
REX 2 File	REX 2 File
REX File	REX File
RF64 Broadcast Wave File	RF64 Broadcast Wave File
RF64 File Format	RF64 File Format
RMS Max.	RMS Max.
RMS Resolution in ms	RMS Resolution in ms
RPN + Data Entry 14 Bit	RPN + Data Entry 14 Bit
RPN + Data Entry 7 Bit	RPN + Data Entry 7 Bit
RPN No.	RPN No.
RS422-In	RS422-In
RTF Text	RTF Text
Rack Instruments	Rack Instruments
RagaTodi	RagaTodi
Rainstick	Rainstick
Ramp	Ramp
Ramp/Curve	Ramp/Curve
Ramps/Curves are not supported on Tracks that are set to MIDI channel 'Any'	Ramps/Curves are not supported on Tracks that are set to MIDI channel 'Any'
Random 1	Random 1
Random 2	Random 2
Random Target	Random Target
Random1Max	Random1Max.
Random1Min	Random1Min.
Random1Target	Random1Target
Random2Max	Random2Max.
Random2Min	Random2Min.
Random2Target	Random2Target
Randomization	Randomization
Randomize	Randomize
Randomize Parameter	Randomize Parameter
Randomize Parameters. Press [Alt] to limit randomization to parameters used in VST Quick Controls.	Randomize Parameters. Press [Alt] to limit randomization to parameters used in VST Quick Controls.
Randomize Pattern	Randomize Pattern
Randomize Settings	Randomize Settings
Randomize Step Lane	Randomize Step Lane
Randomize Steps	Randomize Steps
Range	Range
Range 1	Range 1
Range 2	Range 2
Range Encompassing Audio Segment	Range Encompassing Audio Segment
Range End	Range End
Range End Position in Selected Time Format	Range End Position in Selected Time Format
Range End in PPQ	Range End in PPQ
Range Length	Range Length
Range Selection	Range Selection
Range Selection Cursor	Range Selection Cursor
Range Selection Follows Track Selection	Range Selection Follows Track Selection
Range Selection Tool	Range Selection Tool
Range Selection Tool: Selection A	Range Selection Tool: Selection A
Range Selection Tool: Selection B	Range Selection Tool: Selection B
Range Start	Range Start
Range Start Position in Selected Time Format	Range Start Position in Selected Time Format
Range Start in PPQ	Range Start in PPQ
Range Target	Range Target
Range Tool	Range Tool
Range Tool Splits Partly Selected Events	Range Tool Splits Partly Selected Events
Range in Primary Time Format	Range in Primary Time Format
Range to Next Audio Segment	Range to Next Audio Segment
Range to Next Event	Range to Next Event
Range to Next Hitpoint	Range to Next Hitpoint
Range to Previous Audio Segment	Range to Previous Audio Segment
Range to Previous Event	Range to Previous Event
Range to Previous Hitpoint	Range to Previous Hitpoint
Range1Max	Range1Max.
Range1Min	Range1Min.
Range1Target	Range1Target
Range2Max	Range2Max.
Range2Min	Range2Min.
Range2Target	Range2Target
Range:	Range:
Ranges	Ranges
Rastral Size	Rastral Size
Ratchet	Ratchet
Rates	Rates
Rating	Rating
Rating Filter	Rating Filter
Ratio	Ratio
Re-Record	Re-Record
Re-Record[RM]	Re-Record
Reaching the 2GB limit of the OMF file format, some media will be missing...	Reaching the 2GB limit of the OMF file format, some media will be missing...
Reaching the 2GB limit of the OMF file format, the followig media will not be embedded.	Reaching the 2GB limit of the OMF file format, the followig media will not be embedded.
Reactivate	Reactivate
Reactivated	Reactivated
Reactivating the plug-in failed!\nFor support information, please contact the plug-in vendor.	Reactivating the plug-in failed!\nFor support information, please contact the plug-in vendor.
Read	Read
Read Automation	Read Automation
Read Automation On/Off	Read Automation On/Off
Read for All Tracks	Read for All Tracks
Read machine position from selected source	Read machine position from selected source
Read/Write-Enable	Read/Write-Enable
Reading MIDI Devices	Reading MIDI Devices
Reading OpenTL Project File...	Reading OpenTL Project File...
Reading OpenTL Track Files...	Reading OpenTL Track Files...
Reading Project File	Reading Project File
Reading projects...	Reading projects...
Real Time Algorithm has been deactivated because pitch or stretch factor lies outside the limits of the current preset.	Real Time Algorithm has been deactivated because pitch or stretch factor lies outside the limits of the current preset.
Real Time Export	Real Time Export
Real Time Processing	Real Time Processing
Real Time:	Real Time:
Realtime	Realtime
Reanalyze Audio	Reanalyze Audio
Reanalyze Note Segments	Reanalyze Note Segments
Reapply Tempo	Reapply Tempo
Reassign All	Reassign All
Reassign All Remote Triggers	Reassign All Remote Triggers
Reassign Cycle Marker IDs	Reassign Cycle Marker IDs
Reassign Position Marker IDs	Reassign Position Marker IDs
Rec Done	Rec Done
Recall Cycle Marker 1	Recall Cycle Marker 1
Recall Cycle Marker 2	Recall Cycle Marker 2
Recall Cycle Marker 3	Recall Cycle Marker 3
Recall Cycle Marker 4	Recall Cycle Marker 4
Recall Cycle Marker 5	Recall Cycle Marker 5
Recall Cycle Marker 6	Recall Cycle Marker 6
Recall Cycle Marker 7	Recall Cycle Marker 7
Recall Cycle Marker 8	Recall Cycle Marker 8
Recall Cycle Marker 9	Recall Cycle Marker 9
Recall Cycle Marker X	Recall Cycle Marker X
Recall Cycle Marker:	Recall Cycle Marker:
Recall Device State	Recall Device State
Recall Settings	Recall Settings
Recall Snapshot	Recall Snapshot
Recall[MixerSnapshotMenu]	Recall
Recalling a MixConsole Snapshot will delete any Insert Automation. Do you want to continue?	Recalling a MixConsole Snapshot will delete any Insert Automation. Do you want to continue?
Receive	Receive
Receive: 	Receive: 
Receiving	Receiving
Recent Paths	Recent Paths
Recent Projects	Recent Projects
Reconnect	Reconnect
Reconnect all Projects?	Reconnect all Projects?
Reconstruct	Reconstruct
Record	Record
Record Date	Record Date
Record Destination	Record Destination
Record Destination on conflict	Record Destination on conflict
Record Destination when track is enabled for both part record and automation write	Record Destination when track is enabled for both part record and automation write
Record Enable	Record Enable
Record Enable All Tracks	Record Enable All Tracks
Record Enable On/Off	Record Enable On/Off
Record Enable/Monitor	Record Enable/Monitor
Record File Format	Record File Format
Record File Type	Record File Type
Record Folder	Record Folder
Record Format	Record Format
Record In Editor	Record In Editor
Record MIDI Controllers as Note Expression	Record MIDI Controllers as Note Expression
Record MIDI as Note Exp.	Record MIDI as Note Exp.
Record MIDI as Note Expression	Record MIDI as Note Expression
Record Mode has been changed to \'Start Recording at Left Locator or Punch In\'	Record Mode has been changed to \'Start Recording at Left Locator or Punch In\'
Record Mode has been changed to \'Start Recording at Project Cursor\'	Record Mode has been changed to \'Start Recording at Project Cursor\'
Record Mode has been changed to \'Start Recording at Selection Start\'	Record Mode has been changed to \'Start Recording at Selection Start\'
Record Note Off Velocity	Record Note Off Velocity
Record Note On Velocity	Record Note On Velocity
Record Panel	Record Panel
Record Pitch	Record Pitch
Record Shift	Record Shift
Record Time Max	Record Time Max
Record Tracks	Record Tracks
Record buffered parameter values as One-Shots to notes	Record buffered parameter values as One-Shots to notes
Record in Editor	Record in Editor
Record in Editor (Suspended)	Record in Editor (Suspended)
Record only Specific Controller No.	Record only Specific Controller No.
Record-Enable allows MIDI Thru	Record-Enable allows MIDI Thru
Record: Punch In & Out/Re-Record	Record: Punch In & Out/Re-Record
Record: Start at Cursor/Left Locator/Selection	Record: Start at Cursor/Left Locator/Selection
Recording Error: ASIO driver is not running.	Recording Error: ASIO driver is not running.
Recording Error: Audio drop out detected.	Recording Error: Audio drop out detected.
Recording Error: Disk write error.	Recording Error: Disk write error.
Recording Error: Too many tracks recording.	Recording Error: Too many tracks recording.
Recording starts at the left locator position, or at the 'Punch In' position, if 'Punch In' is activated.	Recording starts at the left locator position, or at the 'Punch In' position, if 'Punch In' is activated.
Recording starts at the project cursor position.	Recording starts at the project cursor position.
Recording starts at the selection start position.	Recording starts at the selection start position.
Rectangle	Rectangle
Rectangular Noteheads	Rectangular Noteheads
Red	Red
Redo	Redo
Redo MixConsole Step	Redo MixConsole Step
Redo Pass	Redo Pass
Redo Visibility Change	Redo Visibility Change
Redo Zoom	Redo Zoom
Reduce Automation	Reduce Automation
Reduce Automation Events	Reduce Automation Events
Reduce Automation Events of Selected Tracks	Reduce Automation Events of Selected Tracks
Reduce Channel Width	Reduce Channel Width
Reduce Section Height	Reduce Section Height
Reduce Vibrato Strength	Reduce Vibrato Strength
Reduction Level	Reduction Level
Reel	Reel
Reel Name	Reel Name
Ref. Volume	Ref. Volume
Reference	Reference
Reference (pure 3/5)	Reference (pure 3/5)
Reference Files	Reference Files
Reference Level	Reference Level
Reference Level Active	Reference Level Active
Reference Media Files	Reference Media Files
Reference Value	Reference Value
Reference:	Reference:
References	References
Refresh	Refresh
Refresh Views	Refresh Views
Region	Region
Region %d	Region %d
Region End	Region End
Region Name	Region Name
Region Names	Region Names
Region Start	Region Start
Regions	Regions
Registration	Registration
Regular	Regular
Rehearsal Mode	Rehearsal Mode
Reinterpret Bars	Reinterpret Bars
Relation	Relation
Relative	Relative
Relative Binary Offset	Relative Binary Offset
Relative Change in Loop Range	Relative Change in Loop Range
Relative Circular	Relative Circular
Relative Mode	Relative Mode
Relative Position	Relative Position
Relative Signed Bit	Relative Signed Bit
Relative Twos Complement	Relative Twos Complement
Relative [VariAudio Pitch Snap Mode]	Relative
Relay Click	Relay Click
Release Date	Release Date
Release Driver when Application is in Background	Release Driver when Application is in Background
Release Length	Release Length
Release Lock	Release Lock
Reload Scripts	Reload Scripts
Reload Track Preset	Reload Track Preset
Remaining Number of Beats defined in Audio File	Remaining Number of Beats Defined in Audio File
Remember and apply this to all non-responding plug-ins	Remember and apply this to all non-responding plug-ins
Remote Devices	Remote Devices
Remote Devices (Legacy)	Remote Devices (Legacy)
Remote Trigger	Remote Trigger
Remote Trigger Mode: Use either key switches or program changes to switch between Sound Slots	Remote Trigger Mode: Use either key switches or program changes to switch between Sound Slots
Remote Trigger behaviour on release	Remote Trigger behaviour on release
Remote key for 1st section	Remote key for 1st section
Remote key for 1st subsection	Remote key for 1st subsection
Remote key for 2nd section	Remote key for 2nd section
Remote key for 2nd subsection	Remote key for 2nd subsection
Remote key for 3rd section	Remote key for 3rd section
Remote key for 3rd subsection	Remote key for 3rd subsection
Remote key for 4th section	Remote key for 4th section
Remote key for 4th subsection	Remote key for 4th subsection
Remote key for 5th section	Remote key for 5th section
Remote key for 5th subsection	Remote key for 5th subsection
Remote note for adding tensions to the last played chord pad	Remote note for adding tensions to the last played chord pad
Remote note for removing tensions from the last played chord pad	Remote note for removing tensions from the last played chord pad
Remote note for selecting next voicing of the last played chord pad	Remote note for selecting next voicing of the last played chord pad
Remote note for selecting previous voicing of the last played chord pad	Remote note for selecting previous voicing of the last played chord pad
Remote note for transposing the last played chord pad downwards	Remote note for transposing the last played chord pad downwards
Remote note for transposing the last played chord pad upwards	Remote note for transposing the last played chord pad upwards
Remote-Control Focus for VST Quick Controls follows track selection	Remote-Control Focus for VST Quick Controls follows track selection
Remoted	Remoted
Removable Drive	Removable Drive
Remove	Remove
Remove %s Automation	Remove %s Automation
Remove "%s"	Remove "%s"
Remove "%s" as Monitor Source	Remove "%s" as Monitor Source
Remove All	Remove All
Remove All Assignments	Remove All Assignments
Remove All Connections	Remove All Connections
Remove All Jobs from Queue	Remove All Jobs from Queue
Remove All Modulators of Track	Remove All Modulators of Track
Remove All QC Assignments	Remove All QC Assignments
Remove All from Queue	Remove All from Queue
Remove Alternative Key Set	Remove Alternative Key Set
Remove Arranger Chain	Remove Arranger Chain
Remove Articulation	Remove Articulation
Remove Aspect	Remove Aspect
Remove Assignment	Remove Assignment
Remove Attribute	Remove Attribute
Remove Auto Quantize	Remove Auto Quantize
Remove Automation	Remove Automation
Remove Automation Parameter	Remove Automation Parameter
Remove Beat Edit	Remove Beat Edit
Remove Bus "%s"	Remove Bus "%s"
Remove Chain	Remove Chain
Remove Channel from Link Group "%s"	Remove Channel from Link Group "%s"
Remove Chord Lane	Remove Chord Lane
Remove Color	Remove Color
Remove Command from Macro	Remove Command from Macro
Remove Connection	Remove Connection
Remove Controller Surface	Remove Controller Surface
Remove Crossfade	Remove Crossfade
Remove Current Page	Remove Current Page
Remove Current Tab	Remove Current Tab
Remove Custom Chord	Remove Custom Chord
Remove DC Offset	Remove DC Offset
Remove Default Preset	Remove Default Preset
Remove Device	Remove Device
Remove EQ Automation	Remove EQ Automation
Remove Effect "%s"	Remove Effect "%s"
Remove Effect Automation	Remove Effect Automation
Remove Effect Track "%s"	Remove Effect Track "%s"
Remove Empty Tracks	Remove Empty Tracks
Remove Event	Remove Event
Remove Event Volume Curve	Remove Event Volume Curve
Remove Extension from Selected Events	Remove Extension from Selected Events
Remove Extension from Selected Track	Remove Extension from Selected Track
Remove Fade In	Remove Fade In
Remove Fade Out	Remove Fade Out
Remove Fades	Remove Fades
Remove Favorite	Remove Favorite
Remove Filter	Remove Filter
Remove From Database:\n%s ?	Remove From Database:\n%s ?
Remove Group	Remove Group
Remove Group "%s" as Monitor Source	Remove Group "%s" as Monitor Source
Remove Group Track "%s"	Remove Group Track "%s"
Remove Highest Voice	Remove Highest Voice
Remove Hitpoints	Remove Hitpoints
Remove Inactive	Remove Inactive
Remove Individual Settings	Remove Individual Settings
Remove Input "%s" as Monitor Source	Remove Input "%s" as Monitor Source
Remove Instrument "%s"	Remove Instrument "%s"
Remove Job	Remove Job
Remove Key Command	Remove Key Command
Remove Layout	Remove Layout
Remove Legato	Remove Legato
Remove Legato from Steps	Remove Legato from Steps
Remove Link Group "%s"	Remove Link Group "%s"
Remove MIDI Controller	Remove MIDI Controller
Remove MIDI File	Remove MIDI File
Remove Map	Remove Map
Remove Marker	Remove Marker
Remove Marker Attribute	Remove Marker Attribute
Remove Marker Attributes	Remove Marker Attributes
Remove Media	Remove Media
Remove Missing Files	Remove Missing Files
Remove Note Expression	Remove Note Expression
Remove NoteExp	Remove NoteExp
Remove Output "%s" as Monitor Source	Remove Output "%s" as Monitor Source
Remove Output Mapping	Remove Output Mapping
Remove Overlaps	Remove Overlaps
Remove Panel	Remove Panel
Remove Parameter	Remove Parameter
Remove Parameters	Remove Parameters
Remove Preset	Remove Preset
Remove Project Preview	Remove Project Preview
Remove Property	Remove Property
Remove Region	Remove Region
Remove Regions/Hitpoints on all Offline Processes	Remove Regions/Hitpoints on all Offline Processes
Remove Scale	Remove Scale
Remove Selected	Remove Selected
Remove Selected Busses	Remove Selected Busses
Remove Selected Device (if a device is optional)	Remove Selected Device (if a device is optional)
Remove Selected Effects	Remove Selected Effects
Remove Selected Instruments	Remove Selected Instruments
Remove Selected Mappings	Remove Selected Mappings
Remove Selected Pictures from User Library	Remove Selected Pictures from User Library
Remove Selected Sound Reference	Remove Selected Sound Reference
Remove Selected Tracks	Remove Selected Tracks
Remove Side-Chain Source	Remove Side-Chain Source
Remove Signature	Remove Signature
Remove Snapshot	Remove Snapshot
Remove Sound Slot	Remove Sound Slot
Remove Source Events	Remove Source Events
Remove Source Tracks	Remove Source Tracks
Remove Step Lane	Remove Step Lane
Remove Steps	Remove Steps
Remove Takes	Remove Takes
Remove Tempo	Remove Tempo
Remove Touched	Remove Touched
Remove Track	Remove Track
Remove Unavailable Plug-ins from All Collections	Remove Unavailable Plug-ins from All Collections
Remove Unused Files	Remove Unused Files
Remove Unused Media	Remove Unused Media
Remove Unused Parameters	Remove Unused Parameters
Remove User Attribute	Remove User Attribute
Remove VCA Channel	Remove VCA Channel
Remove VCA Channel from Link Group "%s"	Remove VCA Channel from Link Group "%s"
Remove Value	Remove Value
Remove Variable	Remove Variable
Remove Voice	Remove Voice
Remove Volume Database...	Remove Volume Database...
Remove WAN Connection	Remove WAN Connection
Remove Write Protection	Remove Write Protection
Remove all Automation of Track	Remove all Automation of Track
Remove all Steps from Pattern	Remove all Steps from Pattern
Remove all Steps from Step Lane	Remove all Steps from Step Lane
Remove all Warp Tabs	Remove all Warp Markers
Remove all control assignments?	Remove all control assignments?
Remove filter	Remove filter
Remove from Link Group	Remove from Link Group
Remove from Pool	Remove from Pool
Remove from Surface	Remove from Surface
Remove from workgroup?	Remove from workgroup?
Remove irregular tempo jumps and smooth the tempo curve	Remove irregular tempo jumps and smooth the tempo curve
Remove only	Remove only
Remove selected Users from Permission Preset	Remove selected Users from Permission Preset
Remove selected Users from the User Pool	Remove selected Users from the User Pool
Remove this Lane	Remove this Lane
Remove tracks that could not be connected?	Remove tracks that could not be connected?
Remove when under	Remove when under
Removeable Media	Removeable Media
Removes Silent Segments	Removes Silent Segments
Removes any existing audio in the record range, but creates new audio events for each cycle in cycle record.	Removes any existing audio in the record range, but creates new audio events for each cycle in cycle record.
Removes any previous audio in the record range.	Removes any previous audio in the record range.
Removing OMF file	Removing OMF file
Removing User Attributes:	Removing User Attributes:
Removing User Tag:	Removing User Tag:
Removing old audio stream from video file	Removing old audio stream from video file
Rename	Rename
Rename Arranger Chain	Rename Arranger Chain
Rename Arranger Events	Rename Arranger Events
Rename Chain	Rename Chain
Rename Collection	Rename Collection
Rename Configuration	Rename Configuration
Rename Events	Rename Events
Rename Favorite	Rename Favorite
Rename File	Rename File
Rename First Selected Track	Rename First Selected Track
Rename Folder	Rename Folder
Rename Group	Rename Group
Rename Layout	Rename Layout
Rename Map	Rename Map
Rename Marker Event	Rename Marker Event
Rename Media Files	Rename Media Files
Rename Medium	Rename Medium
Rename Page	Rename Page
Rename Pattern	Rename Pattern
Rename Preset	Rename Preset
Rename Profile	Rename Profile
Rename Range Events	Rename Range Events
Rename Region	Rename Region
Rename Selected Events	Rename Selected Events
Rename Selected Events...	Rename Selected Events...
Rename Selected Player	Rename Selected Player
Rename Sound Slot	Rename Sound Slot
Rename Step Lane	Rename Step Lane
Rename Track Version	Rename Track Version
Rename Version	Rename Version
Rename selected profile	Rename selected profile
Rename to	Rename to
Render	Render
Render (with Current Settings)	Render (with Current Settings)
Render Audio Click	Render Audio Click
Render Audio Click between Locators	Render Audio Click between Locators
Render MIDI Click between Locators	Render MIDI Click between Locators
Render New Video File	Render New Video File
Render Selection	Render Selection
Render Settings...	Render Settings...
Render Tracks	Render Tracks
Render in Place	Render in Place
Rendered files include all source settings.	Rendered files include all source settings.
Rendered files include channel settings, group channel settings, send effect settings, and Master bus settings.	Rendered files include channel settings, group channel settings, send effect settings, and Master bus settings.
Rendered files include channel settings, group track settings, and send effect settings.	Rendered files include channel settings, group track settings, and send effect settings.
Rendered files include insert effect, EQ, and channel strip settings.	Rendered files include insert effect, EQ, and channel strip settings.
Rendering Range %i of %i	Rendering Range %i of %i
Rendering...	Rendering...
Renumber 1	Renumber 1
Repeat	Repeat
Repeat Count: %d	Repeat Count: %d
Repeat Event	Repeat Event
Repeat Events	Repeat Events
Repeat Forever	Repeat Forever
Repeat Line	Repeat Line
Repeat Loop	Repeat Loop
Repeat Marker	Repeat Marker
Repeat Range	Repeat Range
Repeat Rate	Repeat Rate
Repeat Structures	Repeat Structures
Repeat...	Repeat...
Repeats	Repeats
Replace	Replace
Replace 1 - Part Range	Replace 1 - Part Range
Replace 2 - Last Value Continues	Replace 2 - Last Value Continues
Replace All Events and Parts	Replace All Events and Parts
Replace Audio	Replace Audio
Replace Audio in Project	Replace Audio in Project
Replace Audio in Video	Replace Audio in Video
Replace Audio in Video File...	Replace Audio in Video File...
Replace Bars	Replace Bars
Replace By	Replace By
Replace Files	Replace Files
Replace Recording in Editors	Replace Recording in Editors
Replace Search String	Replace Search String
Replace by	Replace by
Replace events?	Replace events?
Replace existing Favorite "%s"?	Replace existing Favorite "%s"?
Replace[RM]	Replace
Replacement of PFX	Replacement of PFX
Replacing audio in video...	Replacing audio in video...
Replacing audio stream in video file...	Replacing audio stream in video file...
Requires Real Time Export	Requires Real Time Export
Resample	Resample
Rescale Tempo	Rescale Tempo
Rescan Disk	Rescan Disk
Rescan Network	Rescan Network
Rescanning Plug-ins	Rescanning Plug-ins
Reset	Reset
Reset %s Setting	Reset %s Setting
Reset All	Reset All
Reset All Changes	Reset All Changes
Reset All Changes for Selection	Reset All Changes for Selection
Reset All Cue Sends	Reset All Cue Sends
Reset All Devices	Reset All Devices
Reset All Filters	Reset All Filters
Reset Attribute Filter	Reset Attribute Filter
Reset Beaming	Reset Beaming
Reset Channel...	Reset Channel...
Reset Click Pattern to Default	Reset Click Pattern to Default
Reset Color	Reset Color
Reset Color Set to Default	Reset Color Set to Default
Reset Color Set to Factory Settings	Reset Color Set to Factory Settings
Reset Counter Start Value	Reset Counter Start Value
Reset Cue Send to "%s"	Reset Cue Send to "%s"
Reset Cue Sends	Reset Cue Sends
Reset Current Picture	Reset Current Picture
Reset Curve	Reset Curve
Reset Destination Tracks	Reset Destination Tracks
Reset Device	Reset Device
Reset FFT Post EQ Peak Hold Curve	Reset FFT Post EQ Peak Hold Curve
Reset Filter	Reset Filter
Reset Formant Shift Changes	Reset Formant Shift Changes
Reset Formant Shift Changes for Selection	Reset Formant Shift Changes for Selection
Reset Grid and Tempo Editing	Reset Grid and Tempo Editing
Reset Grid and Tempo Edits	Reset Grid and Tempo Edits
Reset Hardware	Reset Hardware
Reset Input Configuration	Reset Input Configuration
Reset Insert Effect Bank	Reset Insert Effect Bank
Reset Key Command	Reset Key Command
Reset Latch Buffer	Reset Latch Buffer
Reset Layout	Reset Layout
Reset Loudness	Reset Loudness
Reset MIDI	Reset MIDI
Reset MIDI Play Probability	Reset MIDI Play Probability
Reset MIDI Velocity Variance	Reset MIDI Velocity Variance
Reset Mapping	Reset Mapping
Reset Mapping Page	Reset Mapping Page
Reset Meters	Reset Meters
Reset MixConsole Channels...	Reset MixConsole Channels...
Reset Mixer	Reset Mixer
Reset Mixer Bank	Reset Mixer Bank
Reset Pitch Changes	Reset Pitch Changes
Reset Pitch Changes for Selection	Reset Pitch Changes for Selection
Reset Pitch Curve Changes	Reset Pitch Curve Changes
Reset Pitch Curve Changes for Selection	Reset Pitch Curve Changes for Selection
Reset Plug-in Parameter Bank	Reset Plug-in Parameter Bank
Reset Ports	Reset Ports
Reset Position with a Double-Click	Reset Position with a Double-Click
Reset Processing Overload Indicator	Reset Processing Overload Indicator
Reset Properties	Reset Properties
Reset Quantize	Reset Quantize
Reset RMS Max. and PPM Max.	Reset RMS Max. and PPM Max.
Reset Record Folder	Reset Record Folder
Reset Result Filters	Reset Result Filters
Reset Search	Reset Search
Reset Section	Reset Section
Reset Section with Warning	Reset Section with Warning
Reset Selected	Reset Selected
Reset Subpage	Reset Subpage
Reset Tilt/Rotate Anchor	Reset Tilt/Rotate Anchor
Reset To Default	Reset To Default
Reset User Command Assignments	Reset User Command Assignments
Reset Volume Changes	Reset Volume Changes
Reset Volume Changes for Selection	Reset Volume Changes for Selection
Reset Warp Changes	Reset Warp Changes
Reset Warp Changes for Selection	Reset Warp Changes for Selection
Reset all loudness, RMS Max., and Peak Max. values when playback starts	Reset all loudness, RMS Max., and Peak Max. values when playback starts
Reset on Start	Reset on Start
Reset on Stop	Reset on Stop
Reset the analysis result	Reset the analysis result
Reset to Default	Reset to Default
Reset to Default Assignments	Reset to Default Assignments
Reset to Default Notehead	Reset to Default Notehead
Reset to Default Preset	Reset to Default Preset
Reset to Default Value	Reset to Default Value
Reset to Default Values	Reset to Default Values
Reset to Factory	Reset to Factory
Reset to Factory Patterns	Reset to Factory Patterns
Reset to Original Staff	Reset to Original Staff
Reset with [CTRL + click]	Reset with [CTRL + click]
Resets "Slice audio events at hitpoints"	Resets "Slice audio events at hitpoints"
Resize	Resize
Resize Channel	Resize Channel
Resolution	Resolution
Resolve Display Conflicts	Resolve Display Conflicts
Resolve Missing Files	Resolve Missing Files
Resolve Note Expression	Resolve Note Expression
Resolve Note Expression Overlaps	Resolve Note Expression Overlaps
Respect Maximum Duration for Rhythmic Slashes in Compound Time Signatures	Respect Maximum Duration for Rhythmic Slashes in Compound Time Signatures
Respect Maximum Duration for Rhythmic Slashes in Irregular Time Signatures	Respect Maximum Duration for Rhythmic Slashes in Irregular Time Signatures
Respect Octave Indicator	Respect Octave Indicator
Respell	Respell
Respell Using Note Name Above	Respell Using Note Name Above
Respell Using Note Name Below	Respell Using Note Name Below
Restart from Last Stop Position	Restart from Last Stop Position
Restart the application to activate profile	Restart the application to activate profile
Restate Cautionary Accidentals	Restate Cautionary Accidentals
Restore	Restore
Restore All	Restore All
Restore Default Column Widths	Restore Default Column Widths
Restore Default Setup	Restore Default Setup
Restore Defaults	Restore Defaults
Restore Factory Presets	Restore Factory Presets
Restore Marker Attribute Defaults	Restore Marker Attribute Defaults
Restrict Polyphony	Restrict Polyphony
Restrict Polyphony...	Restrict Polyphony...
Rests Substituting One of the Short Notes in Short-Long-Short Patterns	Rests Substituting One of the Short Notes in Short-Long-Short Patterns
Rests Within Groups of 1/8 Notes (Quavers) in Simple Time Signatures With a Half-Bar	Rests Within Groups of 1/8 Notes (Quavers) in Simple Time Signatures With a Half-Bar
Rests and Secondary Beam Groups	Rests and Secondary Beam Groups
Rests in Beam Groups	Rests in Beam Groups
Result	Result
Resulting Length	Resulting Length
Resulting Length in Samples	Resulting Length in Samples
Resulting Length in Seconds	Resulting Length in Seconds
Resulting Tempo	Resulting Tempo
Resulting Video Files	Resulting Video Files
Resulting tempo out of range.	Resulting tempo out of range.
Results	Results
Results: Include Folders and Subfolders	Results: Include Folders and Subfolders
Retrospective Cycle Recording is not supported in MIDI Editors	Retrospective Cycle Recording is not supported in MIDI Editors
Retrospective MIDI Recording	Retrospective MIDI Recording
Retrospective Record	Retrospective Record
Retrospective Record Buffer Size in Events	Retrospective Record Buffer Size in Events
Retrospective Record: Chords	Retrospective Record: Chords
Retrospective Recording	Retrospective Recording
Retry	Retry
Return Bus %d	Return Bus %d
Return Configuration	Return Configuration
Return Gain	Return Gain
Return Time	Return Time
Return Track	Return Track
Return to Start Position on Stop	Return to Start Position on Stop
Return to Zero	Return to Zero
Return[Key]	Return
Reuse	Reuse
Reveal Parameter on Write	Reveal Parameter on Write
Reveal Video Window	Reveal Video Window
Reveal in Finder	Reveal in Finder
Reverb Send Effect	Reverb Send Effect
Reverse	Reverse
Reverse Cycle	Reverse Cycle
Reverse Drum Sound List	Reverse Drum Sound List
Revert	Revert
Revert to Original Name	Revert to Original Name
Revert to last Setting	Revert to Last Setting
Revert to the previously saved version?	Revert to the previously saved version?
Revision	Revision
Revision data request failed.	Revision data request failed.
Rewind	Rewind
Rhythm Dot	Rhythm Dot
Rhythm Dots	Rhythm Dots
Rhythmic Slash Grouping in Compound Time Signatures	Rhythmic Slash Grouping in Compound Time Signatures
Rhythmic Slash Grouping in Irregular Time Signatures	Rhythmic Slash Grouping in Irregular Time Signatures
Rhythmic Slashes	Rhythmic Slashes
Ribbon Crasher	Ribbon Crasher
Ride Cymbal (High)	Ride Cymbal (High)
Ride Cymbal (Low)	Ride Cymbal (Low)
Right	Right
Right Arrow[Key]	Right
Right Channel	Right Channel
Right Divider	Right Divider
Right Locator Position	Right Locator Position
Right Selection Side to Cursor	Right Selection Side to Cursor
Right Side	Right Side
Right Switch	Right Switch
Right Switch:	Right Switch:
Right Zone	Right Zone
Right to Stereo	Right to Stereo
Right-click for control setting.  |  Activate Learn mode for control assignment and additional options.	Right-click for control setting.  |  Activate Learn mode for control assignment and additional options.
Rise	Rise
Rise - Fall	Rise - Fall
Rock/Easy Jazz	Rock/Easy Jazz
Roman Numeral	Roman Numeral
Roman Numerals	Roman Numerals
Root	Root
Root Key	Root Key
Root Note	Root Note
Root Note/Pitch	Root Note/Pitch
Root Notes	Root Notes
Root Position	Root Position
Rotate	Rotate
Rotate Left	Rotate Left
Rotate Right	Rotate Right
Rotation	Rotation
Roto-tom (High)	Roto-tom (High)
Roto-tom (Low)	Roto-tom (Low)
Roto-tom (Medium)	Roto-tom (Medium)
Roto-tom (Medium-high)	Roto-tom (Medium-high)
Roto-tom (Medium-low)	Roto-tom (Medium-low)
Rough Quantize	Rough Quantize
Round White with Dot Noteheads	Round White with Dot Noteheads
Round and Square	Round and Square
Round by	Round by
Rounded Rectangle	Rounded Rectangle
Routing	Routing
Routing Editor Slot %d - %s	Routing Editor Slot %d - %s
Routing Target	Routing Target
Routing only	Routing only
Routing with Plug-in Picture	Routing with Plug-in Picture
Row Count	Row Count
Rows	Rows
Ruler	Ruler
Ruler Colors	Ruler Colors
Ruler Display Format	Ruler Display Format
Ruler Display Type has been changed to \'Bar + Beats\' and the Grid Type to \'Use Quantize\'.  This is required for Metronome Click Pattern Emphasis.	Ruler Display Type has been changed to \'Bar + Beats\' and the Grid Type to \'Use Quantize\'.  This is required for Metronome Click Pattern Emphasis.
Ruler Display Type has been changed to \'Bar + Beats\'.  This is required for Metronome Click Pattern Emphasis.	Ruler Display Type has been changed to \'Bar + Beats\'.  This is required for Metronome Click Pattern Emphasis.
Ruler Mode: Bars+Beats Linear	Ruler Mode: Bars+Beats Linear
Ruler Mode: Time Linear	Ruler Mode: Time Linear
Ruler Time Format	Ruler Time Format
Ruler Track	Ruler Track
Run Macro	Run Macro
Run Setup on Create New Project	Run Setup on Create New Project
Running Post Process Script	Running Post Process Script
SDK	SDK
SELF TEST	SELF TEST
SFX	SFX
SFX Category	SFX Category
SMF	SMF
SMF Event	SMF Event
SMF: Copyright	SMF: Copyright
SMF: Cue Point	SMF: Cue Point
SMF: Instrument	SMF: Instrument
SMF: Key signature	SMF: Key signature
SMF: Lyric	SMF: Lyric
SMF: MIDI Channel	SMF: MIDI Channel
SMF: Marker	SMF: Marker
SMF: Seq.Number	SMF: Seq.Number
SMF: Sequencer Specific	SMF: Sequencer Specific
SMF: Text	SMF: Text
SMF: Trackname	SMF: Trackname
Safe Mode	Safe Mode
Safe Range	Safe Range
Same	Same
Same As: 	Same As: 
Same as Project	Same as Project
Sample Editor	Sample Editor
Sample Editor Grid	Sample Editor Grid
Sample Editor: 	Sample Editor: 
Sample Rate	Sample Rate
Sample Size	Sample Size
Sample rate is not supported for video export. Set the audio sample rate to 44,1 kHz or 48 kHz.	Sample rate is not supported for video export. Set the audio sample rate to 44,1 kHz or 48 kHz.
Sample rate(s):	Sample rate(s):
Sample size could not be set.	Sample size could not be set.
Sampler	Sampler
Sampler Channels	Sampler Channels
Sampler Control	Sampler Control
Sampler Track	Sampler Track
Sampler Tracks	Sampler Tracks
Samples	Samples
Saturation	Saturation
Saturator	Saturator
Save	Save
Save %s Preset	Save %s Preset
Save All Mixer Settings	Save All Mixer Settings
Save As	Save As
Save As Batch	Save As Batch
Save As...	Save As...
Save Audio Loop	Save Audio Loop
Save Changes as Preset...	Save Changes as Preset...
Save Chord Pads Preset	Save Chord Pads Preset
Save Configuration	Save Configuration
Save Definition in Project Only	Save Definition in Project Only
Save Drum Map	Save Drum Map
Save FX Chain Preset...	Save FX Chain Preset...
Save File	Save File
Save Input Assignment	Save Input Assignment
Save Library...	Save Library...
Save MIDI Loop	Save MIDI Loop
Save MIDI SysEx file	Save MIDI SysEx file
Save MixConsole Snapshot	Save MixConsole Snapshot
Save New Version	Save New Version
Save Now	Save Now
Save Pattern Bank	Save Pattern Bank
Save Plug-in Report	Save Plug-in Report
Save Preset	Save Preset
Save Preset As	Save Preset As
Save Preset...	Save Preset...
Save Selected Channels	Save Selected Channels
Save Selected Channels...	Save Selected Channels...
Save Snapshot	Save Snapshot
Save Strip Preset...	Save Strip Preset...
Save SyncStation configuration	Save SyncStation configuration
Save Track Preset	Save Track Preset
Save Track Preset...	Save Track Preset...
Save VST Synths	Save VST Synths
Save as Default	Save as Default
Save as Default Preset	Save as Default Preset
Save as Template	Save as Template
Save as Template...	Save as Template...
Save...	Save...
Saved Results	Saved Results
Saving Project...	Saving Project...
Saving skin...	Saving skin...
Scale	Scale
Scale Around Absolute Center (Press [ALT] to scale around relative center)	Scale Around Absolute Center (Press [ALT] to scale around relative center)
Scale Assistant	Scale Assistant
Scale Assistant: Quantize Pitches	Scale Assistant: Quantize Pitches
Scale Assistant: Toggle Show Scale Note Guides	Scale Assistant: Toggle Show Scale Note Guides
Scale Assistant: Toggle Snap Live Input	Scale Assistant: Toggle Snap Live Input
Scale Assistant: Toggle Snap Pitch Editing	Scale Assistant: Toggle Snap Pitch Editing
Scale Automation Data	Scale Automation Data
Scale Controller Data	Scale Controller Data
Scale Correction	Scale Correction
Scale Degree	Scale Degree
Scale Event	Scale Event
Scale Legato	Scale Legato
Scale Length	Scale Length
Scale Modifications in Follow Chord Track Mode impossible	Scale Modifications in Follow Chord Track Mode impossible
Scale Note	Scale Note
Scale Note Expression Data	Scale Note Expression Data
Scale Number of Systems by Page Height	Scale Number of Systems by Page Height
Scale Suggestions:	Scale Suggestions:
Scale Tempo	Scale Tempo
Scale Tempo Data	Scale Tempo Data
Scale Vertically	Scale Vertically
Scale Volume Curve	Scale Volume Curve
Scale/Chords	Scale/Chords
Scale:\nThe pitch is in the current scale but not in the current chord. A good pitch for melody that adds some tension.	Scale:\nThe pitch is in the current scale but not in the current chord. A good pitch for melody that adds some tension.
Scales	Scales
Scales - All Shown with a C-Root Note	Scales - All Shown with a C-Root Note
Scales and Chords	Scales and Chords
Scales cannot be edited when the Automatic Scales checkbox is activated	Scales cannot be edited when the Automatic Scales checkbox is activated
Scan Folders only when MediaBay is open	Scan Folders Only When MediaBay Is Open
Scan for new and blocked plug-ins.\nPress [SHIFT] to rescan all plug-ins.	Scan for new and blocked plug-ins.\nPress [SHIFT] to rescan all plug-ins.
Scan unknown File Types	Scan Unknown File Types
Scanning CI	Scanning CI
Scanning MIDI Inputs	Scanning MIDI Inputs
Scanning MIDI-Ports	Scanning MIDI-Ports
Scanning Subdirectories	Scanning Subdirectories
Scanning plug-in	Scanning plug-in
Scanning work directories...	Scanning work directories...
Scene	Scene
Scene Localization	Scene Localization
Scene No.	Scene No.
Scheme	Scheme
Score	Score
Score Colors	Score Colors
Score Direction	Score Direction
Score Dynamic	Score Dynamic
Score Editor	Score Editor
Score Editor Operation	Score Editor Operation
Score Event	Score Event
Score Settings	Score Settings
Score Settings...	Score Settings...
Scores	Scores
Scores...	Scores...
Script Archive could not be imported.	Script Archive could not be imported.
Script Archive has been imported, but included user mappings had to be skipped due to an error.	Script Archive has been imported, but included user mappings had to be skipped due to an error.
Script Creator	Script Creator
Script Deletion from disk was not sucessful	Script Deletion from disk was not sucessful
Script File	Script File
Script File Name	Script File Name
Script Folder	Script Folder
Script Messages	Script Messages
Script Note	Script Note
Script Path	Script Path
Script could not be exported.	Script could not be exported.
Script could not be imported. A Script for %s - %s already exists. Use the 'Delete Script' button first.	Script could not be imported. A Script for %s - %s already exists. Use the 'Delete Script' button first.
Scripting Tools	Scripting Tools
Scripting Tools: Highlight Bounding Rects	Scripting Tools: Highlight Bounding Rects
Scripting Tools: Open Console	Scripting Tools: Open Console
Scripting Tools: Open ReadMe	Scripting Tools: Open ReadMe
Scripting Tools: Open Script Folder	Scripting Tools: Open Script Folder
Scripting Tools: Reload Scripts	Scripting Tools: Reload Scripts
Scripts	Scripts
Scroll to Selected Channel	Scroll to Selected Channel
Scroll to selected ...	Scroll to selected ...
Scroll to selected Track	Scroll to Selected Track
Scroll[Key]	Scroll
Scrub	Scrub
Scrub Tool	Scrub Tool
Scrub Tool Volume	Scrub Tool Volume
Search	Search
Search Audio Files...	Search Audio Files...
Search Channels	Search Channels
Search Folder	Search Folder
Search MediaBay	Search MediaBay
Search Options	Search Options
Search Pool	Search Pool
Search for ...	Search for ...
Search for File	Search for File
Search for [%s] = '%s'	Search for [%s] = '%s'
Search in these Attributes	Search in these Attributes
Searching projects...	Searching projects...
Second Viennese School	Second Viennese School
Secondary Beam Groups	Secondary Beam Groups
Secondary Parameter: Decrease	Secondary Parameter: Decrease
Secondary Parameter: Decrease (Pan Left-Right)	Secondary Parameter: Decrease (Pan Left-Right)
Secondary Parameter: Fine Decrease	Secondary Parameter: Fine Decrease
Secondary Parameter: Fine Decrease (Pan Left-Right)	Secondary Parameter: Fine Decrease (Pan Left-Right)
Secondary Parameter: Fine Increase	Secondary Parameter: Fine Increase
Secondary Parameter: Fine Increase (Pan Left-Right)	Secondary Parameter: Fine Increase (Pan Left-Right)
Secondary Parameter: Increase	Secondary Parameter: Increase
Secondary Parameter: Increase (Pan Left-Right)	Secondary Parameter: Increase (Pan Left-Right)
Secondary Time Display	Secondary Time Display
Secondary Type	Secondary Type
Secondary Value	Secondary Value
Secondary type is used below the primary type if space allows	Secondary type is used below the primary type if space allows
Seconds	Seconds
Section	Section
Section %d	Section %d
Section 1	Section 1
Section 2	Section 2
Section 3	Section 3
Section 4	Section 4
Section 5	Section 5
Section Player Settings	Section Player Settings
Sections	Sections
Secure Mode	Secure Mode
Segment Volume	Segment Volume
Select	Select
Select Action	Select Action
Select Active Arranger Chain	Select Active Arranger Chain
Select Active Arranger Chain + Functions	Select Active Arranger Chain + Functions
Select Active Chain	Select Active Chain
Select All	Select All
Select All Events	Select All Events
Select All Events on Lane	Select All Events on Lane
Select All Events under Cursor	Select All Events under Cursor
Select All Source Tracks	Select All Source Tracks
Select All Tracks	Select All Tracks
Select All on Tracks	Select All on Tracks
Select Alternative Key Sets	Select Alternative Key Sets
Select Ambisonics Decoder	Select Ambisonics Decoder
Select Articulation	Select Articulation
Select Attribute	Select Attribute
Select Attributes	Select Attributes
Select Attributes to Export:	Select Attributes to Export:
Select Auto-Scroll Settings	Select Auto-Scroll Settings
Select Aux	Select Aux
Select Available Device Panels (that will fit into this space)	Select Available Device Panels (that will fit into this space)
Select Channel/Track on Edit Settings	Select Channel/Track on Edit Settings
Select Channel/Track on Solo	Select Channel/Track on Solo
Select Color	Select Color
Select Color for Selected Tracks or Events	Select Color for Selected Tracks or Events
Select Colors by Name	Select Colors by Name
Select Comparison Channel	Select Comparison Channel
Select Controllers in Note Range	Select Controllers in Note Range
Select Controllers in Note Range: Use Extended Note Context	Select Controllers in Note Range: Use Extended Note Context
Select Crossfade	Select Crossfade
Select Cue 1	Select Cue 1
Select Cue 2	Select Cue 2
Select Cue 3	Select Cue 3
Select Cue 4	Select Cue 4
Select Defined Favorite	Select Defined Favorite
Select Destination	Select Destination
Select Destination Folder	Select Destination Folder
Select Device Panel	Select Device Panel
Select EQ Band Type	Select EQ Band Type
Select Effect	Select Effect
Select Effect Type	Select Effect Type
Select Event	Select Event
Select Events To Add To Extension	Select Events To Add To Extension
Select Events To Remove From Extension	Select Events To Remove From Extension
Select Events matching Filter Condition	Select Events matching Filter Condition
Select Events under Cursor	Select Events under Cursor
Select Ext. Input	Select Ext. Input
Select Extension	Select Extension
Select External Inputs	Select External Inputs
Select File Format Presets	Select File Format Presets
Select Filter Attributes	Select Filter Attributes
Select Filter Slope	Select Filter Slope
Select Flow	Select Flow
Select Folder	Select Folder
Select Font	Select Font
Select Full Vertical	Select Full Vertical
Select Hardware Input	Select Hardware Input
Select In Project	Select In Project
Select Input	Select Input
Select Input Configuration	Select Input Configuration
Select Input Routing	Select Input Routing
Select Insert	Select Insert
Select Instrument	Select Instrument
Select MIDI Editor	Select MIDI Editor
Select MIDI File	Select MIDI File
Select MIDI Input Port	Select MIDI Input Port
Select MIDI Output	Select MIDI Output
Select MIDI Output Port	Select MIDI Output Port
Select MIDI Send Destination	Select MIDI Send Destination
Select Marker Tracks	Select Marker Tracks
Select Marker Tracks for Export	Select Marker Tracks for Export
Select Matching	Select Matching
Select Matching Destination Tracks	Select Matching Destination Tracks
Select Media Types	Select Media Types
Select Mix	Select Mix
Select Mode	Select Mode
Select Model	Select Model
Select Modulator	Select Modulator
Select Module	Select Module
Select Monitor %d	Select Monitor %d
Select New	Select New
Select Next	Select Next
Select Next Downmix Preset	Select Next Downmix Preset
Select Next Grid Type	Select Next Grid Type
Select Next Grid Type Value	Select Next Grid Type Value
Select Next Marker	Select Next Marker
Select Next Marker in Markers Window	Select Next Marker in Markers Window
Select Next Player	Select Next Player
Select Next Plug-in Window	Select Next Plug-in Window
Select Next Quantize Value	Select Next Quantize Value
Select Next Snap Type	Select Next Snap Type
Select Next Time Format	Select Next Time Format
Select Next Track	Select Next Track
Select Node	Select Node
Select None	Select None
Select Number of Mixer Bank Channels	Select Number of Mixer Bank Channels
Select Number of Parameter Values	Select Number of Parameter Values
Select Other	Select Other
Select Output	Select Output
Select Output Configuration	Select Output Configuration
Select Output Routing	Select Output Routing
Select Page	Select Page
Select Panel	Select Panel
Select Panner	Select Panner
Select Parameter	Select Parameter
Select Pattern	Select Pattern
Select Pattern Editor Mode	Select Pattern Editor Mode
Select Pattern to Preview	Select Pattern to Preview
Select Pitch	Select Pitch
Select Pitch Visibility Options	Select Pitch Visibility Options
Select Player	Select Player
Select Port	Select Port
Select Preset	Select Preset
Select Preset (rename using [Alt + click])	Select Preset (rename using [ALT]-click)
Select Prev Grid Type	Select Prev Grid Type
Select Prev Grid Type Value	Select Prev Grid Type Value
Select Prev Snap Type	Select Prev Snap Type
Select Prev Time Format	Select Prev Time Format
Select Previous	Select Previous
Select Previous Marker	Select Previous Marker
Select Previous Marker in Markers Window	Select Previous Marker in Markers Window
Select Previous Player	Select Previous Player
Select Previous Quantize Value	Select Previous Quantize Value
Select Previous Track	Select Previous Track
Select Primary Time Format	Select Primary Time Format
Select Primary Time Format\nUse [ALT + click] swap Primary & Secondary Time Formats	Select Primary Time Format\nUse [ALT]-click to swap Primary & Secondary Time Formats
Select Project	Select Project
Select Quick Control Layer	Select Quick Control Layer
Select Randomization Mode	Select Randomization Mode
Select Record Folder	Select Record Folder
Select Reference	Select Reference
Select Reference Channel	Select Reference Channel
Select Region	Select Region
Select Root Note for Scale	Select Root Note for Scale
Select Scale	Select Scale
Select Scheme Preset	Select Scheme Preset
Select Search Path...	Select Search Path...
Select Secondary Time Format\nUse [ALT + click] swap Primary & Secondary Time Formats	Select Secondary Time Format\nUse [ALT]-click to swap Primary & Secondary Time Formats
Select Separate Window	Select Separate Window
Select Silent Segments	Select Silent Segments
Select Sound Reference	Select Sound Reference
Select Source Aux	Select Source Aux
Select Source Cue %d	Select Source Cue %d
Select Source External Input	Select Source External Input
Select Source External Input %d	Select Source External Input %d
Select Source Monitor Mix	Select Source Monitor Mix
Select Template	Select Template
Select Time Format	Select Time Format
Select Tool	Select Tool
Select Tool (Press [ALT] to draw events)	Select Tool (Press [ALT] to draw events)
Select Tool: Show Extra Info	Select Tool: Show Extra Info
Select Track	Select Track
Select Track Picture	Select Track Picture
Select Track for Auditioning	Select Track for Auditioning
Select Track on Background Click	Select Track on Background Click
Select Track: Add Next	Select Track: Add Next
Select Track: Add Prev	Select Track: Add Prev
Select Track: Next	Select Track: Next
Select Track: Prev	Select Track: Prev
Select Tracks with Same Version ID	Select Tracks with Same Version ID
Select Under Cursor	Select Under Cursor
Select VCA Channel	Select VCA Channel
Select VCA Connection	Select VCA Connection
Select Value	Select Value
Select Vendor	Select Vendor
Select a Suggestion	Select a Suggestion
Select a control	Select a control
Select a function	Select a function
Select a subset from the selected voicing library	Select a subset from the selected voicing library
Select a track or activate 'Record in Editor'.	Select a track or activate 'Record in Editor'.
Select all Inputs [%d]	Select all Inputs [%d]
Select all events matching the filter conditions	Select all events matching the filter conditions
Select an Entry in the Table above to Display Detailed Information	Select an Entry in the Table above to Display Detailed Information
Select an Input	Select an Input
Select an Output	Select an Output
Select an assigned pad	Select an assigned pad
Select an entry...	Select an entry...
Select audio file	Select audio file
Select controller to set tensions for all chord pads	Select controller to set tensions for all chord pads
Select controller to set voicings for all chord pads	Select controller to set voicings for all chord pads
Select controller to transpose all chord pads	Select controller to transpose all chord pads
Select destination parameter	Select destination parameter
Select extraction target folder	Select extraction target folder
Select folder with missing files	Select folder with missing files
Select from Cursor to End	Select from Cursor to End
Select from Start to Cursor	Select from Start to Cursor
Select in Loop	Select in Loop
Select in Pool	Select in Pool
Select in Project	Select in Project
Select multi-channel input mode	Select multi-channel input mode
Select multi-out instrument return channel	Select multi-out instrument return channel
Select one or multiple Articulations	Select one or multiple Articulations
Select scale for editing	Select scale for editing
Select smart control mode	Select smart control mode
Select the MIDI Controller used for Volume Conversion	Select the MIDI Controller used for Volume Conversion
Select the Pitchbend Range used for Conversion	Select the Pitchbend Range used for Conversion
Select the Plug-in Side-Chain Input	Select the Plug-in Side-Chain Input
Select the media types for which the attribute settings will be displayed in the Inspector	Select the media types for which the attribute settings will be displayed in the Inspector
Select the origin of notes that are sent to the output	Select the origin of notes that are sent to the output
Select the voicing library	Select the voicing library
Select velocity source for the pattern	Select velocity source for the pattern
Select video file	Select video file
Select which notes are used for 'Randomize', 'Create Variation' and 'Add Voice'	Select which notes are used for 'Randomize', 'Create Variation' and 'Add Voice'
Select/Edit Chord Voicing Style	Select/Edit Chord Voicing Style
Select/Mute Player	Select/Mute Player
Select[Key]	Select
Selected	Selected
Selected Articulation	Selected Articulation
Selected Articulation Combinations	Selected Articulation Combinations
Selected Channels only	Selected Channels only
Selected Device	Selected Device
Selected Events...	Selected Events...
Selected Mode Settings	Selected Mode Settings
Selected Pattern	Selected Pattern
Selected Player	Selected Player
Selected Player Settings	Selected Player Settings
Selected Track	Selected Track
Selected Tracks	Selected Tracks
Selected Tracks (with Current Settings)	Selected Tracks (with Current Settings)
Selected Tracks to new Folder and Add Group Track	Selected Tracks to new Folder and Add Group Track
Selected Tracks...	Selected Tracks...
Selecting a different tool will end the tempo detection session. Do you want to continue?	Selecting a different tool will end the tempo detection session. Do you want to continue?
Selection	Selection
Selection A	Selection A
Selection B	Selection B
Selection Brightness	Selection Brightness
Selection End Sample	Selection End Sample
Selection Length in Samples	Selection Length in Samples
Selection Mode	Selection Mode
Selection Options	Selection Options
Selection Range	Selection Range
Selection Start Sample	Selection Start Sample
Selects Algorithm Preset	Selects Algorithm Preset
Selects the type of position message sent to SyncStation MIDI Out	Selects the type of position message sent to SyncStation MIDI Out
Selects the type of position message sent to the host	Selects the type of position message sent to the host
Self test	Self test
Semicolon	Semicolon
Semitones	Semitones
Send	Send
Send 'Shuttle' instead of 'FF/Rewind'	Send 'Shuttle' instead of 'FF/Rewind'
Send 'Still' instead of 'Stop'	Send 'Still' instead of 'Stop'
Send 1	Send 1
Send 1 Edit	Send 1 Edit
Send 1 Enable	Send 1 Enable
Send 1 Out	Send 1 Out
Send 1 Pre	Send 1 Pre
Send 2	Send 2
Send 2 Edit	Send 2 Edit
Send 2 Enable	Send 2 Enable
Send 2 Out	Send 2 Out
Send 2 Pre	Send 2 Pre
Send 3	Send 3
Send 3 Edit	Send 3 Edit
Send 3 Enable	Send 3 Enable
Send 3 Out	Send 3 Out
Send 3 Pre	Send 3 Pre
Send 4	Send 4
Send 4 Edit	Send 4 Edit
Send 4 Enable	Send 4 Enable
Send 4 Out	Send 4 Out
Send 4 Pre	Send 4 Pre
Send All Notes Off Message	Send All Notes Off Message
Send Bus %d	Send Bus %d
Send Configuration	Send Configuration
Send Controller	Send Controller
Send Data via System Link	Send Data via System Link
Send Destination & Gain	Send Destination & Gain
Send Destination & Gain (Compact)	Send Destination & Gain (Compact)
Send Destination, Gain & Send Controls	Send Destination, Gain & Send Controls
Send Gain	Send Gain
Send Initial Value	Send Initial Value
Send MIDI Clock in Stop Mode	Send MIDI Clock in Stop Mode
Send MIDI Init Request	Send MIDI Init Request
Send Patch	Send Patch
Send Shuttle Command instead of Fast Forward/Rewind	Send Shuttle Command instead of Fast Forward/Rewind
Send Slots	Send Slots
Send Still Command instead of Stop	Send Still Command instead of Stop
Send Volume	Send Volume
Send log files to Steinberg	Send log files to Steinberg
Send machine control commads to selected SyncStation port	Send machine control commads to selected SyncStation port
Send on/off	Send on/off
Send update for permission changes	Send update for permission changes
Sending	Sending
Sends	Sends
Sends (Post-Fader)	Sends (Post-Fader)
Sends (Pre-Fader)	Sends (Pre-Fader)
Sends Bypass	Sends Bypass
Sends Bypass on/off.\nReset with [CTRL + click].	Sends Bypass on/off.\nReset with [CTRL + click].
Sends Reset	Sends Reset
Sends State (Bypass Sends with click)	Sends State (Bypass Sends with click)
Sends State (Bypass Sends with click/Context-menu shows usage)	Sends State (Bypass Sends with click/Context-menu shows usage)
Sends System Link Data to...	Sends System Link Data to...
Sends [short]	Sends
Sends a new value to the %s function as soon as you move the control. This can result in abrupt value changes.	Sends a new value to the %s function as soon as you move the control. This can result in abrupt value changes.
Sends for channel '%s' have been discarded. This program version does not support sends in this type of channel.	Sends for channel '%s' have been discarded. This program version does not support sends in this type of channel.
Separate Channels	Separate Channels
Separate Destination & Value	Separate Destination & Value
Separate Label & Setting	Separate Label & Setting
Separate Pitches	Separate Pitches
Separation	Separation
Separator	Separator
Separator:	Separator:
Separator[Key]	Separator
Serial Port	Serial Port
Server Mode	Server Mode
Set "%s" as Default Input Bus	Set "%s" as Default Input Bus
Set "%s" as Main Mix	Set "%s" as Main Mix
Set Algorithm	Set Algorithm
Set Algorithm Preset	Set Algorithm Preset
Set Articulation	Set Articulation
Set Audio Event to Selection	Set Audio Event to Selection
Set Audio Event to Selection (Audio Event Size Locked)	Set Audio Event to Selection (Audio Event Size Locked)
Set Audio Loop Length	Set Audio Loop Length
Set Audio Root Key	Set Audio Root Key
Set Audio Signature	Set Audio Signature
Set Audio Tempo	Set Audio Tempo
Set Automation Data	Set Automation Data
Set Automation Terminator State	Set Automation Terminator State
Set Automation Value	Set Automation Value
Set Bar Position (Move Following Bars)	Set Bar Position (Move Following Bars)
Set Beat Position	Set Beat Position
Set Channel Type Filter\nUse [CTRL + click] to Reset Channel Type Filter	Set Channel Type Filter\nUse [CTRL + click] to Reset Channel Type Filter
Set Channel Visibility Agents\nUse [ALT]-Click to Reset Channel Visibility Agents	Set Channel Visibility Agents\nUse [ALT]-Click to Reset Channel Visibility Agents
Set Chords for Chord Lane	Set Chords for Chord Lane
Set Clip Snap Point	Set Clip Snap Point
Set Clip Tempo	Set Clip Tempo
Set Color	Set Color
Set Constant Tempo	Set Constant Tempo
Set Controller Type	Set Controller Type
Set Crossfade Length	Set Crossfade Length
Set Cursor Position	Set Cursor Position
Set Curve Type	Set Curve Type
Set Definition From Tempo	Set Definition From Tempo
Set Definition From Tempo...	Set Definition From Tempo...
Set Destination Folder	Set Destination Folder
Set Event Channel	Set Event Channel
Set Event Color to Track	Set Event Color to Track
Set Event Color to Track Color	Set Event Color to Track Color
Set Event Description	Set Event Description
Set Event Snap Point	Set Event Snap Point
Set Fade Curve	Set Fade Curve
Set Fade In	Set Fade In
Set Fade Length	Set Fade Length
Set Fade Out	Set Fade Out
Set Fine-Tune	Set Fine-Tune
Set Focus to Marker Track	Set Focus to Marker Track
Set Follow Global Transpose	Set Follow Global Transpose
Set Font...	Set Font...
Set Grid Start	Set Grid Start
Set Highest Available Scale Note	Set Highest Available Scale Note
Set ID	Set ID
Set Insert Length	Set Insert Length
Set Left Locator	Set Left Locator
Set Left Locator to Project Cursor Position	Set Left Locator to Project Cursor Position
Set Locators to Selection Range	Set Locators to Selection Range
Set Lowest Available Scale Note	Set Lowest Available Scale Note
Set MIDI Channel	Set MIDI Channel
Set MIDI Data 1	Set MIDI Data 1
Set MIDI Data 2	Set MIDI Data 2
Set Main Value	Set Main Value
Set Marker 1	Set Marker 1
Set Marker 2	Set Marker 2
Set Marker 3	Set Marker 3
Set Marker 4	Set Marker 4
Set Marker 5	Set Marker 5
Set Marker 6	Set Marker 6
Set Marker 7	Set Marker 7
Set Marker 8	Set Marker 8
Set Marker 9	Set Marker 9
Set Marker End	Set Marker End
Set Marker End to Cursor	Set Marker End to Cursor
Set Marker Length	Set Marker Length
Set Marker Start to Cursor	Set Marker Start to Cursor
Set Minimum Length of a Hitpoint Slice	Set Minimum Length of a Hitpoint Slice
Set Note Length	Set Note Length
Set Note Pitch	Set Note Pitch
Set Note Velocity	Set Note Velocity
Set Number of Channels	Set Number of Channels
Set Number of Steps	Set Number of Steps
Set Off Velocity	Set Off Velocity
Set Offset	Set Offset
Set Origin Time	Set Origin Time
Set Overlap	Set Overlap
Set Partial Beam Direction	Set Partial Beam Direction
Set Partial Beam Direction Left	Set Partial Beam Direction Left
Set Partial Beam Direction Right	Set Partial Beam Direction Right
Set Pitch	Set Pitch
Set Pitchbend	Set Pitchbend
Set Play Direction	Set Play Direction
Set Play Probability	Set Play Probability
Set Pool Record Folder	Set Pool Record Folder
Set Preview Start to Cursor	Set Preview Start to Cursor
Set Project Cursor Position	Set Project Cursor Position
Set Project Folder	Set Project Folder
Set Project Preview Start Position	Set Project Preview Start Position
Set Property	Set Property
Set Punch In to Project Cursor Position	Set Punch In to Project Cursor Position
Set Punch Out to Project Cursor Position	Set Punch Out to Project Cursor Position
Set Punch Points to Selection Range	Set Punch Points to Selection Range
Set Quantize to 1/1	Set Quantize to 1/1
Set Quantize to 1/128	Set Quantize to 1/128
Set Quantize to 1/16	Set Quantize to 1/16
Set Quantize to 1/2	Set Quantize to 1/2
Set Quantize to 1/32	Set Quantize to 1/32
Set Quantize to 1/4	Set Quantize to 1/4
Set Quantize to 1/64	Set Quantize to 1/64
Set Quantize to 1/8	Set Quantize to 1/8
Set Random Values Between	Set Random Values Between
Set Range for Straighten Pitch Curve	Set Range for Straighten Pitch Curve
Set Range to current Locator Range	Set Range to current Locator Range
Set Record Folder	Set Record Folder
Set Region End	Set Region End
Set Region Snap Point	Set Region Snap Point
Set Region Start	Set Region Start
Set Region to Selection	Set Region to Selection
Set Relative Random Values Between	Set Relative Random Values Between
Set Release Length	Set Release Length
Set Remote-Control Focus for VST Quick Controls	Set Remote-Control Focus for VST Quick Controls
Set Remote-Control Focus for VST Quick Controls to Next Instrument	Set Remote-Control Focus for VST Quick Controls to Next Instrument
Set Remote-Control Focus for VST Quick Controls to Previous Instrument	Set Remote-Control Focus for VST Quick Controls to Previous Instrument
Set Remote-Control Focus on Next Plug-in	Set Remote-Control Focus on Next Plug-in
Set Remote-Control Focus on Previous Plug-in	Set Remote-Control Focus on Previous Plug-in
Set Right Locator	Set Right Locator
Set Right Locator to Project Cursor Position	Set Right Locator to Project Cursor Position
Set SMF Type	Set SMF Type
Set Search Folder	Set Search Folder
Set Secondary Value	Set Secondary Value
Set Selection to Audio Event Range	Set Selection to Audio Event Range
Set Shape for Pattern	Set Shape for Pattern
Set Snap Point to Cursor	Set Snap Point to Cursor
Set Spacer between Selected Events	Set Spacer between Selected Events
Set Step Parameter	Set Step Parameter
Set Step Resolution	Set Step Resolution
Set String	Set String
Set Swing	Set Swing
Set Tempo	Set Tempo
Set Tempo From Event	Set Tempo From Event
Set Tie Length	Set Tie Length
Set Tilt/Rotate Anchor	Set Tilt/Rotate Anchor
Set Tilt/Rotate Anchor ([ALT]-Click to Reset)	Set Tilt/Rotate Anchor ([ALT]-click to Reset)
Set Time Offset to Project Cursor Position	Set Time Offset to Project Cursor Position
Set Timecode	Set Timecode
Set Timecode at Cursor	Set Timecode at Cursor
Set Timecode at Cursor...	Set Timecode at Cursor...
Set To Project Name	Set to Project Name
Set To Region	Set To Region
Set Track Color to Default	Set Track Color to Default
Set Track Name	Set Track Name
Set Track Type Filter\nUse [CTRL + click] to Reset Track Type Filter	Set Track Type Filter\nUse [CTRL + click] to Reset Track Type Filter
Set Track Visibility Agents\nUse [ALT]-Click to Reset Track Visibility Agents	Set Track Visibility Agents\nUse [ALT]-Click to Reset Track Visibility Agents
Set Track/Event Color	Set Track/Event Color
Set Transparency for Channel Curve	Set Transparency for Channel Curve
Set Transparency for Comparison Channel Curve	Set Transparency for Comparison Channel Curve
Set Transparency for Reference Channel Curve	Set Transparency for Reference Channel Curve
Set Transpose	Set Transpose
Set Velocity Variance	Set Velocity Variance
Set Video Speed	Set Video Speed
Set Volume	Set Volume
Set Write Protection	Set Write Protection
Set all Tracks to Musical Timebase	Set all Tracks to Musical Time Base
Set as Shared Folder	Set as Shared Folder
Set as last Pre-Fader Slot	Set as last Pre-Fader Slot
Set global project tempo?	Set global project tempo?
Set marker start to cursor	Set marker start to cursor
Set number of audio tracks to number of input ports	Set number of audio tracks to number of input ports
Set project tempo	Set project tempo
Set root key for unassigned events	Set root key for unassigned events
Set tempo from first event?	Set tempo from first event?
Set the root note of the scale	Set the root note of the scale
Set the type of the scale	Set the type of the scale
Set to Fixed Value	Set to Fixed Value
Set to a value greater than 0 if you want to skip the first rows of the file.	Set to a value greater than 0 if you want to skip the first rows of the file.
Set up ADR Text Overlays	Set up ADR Text Overlays
Set up Attribute Columns	Set up Attribute Columns
Set up Audio Hardware Headphones	Set up Audio Hardware Headphones
Set up Audio Hardware Reverb	Set up Audio Hardware Reverb
Set up Audio Record Modes	Set up Audio Record Modes
Set up Available Controllers...	Set up Available Controllers...
Set up Broadcast Wave Chunk	Set up Broadcast Wave Chunk
Set up Cell Layout	Set up Cell Layout
Set up Common Record Modes	Set up Common Record Modes
Set up Computer Keyboard Input	Set up Computer Keyboard Input
Set up Dynamic Mapping...	Set up Dynamic Mapping...
Set up Editor Preferences	Set up Editor Preferences
Set up Grid	Set up Grid
Set up ID3 Tag	Set up ID3 Tag
Set up Info Line	Set up Info Line
Set up Insert Velocities	Set up Insert Velocities
Set up Items	Set up Items
Set up Lane Controls	Set up Lane Controls
Set up MIDI Cycle-Record Modes (Requires Cycle Mode)	Set up MIDI Cycle-Record Modes (Requires Cycle Mode)
Set up MIDI Record Modes	Set up MIDI Record Modes
Set up Marker Chunk	Set up Marker Chunk
Set up Musical Scales...	Set up Musical Scales...
Set up Naming Scheme...	Set up Naming Scheme...
Set up Note Input Toolbar	Set up Note Input Toolbar
Set up Result Columns	Set up Result Columns
Set up Sections	Set up Sections
Set up Side-Chain Routing	Set up Side-Chain Routing
Set up Status Line	Set up Status Line
Set up Tabs	Set up Tabs
Set up Toolbar	Set up Toolbar
Set up Transport Bar	Set up Transport Bar
Set up Transport Panel	Set up Transport Panel
Set up User Attributes	Set up User Attributes
Set up iXML Chunk	Set up iXML Chunk
Sets a fixed focus to the %s function that is picked for mapping.	Sets a fixed focus to the %s function that is picked for mapping.
Sets the focus according to the track selection.	Sets the focus according to the track selection.
Sets the minimum distance between two hitpoints	Sets the minimum distance between two hitpoints
Settings	Settings
Settings ...	Settings ...
Settings cannot be changed during recording	Settings cannot be changed during recording
Settings...	Settings...
Settings: Close All	Settings: Close All
Settings: Next Settings	Settings: Next Settings
Settling Time Allowance	Settling Time Allowance
Setup	Setup
Setup ID3 Tag	Setup ID3 Tag
Setup Window Layout	Set up Window Layout
Setup...	Setup...
Shaker	Shaker
Shape	Shape
Shapes	Shapes
Share Active Project	Share Active Project
Share Project	Share Project
Shared	Shared
Shared Copies	Shared Copies
Shared Copy	Shared Copy
Shared Folder:	Shared Folder:
Shared Projects	Shared Projects
Shared Projects...	Shared Projects...
Sharp	Sharp
Sheet ID	Sheet ID
Shekere	Shekere
Shift Chords	Shift Chords
Shift Formant	Shift Formant
Shift Left	Shift Left
Shift Notes	Shift Notes
Shift Notes down One Octave	Shift Notes down One Octave
Shift Notes down One Scale Pitch	Shift Notes down One Scale Pitch
Shift Notes up One Octave	Shift Notes up One Octave
Shift Notes up One Scale Pitch	Shift Notes up One Scale Pitch
Shift Right	Shift Right
Shift Selected Steps	Shift Selected Steps
Shift the detected beat positions by half a beat	Shift the detected beat positions by half a beat
Shift[Key]	Shift
Shifting must be aborted, because the master track would be shifted into the negative!	Shifting must be aborted, because the master track would be shifted into the negative!
Shoe Type	Shoe Type
Short	Short
Short Name	Short Name
Short-Term Intelligibility	Short-Term Intelligibility
Short-Term Loudness	Short-Term Loudness
Short-term intelligibility at cursor position	Short-term intelligibility at cursor position
Short-term loudness level at cursor position	Short-term loudness level at cursor position
Show	Show
Show %s Desktop	Show %s Desktop
Show "%s" Automation Track	Show "%s" Automation Track
Show ADR Panel	Show ADR Panel
Show Above Top Staff of System	Show Above Top Staff of System
Show Active Clip	Show Active Clip
Show Additional Functions	Show Additional Functions
Show All	Show All
Show All - Used Only	Show All - Used Only
Show All Channels	Show All Channels
Show All Clips	Show All Clips
Show All Dynamics Automation	Show All Dynamics Automation
Show All EQ Automation	Show All EQ Automation
Show All Insert Automation	Show All Insert Automation
Show All Items	Show All Items
Show All Messages	Show All Messages
Show All Pan Automation	Show All Pan Automation
Show All Plug-ins	Show All Plug-ins
Show All Results	Show All Results
Show All Send Automation	Show All Send Automation
Show All Smart Controls	Show All Smart Controls
Show All Tracks	Show All Tracks
Show All Used Automation	Show All Used Automation
Show All Volume Automation	Show All Volume Automation
Show As	Show As
Show Attribute Inspector	Show Attribute Inspector
Show Automated QC Assignments	Show Automated QC Assignments
Show Automation	Show Automation
Show Automation Track in Project on Writing Parameter	Show Automation Track in Project on Writing Parameter
Show Aux 1 Track	Show Aux 1 Track
Show Aux 2 Track	Show Aux 2 Track
Show Bar Number at Start of System for Bar Split Over Break	Show Bar Number at Start of System for Bar Split Over Break
Show Bar Numbers	Show Bar Numbers
Show Bar Numbers at Rehearsal Marks	Show Bar Numbers at Rehearsal Marks
Show Bar Numbers at Start of Codas	Show Bar Numbers at Start of Codas
Show Bar Numbers at Time Signature at System Object Positions	Show Bar Numbers at Time Signature at System Object Positions
Show Bar Rests in Empty Bars	Show Bar Rests in Empty Bars
Show Beat Count Only	Show Beat Count Only
Show Below Bottom Staff of System	Show Below Bottom Staff of System
Show Cadence Context	Show Cadence Context
Show Cautionary	Show Cautionary
Show Cautionary Accidentals	Show Cautionary Accidentals
Show Cautionary Accidentals in Parentheses	Show Cautionary Accidentals in Parentheses
Show Cautionary in Parentheses	Show Cautionary in Parentheses
Show Channels for Tracks with Data	Show Channels for Tracks with Data
Show Channels for Tracks with Data at the Cursor Position	Show Channels for Tracks with Data at the Cursor Position
Show Channels for Tracks with Data between the Locators	Show Channels for Tracks with Data between the Locators
Show Channels that are Connected to the First Selected Channel	Show Channels that are Connected to the First Selected Channel
Show Chord Symbols	Show Chord Symbols
Show Clefs	Show Clefs
Show Click Patterns	Show Click Patterns
Show Clips	Show Clips
Show Clips and Events	Show Clips and Events
Show Color for Selected Channel	Show Color for Selected Channel
Show Control Room Volume in Transport Panel	Show Control Room Volume in Transport Panel
Show Controllers	Show Controllers
Show Controls as Knobs	Show Controls as Knobs
Show Controls as Sliders	Show Controls as Sliders
Show Data on Folder Tracks	Show Data on Folder Tracks
Show Data on Tracks	Show Data on Tracks
Show Default Smart Controls	Show Default Smart Controls
Show Drum Sounds in use by Instrument	Show Drum Sounds in use by Instrument
Show Drum Sounds with Events	Show Drum Sounds with Events
Show Equalizer Controls	Show Equalizer Controls
Show Error Messages Only	Show Error Messages Only
Show Event Details	Show Event Details
Show Event Names	Show Event Names
Show Event Volume Control	Show Event Volume Control
Show Event Volume Curve	Show Event Volume Curve
Show Event Volume Curves Always	Show Event Volume Curves Always
Show Events	Show Events
Show FFT Pre EQ Curve	Show FFT Pre EQ Curve
Show Fades	Show Fades
Show File Extensions in Results List	Show File Extensions in Results List
Show First Bar Number When Shown Every Bar	Show First Bar Number When Shown Every Bar
Show Folders in Deep Results	Show Folders in Deep Results
Show Frame Numbers	Show Frame Numbers
Show Half Level Axis	Show Half Level Axis
Show Hitpoints on Selected Events	Show Hitpoints on Selected Events
Show Info	Show Info
Show Info Line	Show Info Line
Show Inserts as <%s>	Show Inserts as <%s>
Show Interval on Trill	Show Interval on Trill
Show Key Signatures	Show Key Signatures
Show Keyboard Preview	Show Keyboard Preview
Show Lanes	Show Lanes
Show List Assistant Colors	Show List Assistant Colors
Show Log Messages Only	Show Log Messages Only
Show MIDI Reference Track	Show MIDI Reference Track
Show Marker IDs on Marker Track	Show Marker IDs on Marker Track
Show Marker Lines	Show Marker Lines
Show Marker Track	Show Marker Track
Show Markers	Show Markers
Show Media Types	Show Media Types
Show Menu Bar	Show Menu Bar
Show Meter View	Show Meter View
Show Metronome	Show Metronome
Show Metronome Mark	Show Metronome Mark
Show Modulators as <%s>	Show Modulators as <%s>
Show Modulators in Lower Zone	Show Modulators in Lower Zone
Show Next Meter Page	Show Next Meter Page
Show Next Page	Show Next Page
Show Next Tab	Show Next Tab
Show No Further Cautionary Accidentals	Show No Further Cautionary Accidentals
Show Normal Bar Number If Coincident with Start of Multi-Bar Rest Showing Range	Show Normal Bar Number If Coincident with Start of Multi-Bar Rest Showing Range
Show Note Expression Data	Show Note Expression Data
Show Note Length On/Off	Show Note Length On/Off
Show Note Ons	Show Note Ons
Show Notification when Switching Tool Mode with Key Command	Show Notification when Switching Tool Mode with Key Command
Show Once per Bracket	Show Once per Bracket
Show Only Automation Tracks of %s	Show Only Automation Tracks of %s
Show Only Lanes with Steps	Show Only Lanes with Steps
Show Only Selected Channels	Show Only Selected Channels
Show Only Selected Folder	Show Only Selected Folder
Show Only Used Attributes	Show Only Used Attributes
Show Outline	Show Outline
Show Output Chain	Show Output Chain
Show Overlaps	Show Overlaps
Show Part Borders	Show Part Borders
Show Pattern Play Progress	Show Pattern Play Progress
Show Picture	Show Picture
Show Pitches from Scale Assistant	Show Pitches from Scale Assistant
Show Pitches with Events	Show Pitches with Events
Show Playback Techniques	Show Playback Techniques
Show Plug-Ins Used in Active Project	Show Plug-Ins Used in Active Project
Show Plug-in Windows	Show Plug-in Windows
Show Plug-ins That Support 64-Bit Float Processing	Show Plug-ins That Support 64-Bit Float Processing
Show Pre as <%s>	Show Pre as <%s>
Show Previous Page	Show Previous Page
Show Previous Tab	Show Previous Tab
Show Quick Controls as <%s>	Show Quick Controls as <%s>
Show Ranges of Bar Numbers Under Multi-Bar Rests and Consolidated Bar Repeats	Show Ranges of Bar Numbers Under Multi-Bar Rests and Consolidated Bar Repeats
Show Rehearsal Marks Below Bottom Staff	Show Rehearsal Marks Below Bottom Staff
Show Rhythms in Tablature	Show Rhythms in Tablature
Show Routing as <%s>	Show Routing as <%s>
Show Scale Note Guides	Show Scale Note Guides
Show Scales	Show Scales
Show Script Info	Show Script Info
Show Selected Tracks	Show Selected Tracks
Show Semitones Grid	Show Semitones Grid
Show Sends as <%s>	Show Sends as <%s>
Show Settings	Show Settings
Show Strip Modules as <%s>	Show Strip Modules as <%s>
Show Surface Element Rectangles	Show Surface Element Rectangles
Show System Dividers:	Show System Dividers:
Show Thumbnail Numbers	Show Thumbnail Numbers
Show Thumbnails	Show Thumbnails
Show Timecode	Show Timecode
Show Timecode Subframes	Show Timecode Subframes
Show Timecode Track	Show Timecode Track
Show Timecode at Start of First System	Show Timecode at Start of First System
Show Tips	Show Tips
Show Toolbox on Right-Click	Show Toolbox on Right-Click
Show Track Pictures	Show Track Pictures
Show Track View	Show Track View
Show Tracks	Show Tracks
Show Tracks with Data	Show Tracks with Data
Show Tracks with Data at the Cursor Position	Show Tracks with Data at the Cursor Position
Show Tracks with Data between the Locators	Show Tracks with Data between the Locators
Show Tracks with Drum Map	Show Tracks with Drum Map
Show Tracks with Selected Events	Show Tracks with Selected Events
Show Tracks with Selected Parts	Show Tracks with Selected Parts
Show Used Automation (Selected Tracks)	Show Used Automation (Selected Tracks)
Show Used Controllers	Show Used Controllers
Show User Presets Location...	Show User Presets Location...
Show VST Plug-in Information	Show VST Plug-in Information
Show VST Quick Controls for One Slot Only	Show VST Quick Controls for One Slot Only
Show Velocity Lane Only	Show Velocity Lane Only
Show Version Name in Track List	Show Version Name in Track List
Show Vertical Line	Show Vertical Line
Show Video Track	Show Video Track
Show Voicing Indicators	Show Voicing Indicators
Show Volume Curve Display Mode	Show Volume Curve Display Mode
Show Waveforms	Show Waveforms
Show all available Slots	Show all available Slots
Show all available Slots for Cue Sends	Show all available Slots for Cue Sends
Show all available Slots for Direct Routing	Show all available Slots for Direct Routing
Show all available Slots for Inserts	Show all available Slots for Inserts
Show all available Slots for Modulators	Show all available Slots for Modulators
Show all available Slots for Quick Controls	Show all available Slots for Quick Controls
Show all available Slots for Sends	Show all available Slots for Sends
Show at System Object Positions	Show at System Object Positions
Show at Top	Show at Top
Show in Abbreviated Staff Labels	Show in Abbreviated Staff Labels
Show in Explorer	Show in Explorer
Show in Finder	Show in Finder
Show in Full Staff Labels	Show in Full Staff Labels
Show in Score	Show in Score
Show in Scripts Folder	Show in Scripts Folder
Show live events	Show live events
Show log files in Explorer	Show log files in Explorer
Show log files in Finder	Show log files in Finder
Show on Every Staff	Show on Every Staff
Show on Next Automation Track	Show on Next Automation Track
Show only Expression Maps used in this Project	Show only Expression Maps used in this Project
Show only Sound Slots with Remote Trigger assignments	Show only Sound Slots with Remote Trigger assignments
Show only used Expressions	Show only used Expressions
Show playback events	Show playback events
Show the current timecode as video overlay	Show the current timecode as video overlay
Show tracks with parts above the event display.	Show tracks with parts above the event display.
Show used	Show used
Show/Hide Attribute Filters	Show/Hide Attribute Filters
Show/Hide Automation	Show/Hide Automation
Show/Hide Automation Mode	Show/Hide Automation Mode
Show/Hide Channel	Show/Hide Channel
Show/Hide Channel Name	Show/Hide Channel Name
Show/Hide Channel Overview	Show/Hide Channel Overview
Show/Hide Chord Assistant Window	Show/Hide Chord Assistant Window
Show/Hide Chord Pads	Show/Hide Chord Pads
Show/Hide Controller Lanes	Show/Hide Controller Lanes
Show/Hide Desktop	Show/Hide Desktop
Show/Hide Direct Routing	Show/Hide Direct Routing
Show/Hide Drop Area for Chord Events or MIDI Parts	Show/Hide Drop Area for Chord Events or MIDI Parts
Show/Hide Editor Visibility	Show/Hide Editor Visibility
Show/Hide Editor/Assistant	Show/Hide Editor/Assistant
Show/Hide Equalizer Curve	Show/Hide Equalizer Curve
Show/Hide Extended Left Zone	Show/Hide Extended Left Zone
Show/Hide Fader	Show/Hide Fader
Show/Hide Functions Browser	Show/Hide Functions Browser
Show/Hide Functions Browser in MIDI Remote Mapping Assistant	Show/Hide Functions Browser in MIDI Remote Mapping Assistant
Show/Hide Global Tracks	Show/Hide Global Tracks
Show/Hide Global Tracks in Editor	Show/Hide Global Tracks in Editor
Show/Hide Grid	Show/Hide Grid
Show/Hide Info	Show/Hide Info
Show/Hide Infoview	Show/Hide Info Line
Show/Hide Latency	Show/Hide Latency
Show/Hide Left Zone	Show/Hide Left Zone
Show/Hide Lower Zone	Show/Hide Lower Zone
Show/Hide Macros	Show/Hide Macros
Show/Hide Meter Bridge	Show/Hide Meter Bridge
Show/Hide Meter Bridge in Track View	Show/Hide Meter Bridge in Track View
Show/Hide Modulation Connections\nIndicates if connections are active	Show/Hide Modulation Connections\nIndicates if connections are active
Show/Hide Modulators	Show/Hide Modulators
Show/Hide Note Expression Data	Show/Hide Note Expression Data
Show/Hide Notepad	Show/Hide Notepad
Show/Hide Output Chain	Show/Hide Output Chain
Show/Hide Overview	Show/Hide Overview
Show/Hide Pictures	Show/Hide Pictures
Show/Hide Plug-ins	Show/Hide Plug-ins
Show/Hide Regions	Show/Hide Regions
Show/Hide Right Zone	Show/Hide Right Zone
Show/Hide Sound Slots Lane	Show/Hide Sound Slots Lane
Show/Hide Status Line	Show/Hide Status Line
Show/Hide Step Lane Inspector	Show/Hide Step Lane Inspector
Show/Hide Transport Zone	Show/Hide Transport Zone
Show/Hide VST Plug-in Pictures	Show/Hide VST Plug-in Pictures
Show/Hide VST Quick Controls	Show/Hide VST Quick Controls
Show/Hide Value Display	Show/Hide Value Display
Show/Hide all Unused Controllers	Show/Hide all Unused Controllers
Show/Hide all VST Quick Controls	Show/Hide all VST Quick Controls
Show/Hide all unused Controllers	Show/Hide all unused Controllers
Show/Hide: Audio Channels	Show/Hide: Audio Channels
Show/Hide: Drum Channels	Show/Hide: Drum Channels
Show/Hide: Effect Channels	Show/Hide: Effect Channels
Show/Hide: Group Channels	Show/Hide: Group Channels
Show/Hide: Input Channels	Show/Hide: Input Channels
Show/Hide: Instrument Channels	Show/Hide: Instrument Channels
Show/Hide: MIDI Channels	Show/Hide: MIDI Channels
Show/Hide: Output Channels	Show/Hide: Output Channels
Show/Hide: Sampler Channels	Show/Hide: Sampler Channels
Show/Hide: VCA Channels	Show/Hide: VCA Channels
Show: %s	Show: %s
Show: All Channel Types	Show: All Channel Types
Showing and Hiding	Showing and Hiding
Shows Input Pad State	Shows Input Pad State
Shows Phantom Power State	Shows Phantom Power State
Shows all defined attributes for the selected results	Shows all defined attributes for the selected results
Shows all found attributes for the selected results	Shows all found attributes for the selected results
Shows the automation track with the last touched parameter at top position	Shows the automation track with the last touched parameter at top position
Shows the last touched parameter when appending a new automation track	Shows the last touched parameter when appending a new automation track
Shows the marker ID of a marker event displayed on a marker track	Shows the marker ID of a marker event displayed on a marker track
Shrink	Shrink
Shuffle Results	Shuffle Results
Shuffle [snap type]	Shuffle
Shuttle Play 1/2x	Shuttle Play 1/2x
Shuttle Play 1/4x	Shuttle Play 1/4x
Shuttle Play 1/8x	Shuttle Play 1/8x
Shuttle Play 1x	Shuttle Play 1x
Shuttle Play 2x	Shuttle Play 2x
Shuttle Play 4x	Shuttle Play 4x
Shuttle Play 8x	Shuttle Play 8x
Shuttle Play Reverse 1/2x	Shuttle Play Reverse 1/2x
Shuttle Play Reverse 1/4x	Shuttle Play Reverse 1/4x
Shuttle Play Reverse 1/8x	Shuttle Play Reverse 1/8x
Shuttle Play Reverse 1x	Shuttle Play Reverse 1x
Shuttle Play Reverse 2x	Shuttle Play Reverse 2x
Shuttle Play Reverse 4x	Shuttle Play Reverse 4x
Shuttle Play Reverse 8x	Shuttle Play Reverse 8x
Side Drum	Side Drum
Side-Chain Input	Side-Chain Input
Side-Chain Inputs:	Side-Chain Inputs:
Side-Chain Routing	Side-Chain Routing
Side-chain Inputs	Side-chain Inputs
Sign at End With Dashed Line	Sign at End With Dashed Line
Sign at end	Sign at end
Sign.	Sign.
Signature	Signature
Signature Track	Signature Track
Signature Track Options	Signature Track Options
Silence	Silence
Simple Crossfade Editor	Simple Crossfade Editor
Simple Time Signatures With or Without a Half-Bar	Simple Time Signatures With or Without a Half-Bar
Simple Time Signatures Without a Half-Bar	Simple Time Signatures Without a Half-Bar
Sine	Sine
Single Accidentals Cancelling Double Accidentals	Single Accidentals Cancelling Double Accidentals
Single Channel	Single Channel
Single Channel Export	Single Channel Export
Single Dot	Single Dot
Single Line Only	Single Line Only
Single Rhythm Dot	Single Rhythm Dot
Single Voice	Single Voice
Single or Multiple Job	Single or Multiple Job
Single-line Instruments	Single-line Instruments
Single[AExChannels]	Single
Sixth	Sixth
Size	Size
Size Event End	Size Event End
Size Event End (Audio Event Size Locked)	Size Event End (Audio Event Size Locked)
Size Event Start	Size Event Start
Size Event Start (Audio Event Size Locked)	Size Event Start (Audio Event Size Locked)
Size Events	Size
Size Objects	Size Objects
Size Part	Size Part
Size Region End	Size Region End
Size Region Start	Size Region Start
Size in Parts	Size in Parts
Size with Fade	Size with Fade
Sizing Applies Time Stretch	Sizing Applies Time Stretch
Sizing Moves Contents	Sizing Moves Contents
Sizzle Cymbal	Sizzle Cymbal
Skin Files	Skin Files
Skin XML Version	Skin XML Version
Skin parsing failed	Skin parsing failed
Skins	Skins
Skip	Skip
Skip Doubles	Skip Doubles
Skip First Sound Slot	Skip First Sound Slot
Skipping multi-channel track...	Skipping multi-channel track...
Slash Noteheads	Slash Noteheads
Slash Region	Slash Region
Slash Type	Slash Type
Slashed Grace Note	Slashed Grace Note
Slashed Noteheads (Bottom Left to Top Right)	Slashed Noteheads (Bottom Left to Top Right)
Slashed Noteheads (Top Left to Bottom Right)	Slashed Noteheads (Top Left to Bottom Right)
Slashes	Slashes
Slashes (with stems)	Slashes (with stems)
Slashes (without stems)	Slashes (without stems)
Slashes with Stems	Slashes with Stems
Slashes without Stems	Slashes without Stems
Slave	Slave
Slave to MIDI Machine Control	Slave to MIDI Machine Control
Slave to Steinberg's 'Time Base' device	Slave to Steinberg's 'Time Base' device
Slave to Steinberg's SyncStation device	Slave to Steinberg's SyncStation device
Sleigh Bells	Sleigh Bells
Slice Rules	Slice Rules
Slice audio events at hitpoints	Slice audio events at hitpoints
Slice[QP]	Slice
Sliced	Sliced
Sliced audio cannot be switched to musical mode.	Sliced audio cannot be switched to musical mode.
Slices	Slices
Slider Mode	Slider Mode
Slip Event	Slip Event Content
Slip Event Content Left	Slip Event Content Left
Slip Event Content Right	Slip Event Content Right
Slip Range Content	Slip Range Content
Slot	Slot
Slot %d	Slot %d
Slot %s	Slot %s
Slot Color	Slot Color
Slur	Slur
Slurs	Slurs
Small Gong	Small Gong
Small Letter	Small Letter
Small Slash Noteheads	Small Slash Noteheads
Smallest Track Height To Show Data	Smallest Track Height To Show Data
Smallest Track Height To Show Name	Smallest Track Height To Show Name
Smart Controls	Smart Controls
Smart Sw	Smart Sw
Smart Switch	Smart Switch
Smart Switch Delay	Smart Switch Delay
Smooth Tempo	Smooth Tempo
Smpte UMID:	Smpte UMID:
Snap	Snap
Snap Live Input	Snap Live Input
Snap MIDI Parts to Bars	Snap MIDI Parts to Bars
Snap Off	Snap Off
Snap On	Snap On
Snap On/Off	Snap On/Off
Snap Pitch Editing	Snap Pitch Editing
Snap Pitchbend Events	Snap Pitchbend Events
Snap Pitches to Scale Assistant Settings while editing	Snap Pitches to Scale Assistant Settings while editing
Snap Playback to Musical Grid	Snap Playback to Musical Grid
Snap Point	Snap Point
Snap Point to Cursor	Snap Point to Cursor
Snap Position	Snap
Snap Track Heights	Snap Track Heights
Snap Type	Snap Type
Snap Type: Events	Snap Type: Events
Snap Type: Events + Cursor	Snap Type: Events + Cursor
Snap Type: Events + Grid + Cursor	Snap Type: Events + Grid + Cursor
Snap Type: Grid	Snap Type: Grid
Snap Type: Grid + Cursor	Snap Type: Grid + Cursor
Snap Type: Grid Relative	Snap Type: Grid Relative
Snap Type: Magnetic Cursor	Snap Type: Magnetic Cursor
Snap Type: Shuffle	Snap Type: Shuffle
Snap incoming Pitches to Scale Assistant settings	Snap incoming Pitches to Scale Assistant settings
Snap to Zero Crossing	Snap to Zero Crossing
Snapshot	Snapshot
Snapshot Notes	Snapshot Notes
Snapshot: "%s" applied	Snapshot: "%s" applied
Snapshot: "%s" deleted	Snapshot: "%s" deleted
Snapshot: "%s" updated	Snapshot: "%s" updated
Snapshots	Snapshots
Snapshots[MixConsole]	Snapshots
Snare	Snare
Snare Drum	Snare Drum
Snd	Snd
Soft	Soft
Soft Quantize	Soft Quantize
Soft Quantize On/Off	Soft Quantize On/Off
Software Version	Software Version
Sogo	Sogo
Solfege	Solfège
Solo	Solo
Solo (Solo Defeat with [ALT + Ctrl + click])	Solo (Solo Defeat with [CTRL]-[ALT]-click)
Solo All Clips	Solo All Clips
Solo All Parts	Solo All Parts
Solo Defeat	Solo Defeat
Solo Defeat On/Off	Solo Defeat On/Off
Solo Defeat\nUse [Click + Hold] or [ALT + Click] to select Solo.	Solo Defeat\nUse [Click + Hold] or [ALT + Click] to select Solo.
Solo Editor	Solo Editor
Solo Editor (Suspended)	Solo Editor (Suspended)
Solo Editor Mode	Solo Editor Mode
Solo Editor Mode: Solo All Parts/Clips	Solo Editor Mode: Solo All Parts/Clips
Solo Editor Mode: Solo follows 'Part/Clip Editing Mode'	Solo Editor Mode: Solo follows 'Part/Clip Editing Mode'
Solo Editor Mode: Toggle Modes	Solo Editor Mode: Toggle Modes
Solo Front Channels	Solo Front Channels
Solo Input	Solo Input
Solo Instrument (Requires Drum Map)	Solo Instrument (Requires Drum Map)
Solo Lane	Solo Lane
Solo Left and Right Channels	Solo Left and Right Channels
Solo On/Off	Solo On/Off
Solo Record in MIDI Editors	Solo Record in MIDI Editors
Solo Surround Channels	Solo Surround Channels
Solo all Inputs	Solo all Inputs
Solo follows 'Clip Editing Mode'	Solo follows 'Clip Editing Mode'
Solo follows 'Part Editing Mode'	Solo follows 'Part Editing Mode'
Solo/Feedback	Solo/Feedback
Solo\nUse [Click + Hold] or [ALT + Click] to select Solo Defeat.\nUse [CTRL + Click] to select Exclusive Solo.	Solo\nUse [Click + Hold] or [ALT + Click] to select Solo Defeat.\nUse [CTRL + Click] to select Exclusive Solo.
Solutions:	Solutions:
Some Channels are Frozen.\nFlatten can't work with Frozen Channels.	Some Channels are Frozen.\nFlatten can't work with Frozen Channels.
Some Commands are Active!	Some Commands are Active!
Some content could not be loaded. Either, licenses are missing, or time-limited licenses have expired:	Some content could not be loaded. Either, licenses are missing, or time-limited licenses have expired:
Some files are referenced by clips that are still in the Pool. These files have not been deleted.	Some files are referenced by clips that are still in the Pool. These files have not been deleted.
Some files could not be imported.	Some files could not be imported.
Some of the selected events cannot be crossfaded.	Some of the selected events cannot be crossfaded.
Some of the tracks that you want to delete contain data/events.\nDo you really want to delete the tracks?	Some of the tracks that you want to delete contain data/events.\nDo you really want to delete the tracks?
Some patterns contain data for this instrument lane. Do you really want to remove it?	Some patterns contain data for this instrument lane. Do you really want to remove it?
Song Name	Song Name
Song Name for Type 0	Song Name for Type 0
Soprano	Soprano
Soprano 2	Soprano 2
Sorry, a timeout occurred during real time audio export.	Sorry, a timeout occurred during real time audio export.
Sort By Category	Sort By Category
Sort By Vendor	Sort By Vendor
Sort Colors by	Sort Colors by
Sort Lanes by Pitch	Sort Lanes by Pitch
Sort Results	Sort Results
Sort Step Lanes	Sort Step Lanes
Sort rows chronologically	Sort rows chronologically
Sort track after track	Sort track after track
Sound	Sound
Sound Browser	Sound Browser
Sound Profile Organizer	Sound Profile Organizer
Sound References	Sound References
Sound References...	Sound References...
Sound Slot	Sound Slot
Sound Slot Actions	Sound Slot Actions
Sound Slots	Sound Slots
SoundSlot Colors	SoundSlot Colors
Source	Source
Source Event Settings	Source Event Settings
Source Events	Source Events
Source Profile:	Source Profile:
Source Project	Source Project
Source Track	Source Track
Source Track Settings	Source Track Settings
Source Tracks	Source Tracks
Source: Cue	Source: Cue
Source: Cue 1	Source: Cue 1
Source: Cue 2	Source: Cue 2
Source: Cue 3	Source: Cue 3
Source: Cue 4	Source: Cue 4
Source: Cue Sends	Source: Cue Sends
Source: External Inputs	Source: External Inputs
Source: Monitor Mix	Source: Monitor Mix
Sources	Sources
South	South
South-East	South-East
South-West	South-West
Space Evenly Horizontally	Space Evenly Horizontally
Space Evenly Vertically	Space Evenly Vertically
Space Size	Space Size
Space[Key]	Space
Spacer between Markers	Spacer between Markers
Spacer in Seconds	Spacer in Seconds
Spaces	Spaces
Spanish	Spanish
Speaker Solo: Cancel	Speaker Solo: Cancel
Speaker Solo: LFE	Speaker Solo: LFE
Speaker Solo: Top Center	Speaker Solo: Top Center
Speakers	Speakers
Spectrum Analyzer	Spectrum Analyzer
Speech detected in audio	Speech detected in audio
Speed	Speed
Speed Factor	Speed Factor
Spike Detection Range	Spike Detection Range
Splash Cymbal	Splash Cymbal
Splice Point Offset	Splice Point Offset
Split	Split
Split Beam	Split Beam
Split Channels	Split Channels
Split Event	Split Event
Split File Format	Split File Format
Split File Name Format	Split File Name Format
Split Files	Split Files
Split Loop	Split Loop
Split MIDI Controllers	Split MIDI Controllers
Split MIDI Events	Split MIDI Events
Split Multi-Channel Tracks	Split Multi-Channel Tracks
Split Multi-Channel to Mono	Split Multi-Channel to Mono
Split Note	Split Note
Split Only at the Half-Bar	Split Only at the Half-Bar
Split Range	Split Range
Split Secondary Beam	Split Secondary Beam
Split Secondary Beams	Split Secondary Beams
Split Segment	Split Segment
Split Segment (press [SHIFT] to glue)	Split Segment (press [SHIFT] to glue)
Split Step	Split Step
Split Steps	Split Steps
Split Tied Steps	Split Tied Steps
Split Tool	Split Tool
Split Using Column:	Split Using Column:
Split at Beat Boundaries	Split at Beat Boundaries
Split at Beat Subdivisions	Split at Beat Subdivisions
Split at Cursor	Split at Cursor
Split at Half-Bar Beat Boundary	Split at Half-Bar Beat Boundary
Split at the First Beat Boundary, and at the Half-Bar	Split at the First Beat Boundary, and at the Half-Bar
Split at the Half-Bar	Split at the Half-Bar
Split repeated	Split repeated
Splitting Channels...	Splitting Channels...
Splitting by the values of column %i will result in %i tracks.	Splitting by the values of column %i will result in %i tracks.
Square	Square
Staccatissimo	Staccatissimo
Staccato	Staccato
Stacked	Stacked
Stacked[RM]	Stacked
Staff	Staff
Staff Group to Staff	Staff Group to Staff
Staff Group to Staff Group	Staff Group to Staff Group
Staff Labels	Staff Labels
Staff Labels Show Track Name Instead of Instrument Name	Staff Labels Show Track Name Instead of Instrument Name
Staff Labels Show Track Name Instead of Instrument Name by Default	Staff Labels Show Track Name Instead of Instrument Name by Default
Staff Labels on First System	Staff Labels on First System
Staff Labels on Subsequent System	Staff Labels on Subsequent System
Staff Settings...	Staff Settings...
Staff Visibility	Staff Visibility
Staff to Staff	Staff to Staff
Staff to Staff Group	Staff to Staff Group
Staff-Relative	Staff-Relative
Standard	Standard
Standard Attributes	Standard Attributes
Standard Panner	Standard Panner
Start	Start
Start Count	Start Count
Start Key	Start Key
Start Left	Start Left
Start License Activation	Start License Activation
Start Local and Slaves in Sync	Start Local and Slaves in Sync
Start Merge	Start Merge
Start Mode	Start Mode
Start Mode has been changed to \'Start from Cycle Start\'	Start Mode has been changed to \'Start from Cycle Start\'
Start Mode has been changed to \'Start from Project Cursor Position\'	Start Mode has been changed to \'Start from Project Cursor Position\'
Start Mode has been changed to \'Start from Selection Start\'	Start Mode has been changed to \'Start from Selection Start\'
Start Mode has been changed to \'Start from Selection or Cycle Start\'	Start Mode has been changed to \'Start from Selection or Cycle Start\'
Start Note	Start Note
Start Nuendo Live	Start Nuendo Live
Start Position	Start
Start Preview Mode	Start Preview Mode
Start Program Change	Start Program Change
Start Quantize	Start Quantize
Start Queue Export	Start Queue Export
Start Quick Analysis for Locator Range	Start Quick Analysis for Locator Range
Start Recording	Start Recording
Start Recording at Left Locator or Punch In	Start Recording at Left Locator or Punch In
Start Recording at Left Locator/Punch In Position	Start Recording at Left Locator/Punch In Position
Start Recording at Project Cursor Position	Start Recording at Project Cursor Position
Start Recording at Selection	Start Recording at Selection
Start Right	Start Right
Start Time	Start Time
Start Voicing	Start Voicing
Start at Bar	Start at Bar
Start at Cursor[RM]	Start at Cursor
Start at Left Loc.[RM]	Start at Left Loc.
Start at Position	Start at Position
Start at Selection[RM]	Start at Selection
Start from Cycle Start	Start from Cycle Start
Start from Project Cursor Position	Start from Project Cursor Position
Start from Selection Start	Start from Selection Start
Start from Selection or Cycle Start	Start from Selection or Cycle Start
Start of System	Start of System
Start time:	Start time:
Start/Stop	Start/Stop
StartStop	StartStop
Starting at Hour Position	Starting at Hour Position
Starting at Minute Position	Starting at Minute Position
State	State
State Buttons	State Buttons
Stationary Cursor	Stationary Cursor
Statistics	Statistics
Status	Status
Status Line	Status Line
Status bar and shortcut guide	Status bar and shortcut guide
Stave %d	Stave %d
Staves and Systems	Staves and Systems
Stay	Stay
Std. Names	Std. Names
Steinberg 'Time Base'	Steinberg 'Time Base'
Steinberg 'Time Base' Settings	Steinberg 'Time Base' Settings
Steinberg Chords (Legacy)	Steinberg Chords (Legacy)
Steinberg Chords Jazz	Steinberg Chords Jazz
Steinberg Chords Sans Serif	Steinberg Chords Sans Serif
Steinberg Master Track Xml File	Steinberg Master Track Xml File
Steinberg SyncStation	Steinberg SyncStation
Stem	Stem
Stem Down	Stem Down
Stem Up	Stem Up
Step	Step
Step 1 of 2	Step 1 of 2
Step 2 of 2	Step 2 of 2
Step Amount	Step Amount
Step Input	Step Input
Step Input (Suspended)	Step Input (Suspended)
Step Lane Inspector	Step Lane Inspector
Step Lane Play Direction	Step Lane Play Direction
Step Resolution	Step Resolution
Step Selection	Step Selection
Step to next Note	Step to next Note
Step/MIDI Input	Step/MIDI Input
Steps	Steps
Steps or lane settings will not transfer losslessly to the new mode.\n\nDo you want to continue?	Steps or lane settings will not transfer losslessly to the new mode.\n\nDo you want to continue?
Stereo	Stereo
Stereo Balance Panner	Stereo Balance Panner
Stereo Combined Panner	Stereo Combined Panner
Stereo Dual Panner	Stereo Dual Panner
Stereo Dual Panner (Remote Control Devices only)	Stereo Dual Panner (Remote Control Devices only)
Stereo Flip	Stereo Flip
Stereo Interleaved	Stereo Interleaved
Stereo Mode	Stereo Mode
Stereo Output Level	Stereo Output Level
Stereo Pan Law	Stereo Pan Law
Stereo Return(s)	Stereo Return(s)
Stomp	Stomp
Stop	Stop
Stop First	Stop First
Stop Jump Mode	Stop Jump Mode
Stop Local and Slaves	Stop Local and Slaves
Stop Playback	Stop Playback
Stop Updating Results	Stop Updating Results
Stop after Automatic Punch Out	Stop after Automatic Punch Out
Stop playback while winding	Stop Playback while Winding
Stop[Key]	Stop
Stopped	Stopped
Store	Save
Store Color Set as Default	Save Color Set as Default
Store Pattern	Save Pattern
Store Selected Items Only	Save Selected Items Only
Store Snapshot	Save Snapshot
Store as Defaults	Save as Defaults
Store marked preferences only	Save marked preferences only
Storing data in	Storing data in
Straight	Straight
Straighten Curve	Straighten Curve
Straighten Pitch Curve	Straighten Pitch Curve
Stream Copy Error	Stream Copy Error
Stream size of zero	Stream size of zero
Streams	Streams
Strength	Strength
Stressed	Stressed
Stretch	Stretch
Stretch Automation Data	Stretch Automation Data
Stretch Controller Data	Stretch Controller Data
Stretch Grid	Stretch Grid
Stretch Note Expression Data	Stretch Note Expression Data
Stretch Tempo Data	Stretch Tempo Data
Stretch or pitch factor out of range! Use real time preset instead.	Stretch or pitch factor out of range! Use real time preset instead.
Stretch to Project Tempo	Stretch to Project Tempo
Strikeout	Strikeout
String	String
String Tunings	String Tunings
Strings and Tuning	Strings and Tuning
Strip	Strip
Strip Effects	Strip Effects
Strip Modules	Strip Modules
Strip Modules (Exclusive)	Strip Modules (Exclusive)
Strip Presets	Strip Presets
Strip Silence	Strip Silence
Strip [Channel Latency Overview]	Strip
Studio	Studio
Studio Manager	Studio Manager
Studio Panel	Studio Panel
Studio Setup	Studio Setup
Studio Setup...	Studio Setup...
Style	Style
Subfolder Next to Exported File	Subfolder Next to Exported File
Subframe	Subframe
Subnet Mask:	Subnet Mask:
Subsection	Subsection
Subsection %d	Subsection %d
Subsection 1	Subsection 1
Subsection 2	Subsection 2
Subsection 3	Subsection 3
Subsection 4	Subsection 4
Subsection 5	Subsection 5
Subsection Assignments	Subsection Assignments
Subsections	Subsections
Subtract	Subtract
Subtype	Subtype
Subwoofer (LFE)	Subwoofer (LFE)
Success	Success
Suggested Operations	Suggested Operations
Summing Mode	Summing Mode
Suppress Cautionary Accidentals at Same Pitch and Octave in Other Voices on the Same Instrument	Suppress Cautionary Accidentals at Same Pitch and Octave in Other Voices on the Same Instrument
Suppress Playback	Suppress Playback
Suppressed Playback	Suppressed Playback
Surdo	Surdo
Sure	Sure
Surface Editor Script	Surface Editor Script
Surface Type	Surface Type
Surround Pan	Surround Pan
Surround Reduction Coefficients	Surround Reduction Coefficients
Surround channels	Surround channels
Sus	Sus
Suspend All Channel Linking	Suspend All Channel Linking
Suspend All Read/Write Automation	Suspend All Read/Write Automation
Suspend Auto-Scroll when Editing	Suspend Auto-Scroll when Editing
Suspend Preview	Suspend Preview
Suspend Preview Mode	Suspend Preview Mode
Suspend Read States On/Off	Suspend Read States On/Off
Suspend Reading All	Suspend Reading All
Suspend Reading Dynamics	Suspend Reading Dynamics
Suspend Reading EQ	Suspend Reading EQ
Suspend Reading Inserts	Suspend Reading Inserts
Suspend Reading Mute	Suspend Reading Mute
Suspend Reading Others	Suspend Reading Others
Suspend Reading Pan	Suspend Reading Pan
Suspend Reading Sends	Suspend Reading Sends
Suspend Reading Volume	Suspend Reading Volume
Suspend Reading/Writing All	Suspend Reading/Writing All
Suspend VST 3 plug-in processing when no audio signals are received	Suspend VST 3 plug-in processing when no audio signals are received
Suspend Write States On/Off	Suspend Write States On/Off
Suspend Writing All	Suspend Writing All
Suspend Writing Dynamics	Suspend Writing Dynamics
Suspend Writing EQ	Suspend Writing EQ
Suspend Writing Inserts	Suspend Writing Inserts
Suspend Writing Mute	Suspend Writing Mute
Suspend Writing Others	Suspend Writing Others
Suspend Writing Pan	Suspend Writing Pan
Suspend Writing Sends	Suspend Writing Sends
Suspend Writing Volume	Suspend Writing Volume
Suspended Cymbal	Suspended Cymbal
Sustain Pedal	Sustain Pedal
Sustain Pedal Appearance for Continuation of Line	Sustain Pedal Appearance for Continuation of Line
Sustain Pedal Appearance for Start of Line	Sustain Pedal Appearance for Start of Line
Sw-%d	Sw-%d
Swing	Swing
Swing & Offset	Swing & Offset
Swing Amount	Swing Amount
Swing Resolution	Swing Resolution
Switch	Switch
Switch (momentary)	Switch (momentary)
Switch (on/off)	Switch (on/off)
Switch (one shot)	Switch (one shot)
Switch Between Horizontal and Vertical View	Switch Between Horizontal and Vertical View
Switch Between LU and LUFS	Switch Between LU and LUFS
Switch Between Program-Gated and Dialogue-Gated Loudness Measurement	Switch Between Program-Gated and Dialogue-Gated Loudness Measurement
Switch Control Style	Switch Control Style
Switch Layout :	Switch Layout :
Switch MIDI Editor Grid Type	Switch MIDI Editor Grid Type
Switch Pattern	Switch Pattern
Switch Presets	Switch Presets
Switch Presets/Hide Track Pictures	Switch Presets/Hide Track Pictures
Switch between A/B Settings	Switch between A/B Settings
Switch between EBU +9 Scale and EBU +18 Scale	Switch between EBU +9 Scale and EBU +18 Scale
Switch between LU and LUFS	Switch between LU and LUFS
Switch between different Peak Program Meter scale standards	Switch between different Peak Program Meter scale standards
Switch between different alignment level standards (not applicable to Digital and K-System scales)	Switch between different alignment level standards (not applicable to Digital and K-System scales)
Switch time base between Musical and Linear	Switch time base between Musical and Linear
Switch to A Setting	Switch to A Setting
Switch to B Setting	Switch to B Setting
Switch to Generic Editor	Switch to Generic Editor
Switch to Plug-in Editor	Switch to Plug-in Editor
Switch to Version	Switch to Version
Switch: AFL/PFL	AFL/PFL
Switch: Activate Speakers	Control Room On/Off
Switch: Click Active	Click On/Off
Switch: Dim Active	Dim Signal On/Off
Switch: Listen Cancel	Deactivate All Listen States
Switch: Listen Enable	Enable/Disable Listen for Output (LE)
Switch: Reference Level Active	Reference Level On/Off
Switch: Source Select	Select Control Room Source
Switch: Speakers Select	Select Next Monitor
Switch: Talkback Active	Talkback On/Off
Switches	Switches
Switching '3D Pan Mode' may invalidate existing 'Z-Axis Pan' automation. Please check your automation tracks and use the 'Convert Z-Axis Pan Automation of Selected Tracks' function if needed.	Switching '3D Pan Mode' may invalidate existing 'Z-Axis Pan' automation. Please check your automation tracks and use the 'Convert Z-Axis Pan Automation of Selected Tracks' function if needed.
Symbol	Symbol
Symbol Colors	Symbol Colors
Symbols	Symbols
Symmetric Crossfade	Symmetric Crossfade
Symmetric Fades	Symmetric Fades
Sync	Sync
Sync %s and %s	Sync %s and %s
Sync Channel Selection with Mixer	Sync Channel Selection with MixConsole
Sync Layout	Sync Layout
Sync Layout reflects the event selection in project	Sync Layout reflects the event selection in project
Sync Project to Network State	Sync Project to Network State
Sync Selection	Sync Selection
Sync Selection in Project Window and MixConsole	Sync Selection in Project Window and MixConsole
Sync Selection to Channel/Track Selection	Sync Selection to Channel/Track Selection
Sync Track/Channel Type Filters	Sync Track/Channel Type Filters
Sync Visibility	Sync Visibility
Sync Visibility of Project and MixConsole: On/Off	Sync Visibility of Project and MixConsole: On/Off
Sync with Project Window	Sync with Project Window
SyncStation	SyncStation
SyncStation 9-Pin Device ID	SyncStation 9-Pin Device ID
SyncStation ASIO Input	SyncStation ASIO Input
SyncStation Device ID	SyncStation Device ID
SyncStation Display Line 2	SyncStation Display Line 2
SyncStation MIDI	SyncStation MIDI
SyncStation MIDI Device ID	SyncStation MIDI Device ID
SyncStation P2in	SyncStation P2in
SyncStation Settings	SyncStation Settings
SyncStation Status	SyncStation Status
SyncStation USB	SyncStation USB
Synchronize Plug-in Program Selection to Track Selection	Synchronize Plug-in Program Selection to Track Selection
Synchronize Track Data with Chord Track First	Synchronize Track Data with Chord Track First
Synchronize the Selection in the Project Window and Markers Window	Synchronize the Selection in the Project Window and Markers Window
Synchronize with Drum Machine	Synchronize with Drum Machine
Synchronize with Pitch Range	Synchronize with Pitch Range
Synchronize with Root Note	Synchronize with Root Note
Synchronize with Scale	Synchronize with Scale
Syncopation	Syncopation
Syncpoint	Syncpoint
Synth	Synth
Synth Slot %d	Synth Slot %d
SysEx	SysEx
SysEx Data	SysEx Data
SysEx Messages	SysEx Messages
SysEx Parameters	SysEx Parameters
SysEx file not valid! Correct it?	SysEx file not valid! Correct it?
SysX	SysX
Syst. Link	Syst. Link
System	System
System Break	System Break
System Component Information	System Component Information
System Dividers	System Dividers
System Exclusive	System Exclusive
System Link is required for precise time alignment	System Link is required for precise time alignment
Systems	Systems
TB	TB
TC	TC
Tab	Tab
Tab[Key]	Tab
Tabla baya (larger)	Tabla baya (larger)
Tabla daya (smaller)	Tabla daya (smaller)
Tablature only	Tablature only
Tag Editor	Tag Editor
Tags	Tags
Taiko	Taiko
Tail	Tail
Tail Mode	Tail Mode
Tail Size	Tail Size
Tail in ms	Tail in ms
Take	Take
Take %d	Take %d
Take %d (incomplete)	Take %d (incomplete)
Take No.	Take No.
Take position from SyncStation 9Pin port and LTC reader	Take position from SyncStation 9Pin port and LTC reader
Takeover	Takeover
Talk Dim	Talk Dim
Talk Dim Level	Talk Dim Level
Talk Off	Talk Off
Talkback	Talkback
Talkback %d	Talkback %d
Talkback 1	Talkback 1
Talkback 2	Talkback 2
Talkback 3	Talkback 3
Talkback 4	Talkback 4
Talkback Active	Talkback Active
Talkback Dim	Talkback Dim
Talkback Dim Level	Talkback Dim Level
Talkback Enabled	Talkback Enabled
Talkback Input Gain	Talkback Input Gain
Talkback Level	Talkback Level
Tam-tam	Tam-tam
Tambourine	Tambourine
Tap Tempo	Tap Tempo
Tap Tempo - Display only	Tap Tempo - Display only
Tap Tempo - Insert at selection start	Tap Tempo - Insert at selection start
Tap Tempo - Insert into tempo track at current position	Tap Tempo - Insert into tempo track at current position
Tap Tempo - Insert into tempo track at playback start position	Tap Tempo - Insert into tempo track at playback start position
Tap Tempo - Not possible while recording	Tap Tempo - Not possible while recording
Tap Tempo - Please keep tapping to set tempo	Tap Tempo - Please keep tapping to set tempo
Tap Tempo - Set project tempo	Tap Tempo - Set project tempo
Tap Tempo Mode	Tap Tempo Mode
Tape Transport	Tape Transport
Tapemachine Style	Tapemachine Style
Tapped tempo : %.3f BPM	Tapped tempo : %.3f BPM
Target Track	Target Track
Targets	Targets
Techniques (symbol)	Techniques (symbol)
Techniques (text)	Techniques (text)
Temp	Temp
Template Category	Template Category
Templates	Templates
Templates:	Templates:
Temple Block (High)	Temple Block (High)
Temple Block (Low)	Temple Block (Low)
Temple Block (Medium)	Temple Block (Medium)
Temple Block (Medium-high)	Temple Block (Medium-high)
Temple Block (Medium-low)	Temple Block (Medium-low)
Tempo	Tempo
Tempo & Time Signature	Tempo & Time Signature
Tempo (changes the current tempo at the project cursor position)	Tempo (changes the current tempo at the project cursor position)
Tempo Adjustment Functions	Tempo Adjustment Functions
Tempo Detection	Tempo Detection
Tempo Detection Panel	Tempo Detection Panel
Tempo Detection Reset	Tempo Detection Reset
Tempo Detection...	Tempo Detection...
Tempo Recording	Tempo Recording
Tempo Recording Slider (Adjust Slider While in Play Mode)	Tempo Recording Slider (Adjust Slider While in Play Mode)
Tempo Track	Tempo Track
Tempo Track Editor	Tempo Track Editor
Tempo Track Editor (Inactive) - %s	Tempo Track Editor (Inactive) - %s
Tempo Track Editor - %s	Tempo Track Editor - %s
Tempo Track...	Tempo Track...
Tempo and signature tracks can only be imported if 'Bars+Beats' is selected as 'Primary Time Format'.	Tempo and signature tracks can only be imported if 'Bars+Beats' is selected as 'Primary Time Format'.
Tempo editing is not possible for editors without project relation.	Tempo editing is not possible for editors without project relation.
Tempo events are generated up to the point, where an irregular tempo change is detected.\nApply the Smooth Tempo function if the tempo of the material is assumed to be constant.	Tempo events are generated up to the point, where an irregular tempo change is detected.\nApply the Smooth Tempo function if the tempo of the material is assumed to be constant.
Tempo in BPM	Tempo in BPM
Tempo out of Range!	Tempo out of Range!
Tempo recording required Cycle Mode to be deactivated and the Tempo Track to be activated.	Tempo recording required Cycle Mode to be deactivated and the Tempo Track to be activated.
Tempo:	Tempo:
Temporary Disabled	Temporary Disabled
Temporary Link Mode - Sync all touched parameters of selected channels	Temporary Link Mode - Sync all touched parameters of selected channels
Tenor	Tenor
Tenor 2	Tenor 2
Tenor Drum (High)	Tenor Drum (High)
Tenor Drum (Low)	Tenor Drum (Low)
Tenor Drum (Medium)	Tenor Drum (Medium)
Tenor Drum (Medium-high)	Tenor Drum (Medium-high)
Tenor Drum (Medium-low)	Tenor Drum (Medium-low)
Tension	Tension
Tension Modifiers	Tension Modifiers
Tensions	Tensions
Tenuto	Tenuto
Terminator	Terminator
Test Record Arming	Test Record Arming
Test Record Arming for all Tracks	Test Record Arming for all Tracks
Test Template	Test Template
Text	Text
Text Input on Left-Click	Text Input on Left-Click
Text Search	Text Search
Text not found.	Text not found.
Text or Symbol Appearance at Start of Subsequent Systems	Text or Symbol Appearance at Start of Subsequent Systems
Texture	Texture
Thank you for sending us the report. This will support us in our continuous effort to improve the quality of our software.	Thank you for sending us the report. This will support us in our continuous effort to improve the quality of our software.
The 'Normal', 'Narrow, Serif' and 'Narrow, Sans Serif' designs all use the 'Music Font' font style, which must be a SMuFL-compliant music font, such as Bravura. The 'Plain Font' design uses the 'Text Font' font style, which can use any standard text font.	The 'Normal', 'Narrow, Serif' and 'Narrow, Sans Serif' designs all use the 'Music Font' font style, which must be a SMuFL-compliant music font, such as Bravura. The 'Plain Font' design uses the 'Text Font' font style, which can use any standard text font.
The 9-Pin device did not recognize the command.	The 9-Pin device did not recognize the command.
The ASIO Sample Rate has changed:	The ASIO Sample Rate has changed:
The Auto Saves folder cannot be created!\nThere might be a problem of write permission.	The Auto Saves folder cannot be created!\nThere might be a problem of write permission.
The BAIOS Component is missing!	The BAIOS Component is missing!
The CSV file size exceeds 16 MB.\nPlease split it into smaller sections.	The CSV file size exceeds 16 MB.\nPlease split it into smaller sections.
The Cautionary Accidentals options only apply when the Common Practice accidental duration rule is used. A subset of options for the Modernist duration rule can be found in that section.	The Cautionary Accidentals options only apply when the Common Practice accidental duration rule is used. A subset of options for the Modernist duration rule can be found in that section.
The Clip Package contains automation. Import the automation, too?	The Clip Package contains automation. Import the automation, too?
The Clip Package will not contain a preview, because the project is not active.	The Clip Package will not contain a preview, because the project is not active.
The Component failed to initialize!	The Component failed to initialize!
The Control Room is disabled! Do you want to enable it?	The Control Room is disabled! Do you want to enable it?
The Drum Machine component is not installed. Please re-install the application.	The Drum Machine component is not installed. Please re-install the application.
The Expression Map is assigned to the following tracks:\n%s	The Expression Map is assigned to the following tracks:\n%s
The Key Combination <%s> assigned to the Command <%s> is not currently available	The Key Combination <%s> assigned to the Command <%s> is not currently available
The Key Combination <%s> is not assigned to a Command	The Key Combination <%s> is not assigned to a Command
The Locator Range is empty, inverted or its length has been changed. Please use 'Insert as Linear Recording.'	The Locator Range is empty, inverted or its length has been changed. Please use 'Insert as Linear Recording.'
The Locator Range is empty. Please set the Left and Right Locator.	The Locator Range is empty. Please set the Left and Right Locator.
The MIDI Controller Surface contains invalid elements (highlighted in orange). You can leave the Surface Editor and those elements will be removed automatically, or you can stay and modify the elements.	The MIDI Controller Surface contains invalid elements (highlighted in orange). You can leave the Surface Editor and those elements will be removed automatically, or you can stay and modify the elements.
The MIDI Controller Surface did not contain any elements and was therefore not stored.	The MIDI Controller Surface did not contain any elements and was therefore not stored.
The On-Screen Keyboard filtered this Key Command.	The On-Screen Keyboard filtered this Key Command.
The Pattern cannot be deleted because it is used by %i Pattern Events on the Track.	The Pattern cannot be deleted because it is used by %i Pattern Events on the Track.
The Pattern cannot be deleted because it is used by a Pattern Event on the Track.	The Pattern cannot be deleted because it is used by a Pattern Event on the Track.
The Sampler Track component is not installed. Please re-install the application.	The Sampler Track component is not installed. Please re-install the application.
The Setup provided on this page will be discontinued. Please use MIDI Remote in the lower zone of the Project window.	The Setup provided on this page will be discontinued. Please use MIDI Remote in the lower zone of the Project window.
The Studio can only have one "%s"!	The Studio can only have one "%s"!
The algorithm has been switched automatically to "Standard Solo" because VariAudio editing requires this.	The algorithm has been switched automatically to "Standard Solo" because VariAudio editing requires this.
The application was terminated unexpectedly	The application was terminated unexpectedly
The application was terminated with an error while executing the following file:	The application was terminated with an error while executing the following file:
The arranger track is not supported for video export. Deactivate arranger mode.	The arranger track is not supported for video export. Deactivate arranger mode.
The audio device port or midi device assignments of this Favorite are already in use. Reuse them and add to External Effects?	The audio device port or midi device assignments of this Favorite are already in use. Reuse them and add to External Effects?
The audio device port or midi device assignments of this Favorite are already in use. Reuse them and add to External Instruments?	The audio device port or midi device assignments of this Favorite are already in use. Reuse them and add to External Instruments?
The audio driver could not be loaded.\nPlease make sure your audio hardware is connected correctly to your computer.	The audio driver could not be loaded.\nPlease make sure your audio hardware is connected correctly to your computer.
The audio hardware using the "%s" audio driver was removed from the computer.	The audio hardware using the "%s" audio driver was removed from the computer.
The audio material contains warp tabs or is in musical mode. If you slice it, warp tabs are removed and musical mode is deactivated.	The audio material contains warp markers or is in musical mode. If you slice it, warp markers are removed and musical mode is deactivated.
The audio material is not overlapping.	The audio material is not overlapping.
The audio tempo cannot be changed!	The audio tempo cannot be changed!
The audio track of the selected event is in musical mode. \nTurn off musical mode for the track and continue?	The audio track of the selected event is in musical mode. \nTurn off musical mode for the track and continue?
The cache file for frozen channel "%s" could not be found. The channel will be unfrozen.	The cache file for frozen channel "%s" could not be found. The channel will be unfrozen.
The cache file for frozen instrument "%s" could not be found. The instrument will be unfrozen.	The cache file for frozen instrument "%s" could not be found. The instrument will be unfrozen.
The channel panner MixConvert has automatically been replaced by MixConvert V6 for Channel "%s". Your project may sound differently.	The channel panner MixConvert has automatically been replaced by MixConvert V6 for Channel "%s". Your project may sound differently.
The chosen location was outside the User Preset Location. The file was saved directly in the User Presets.	The chosen location was outside the User Preset Location. The file was saved directly in the User Presets.
The clip of the selected audio event is in musical mode. Please turn off musical mode for the clip.	The clip of the selected audio event is in musical mode. Please turn off musical mode for the clip.
The clip of the selected audio event is in musical mode. \nPlease turn off musical mode for the clip.	The clip of the selected audio event is in musical mode. \nPlease turn off musical mode for the clip.
The component could not be terminated!	The component could not be terminated!
The connection could not be created, as a parameter of a VST 2 plug-in cannot be modulated. Use the VST 3 plug-in version instead.	The connection could not be created, as a parameter of a VST 2 plug-in cannot be modulated. Use the VST 3 plug-in version instead.
The connection could not be created, as an unknown error occured.	The connection could not be created, as an unknown error occured.
The connection could not be created, as the destination cannot be modulated. Modulation is restricted to automatable parameters of audio-related channels/tracks.	The connection could not be created, as the destination cannot be modulated. Modulation is restricted to automatable parameters of audio-related channels/tracks.
The connection could not be created, as the destination does not belong to this effect. Make sure to assign a destination that belongs to this effect.	The connection could not be created, as the destination does not belong to this effect. Make sure to assign a destination that belongs to this effect.
The connection could not be created, as the destination is not part of the channel. Make sure to assign a destination that is part of the channel.	The connection could not be created, as the destination is not part of the channel. Make sure to assign a destination that is part of the channel.
The connection could not be created, as there is already a connection for that destination. A destination can only be assigned once to the same modulator.	The connection could not be created, as there is already a connection for that destination. A destination can only be assigned once to the same modulator.
The created AAF file may not be usable for other hosts because:	The created AAF file may not be usable for other hosts because:
The current chain contains no items. Add some items and then try again.	The current chain contains no items. Add some items and then try again.
The destination parameter could not be selected, as a parameter of a VST 2 plug-in cannot be modulated. Use the VST 3 plug-in version instead.	The destination parameter could not be selected, as a parameter of a VST 2 plug-in cannot be modulated. Use the VST 3 plug-in version instead.
The destination parameter could not be selected, as an unknown error occured.	The destination parameter could not be selected, as an unknown error occured.
The destination parameter could not be selected, as the destination cannot be modulated. Modulation is restricted to automatable parameters of audio-related channels/tracks.	The destination parameter could not be selected, as the destination cannot be modulated. Modulation is restricted to automatable parameters of audio-related channels/tracks.
The destination parameter could not be selected, as the destination does not belong to this effect. Make sure to assign a destination that belongs to this effect.	The destination parameter could not be selected, as the destination does not belong to this effect. Make sure to assign a destination that belongs to this effect.
The destination parameter could not be selected, as the destination is not part of the channel. Make sure to assign a destination that is part of the channel.	The destination parameter could not be selected, as the destination is not part of the channel. Make sure to assign a destination that is part of the channel.
The destination parameter could not be selected, as there is already a connection for that destination. A destination can only be assigned once to the same modulator.	The destination parameter could not be selected, as there is already a connection for that destination. A destination can only be assigned once to the same modulator.
The destination parameter has been changed.	The destination parameter has been changed.
The detected tempo lies outside the valid tempo range.	The detected tempo lies outside the valid tempo range.
The device ports saved in the preset are already used. Applying this preset will replace any previous connections.	The device ports saved in the preset are already used. Applying this preset will replace any previous connections.
The directory you specified is read only!\n\nPlease make a new selection!	The directory you specified is read only!\n\nPlease make a new selection!
The edit operations Cut, Delete, Draw, and Paste are not added to your favorites.	The edit operations Cut, Delete, Draw, and Paste are not added to your favorites.
The event structure on the selected tracks is too complex.	The event structure on the selected tracks is too complex.
The export range is empty. Please set the left and right locators.	The export range is empty. Please set the left and right locators.
The file "%s" could not be opened	The file "%s" could not be opened
The file already exists. Do you want to replace it?	The file already exists. Do you want to replace it?
The file could not be opened because it contains invalid data.	The file could not be opened because it contains invalid data.
The file format is not supported.	The file format is not supported.
The file is missing!	The file is missing!
The file is write protected and cannot be replaced!	The file is write protected and cannot be replaced!
The file is write protected! Do you want to replace it anyway?	The file is write protected! Do you want to replace it anyway?
The file/folder could not be found at this location.	The file/folder could not be found at this location.
The first note played in a new cycle deletes all later notes.	The first note played in a new cycle deletes all later notes.
The folder already contains a subfolder '%s'. What do you want to do?	The folder already contains a subfolder '%s'. What do you want to do?
The folder should be empty!	The folder should be empty!
The folder that you selected in the Path field does not exist.	The folder that you selected in the Path field does not exist.
The following VST2 plug-ins are in use. Please consider replacing them with their VST3 versions:	The following VST2 plug-ins are in use. Please consider replacing them with their VST3 versions:
The following plug-in is not responding:	The following plug-in is not responding:
The following plug-ins have been added to the Blocklist:	The following plug-ins have been added to the Blocklist:
The following troubleshooting options are available:	The following troubleshooting options are available:
The gap between the audio events is too large.	The gap between the audio events is too large.
The inserted event will not be visible according to your filter settings!	The inserted event will not be visible according to your filter settings!
The key assignments are already used by:\n\n%s\nDo you want to reassign the existing keys? Note that the previous assignments will be lost.	The key assignments are already used by:\n\n%s\nDo you want to reassign the existing keys? Note that the previous assignments will be lost.
The link group "%s" will be removed.\nDo you want to keep the combined automation?	The link group "%s" will be removed.\nDo you want to keep the combined automation?
The live input is mapped to the chord track based on the selected mode	The live input is mapped to the chord track based on the selected mode
The locator range contains no video event. A black screen is exported.	The locator range contains no video event. A black screen is exported.
The locator range is inverted. Please switch the locators.	The locator range is inverted. Please switch the locators.
The locator range is not set. Please set the locators.	The locator range is not set. Please set the locators.
The master track cannot be shifted with this operation. Do you want to continue?	The master track cannot be shifted with this operation. Do you want to continue?
The name exceeds a length of 100 characters, please enter a shorter name.	The name exceeds a length of 100 characters, please enter a shorter name.
The name is already in use, please enter a new name.	The name is already in use, please enter a new name.
The name you entered is not a valid file name:\n%s\nPlease enter a new name.	The name you entered is not a valid file name:\n%s\nPlease enter a new name.
The notes are mapped to the chord track based on the selected mode	The notes are mapped to the chord track based on the selected mode
The number of tracks does not match the selected destination format.	The number of tracks does not match the selected destination format.
The original file sounds different than the edited clip.\n Do you still want to open the original file?	The original file sounds different than the edited clip.\n Do you still want to open the original file?
The original project uses media from an embedded AAF file.\nEven after backup, those media will still refer to the original AAF file.\n	The original project uses media from an embedded AAF file.\nEven after backup, those media will still refer to the original AAF file.\n
The plug-in "%s" could not be found for Effect Channel "%d"!	The plug-in "%s" could not be found for Effect Channel "%d"!
The plug-in "%s" could not be found for Insert %d Channel "%s"!	The plug-in "%s" could not be found for Insert %d Channel "%s"!
The plug-in "%s" could not be found for Instrument Track "%s"!	The plug-in "%s" could not be found for Instrument Track "%s"!
The plug-in "%s" could not be found for Master Insert "%d"!	The plug-in "%s" could not be found for Master Insert "%d"!
The plug-in "%s" could not be found for VST Synth %d!	The plug-in "%s" could not be found for VST Synth %d!
The plug-in "%s" could not be found for VST Synth "%d"!	The plug-in "%s" could not be found for VST Synth "%d"!
The plug-in '%s' could not be found. It has automatically been replaced by the compatible plug-in '%s' version '%s' in your project.	The plug-in '%s' could not be found. It has automatically been replaced by the compatible plug-in '%s' version '%s' in your project.
The plug-in '%s' could not be found. It has automatically been replaced by the plug-in '%s' version '%s' in your project.	The plug-in '%s' could not be found. It has automatically been replaced by the plug-in '%s' version '%s' in your project.
The plug-in could not be validated and has been moved to the blocklist. You can reactivate the plug-in, but please note that the operating system's protection may prevent the plug-in from loading. Please contact the manufacturer of the plug-in for an updated version.	The plug-in could not be validated and has been moved to the blocklist. You can reactivate the plug-in, but please note that the operating system's protection may prevent the plug-in from loading. Please contact the manufacturer of the plug-in for an updated version.
The port is currently used!\nHiding it will disconnect it.	The port is currently used!\nHiding it will disconnect it.
The profile name already exists. Please choose another name.	The profile name already exists. Please choose another name.
The profile was not found	The profile was not found
The program is running with a limited license. \nYou may use it for another %s and it can be started %d more time(s).	The program is running with a limited license. \nYou may use it for another %s and it can be started %d more time(s).
The program is running with a limited license. \nYou may use it for another %s. \nTo activate a permanent license, please run the 'eLicenser Control Center'.	The program is running with a limited license. \nYou may use it for another %s. \nTo activate a permanent license, please run the 'eLicenser Control Center'.
The project contains SDII-files. These files cannot be exported as references and will be included in the OMF file.	The project contains SDII-files. These files cannot be exported as references and will be included in the OMF file.
The project contains events that use\nthe same audio material as the event in this editor!\nClick "New Version" if processing should apply\nonly to the edited event!	The project contains events that use\nthe same audio material as the event in this editor!\nClick "New Version" if processing should apply\nonly to the edited event!
The project contains files or crossfades in 32-bit float format. Since OMF does not support this format, the files will be converted and exported as embedded data. Please note that this conversion might lead to clipping!	The project contains files or crossfades in 32-bit float format. Since OMF does not support this format, the files will be converted and exported as embedded data. Please note that this conversion might lead to clipping!
The project contains network data. Activate networking and try to reconnect the project? Remove all networking properties from this project? Or do nothing?	The project contains network data. Activate networking and try to reconnect the project? Remove all networking properties from this project? Or do nothing?
The project contains no stereo output channel.	The project contains no stereo output channel.
The project contains no video. A black screen is exported.	The project contains no video. A black screen is exported.
The project could not be replaced!\nIt has been stored as new file "%s" instead!	The project could not be replaced!\nIt has been saved as new file "%s" instead!
The project could not be saved, because:\n	The project could not be saved, because:\n
The project directory is read only!\n\nPlease make a new selection!	The project directory is read only!\n\nPlease make a new selection!
The project file contains '%s' data which is not supported by this program version. The data is being discarded.	The project file contains '%s' data which is not supported by this program version. The data is being discarded.
The project file contains '%s' data which is not supported by this program version. The data is ignored.	The project file contains '%s' data which is not supported by this program version. The data is ignored.
The project file contains edit groups in folder tracks. This feature is not available in this program version.	The project file contains edit groups in folder tracks. This feature is not available in this program version.
The project file contains more insert slots than supported by this program version. The slots are being discarded.	The project file contains more insert slots than supported by this program version. The slots are being discarded.
The project file contains more instrument slots than supported by this program version. The slots are being discarded.	The project file contains more instrument slots than supported by this program version. The slots are being discarded.
The project file contains more send slots than supported by this program version. The slots are being discarded.	The project file contains more send slots than supported by this program version. The slots are being discarded.
The project file has been moved!\nPlease confirm the project working directory!\n\nDocument path is: %s\n\nNew (1):\t%s\nOld (2):\t%s	The project file has been moved!\nPlease confirm the project working directory!\n\nDocument path is: %s\n\nNew (1):\t%s\nOld (2):\t%s
The project file is read only!\nDo you want to create a new file "%s"?	The project file is read only!\nDo you want to create a new file "%s"?
The project file was created with %s.\nAlthough that program is able to read %s project files in general,\nthe two might not be fully compatible, so you may want to keep the original file.\n\nDo you want to overwrite the project file or create a new file?	The project file was created with %s.\nAlthough that program is able to read %s project files in general,\nthe two might not be fully compatible, so you may want to keep the original file.\n\nDo you want to overwrite the project file or create a new file?
The project file was created with %s.\nIf you overwrite it, you will not be able to open it with the original program again!\n\nDo you want to overwrite the project file or create a new file?	The project file was created with %s.\nIf you overwrite it, you will not be able to open it with the original program again!\n\nDo you want to overwrite the project file or create a new file?
The project has been moved to a location that is read only!\nPlease select a new project working directory!	The project has been moved to a location that is read only!\nPlease select a new project working directory!
The project is corrupt!	The project is corrupted!
The project references media from an embedded AAF file which cannot be shared.\nTo be able to share those media use the Pool's Convert Files function.	The project references media from an embedded AAF file which cannot be shared.\nTo be able to share those media use the Pool's Convert Files function.
The project uses media from an embedded AAF file.\n Those media cannot be copied.	The project uses media from an embedded AAF file.\n Those media cannot be copied.
The project will be saved as '%s', \nbecause the program is in an unstable state after crashing \nand saving might lead to corrupted files. \nThe original file will be left untouched. \nPlease restart the program after this operation!	The project will be saved as '%s', \nbecause the program is in an unstable state after crashing \nand saving might lead to corrupted files. \nThe original file will be left untouched. \nPlease restart the program after this operation!
The quick loudness analysis failed. An internal error occurred.	The quick loudness analysis failed. An internal error occurred.
The range between the locators is exported.	The range between the locators is exported.
The remaining disk space (%s) is insufficient for this operation.\nRequired space is about %s.	The remaining disk space (%s) is insufficient for this operation.\nRequired space is about %s.
The scale does not correspond to the chords	The scale does not correspond to the chords
The search returned no results	The search returned no results
The selected audio material is not suitable for tempo detection.	The selected audio material is not suitable for tempo detection.
The selected chords do not correspond to any scale	The selected chords do not correspond to any scale
The selected device port is already used. Selecting the port for this bus will replace any previous connection.	The selected device port is already used. Selecting the port for this bus will replace any previous connection.
The selected device port is used exclusively. This connection will be ended. Do you want to continue?	The selected device port is used exclusively. This connection will be ended. Do you want to continue?
The selected events cannot be crossfaded.	The selected events cannot be crossfaded.
The selected file path does not exist.\nAction is canceled.	The selected file path does not exist.\nAction is canceled.
The selected folder can result in a path length that is not allowed by the operating system.\n\nPlease select another folder.	The selected folder can result in a path length that is not allowed by the operating system.\n\nPlease select another folder.
The selected folder was write protected!\nDo you want to disable write protection and continue?	The selected folder was write protected!\nDo you want to disable write protection and continue?
The selected material is not suitable for tempo detection.	The selected material is not suitable for tempo detection.
The selected path does not exist	The selected path does not exist
The selected track types cannot be exported!	The selected track types cannot be exported!
The selected tracks contain audio parts.	The selected tracks contain audio parts.
The selection cannot be moved to the trash because\n%s\n\nDo you want to remove it from the Pool?	The selection cannot be moved to the trash because\n%s\n\nDo you want to remove it from the Pool?
The selection contains audio material that is processed with the "Solo" algorithm.\nBefore exporting a Clip Package, you need to change the algorithm or use the Bounce Selection\ncommand on the Audio menu for the following events:	The selection contains audio material that is processed with the "Solo" algorithm.\nBefore exporting a Clip Package, you need to change the algorithm or use the Bounce Selection\ncommand on the Audio menu for the following events:
The selection contains audio material with a sample rate that differs from the project sample rate.\nBefore exporting a Clip Package, the audio clips have to be converted.	The selection contains audio material with a sample rate that differs from the project sample rate.\nBefore exporting a Clip Package, the audio clips have to be converted.
The selection could not be deleted!	The selection could not be deleted!
The selection is in use and cannot be moved to the trash because\n%s\n\nDo you want to remove it from the Pool and remove all occurrences from the project?	The selection is in use and cannot be moved to the trash because\n%s\n\nDo you want to remove it from the Pool and remove all occurrences from the project?
The selection is used in the project!\nDo you want to remove all occurrences from the project?	The selection is used in the project!\nDo you want to remove all occurrences from the project?
The serial port %s could not be opened, because it was already opened by another application.	The serial port %s could not be opened, because it was already opened by another application.
The serial port %s could not be opened.	The serial port %s could not be opened.
The serial port %s could not be opened. Error code %d	The serial port %s could not be opened. Error code %d
The specified range is too short for loudness analysis. Please specify a range of at least 4 seconds.	The specified range is too short for loudness analysis. Please specify a range of at least 4 seconds.
The time format was changed to Bars+Beats!	The time format was changed to Bars+Beats!
The track archive cannot be imported!	The track archive cannot be imported!
The tracks in this folder are not completely in sync.\nGroup editing could fail!	The tracks in this folder are not completely in sync.\nGroup editing could fail!
The volume database being removed could contain database entries that are shown in the Results list.\nWould you like to import all database entries from drive '%s' into your local MediaBay database?	The volume database being removed could contain database entries that are shown in the Results list.\nWould you like to import all database entries from drive '%s' into your local MediaBay database?
The volume database being unmounted could contain database entries that are shown in the Results list.\nWould you like to import all database entries from drive '%s' into your local MediaBay database?	The volume database being unmounted could contain database entries that are shown in the Results list.\nWould you like to import all database entries from drive '%s' into your local MediaBay database?
The warp algorithm preset of one or several audio clip (s) is not supported by this program version. Preset (s) will be set to default.	The warp algorithm preset of one or several audio clip (s) is not supported by this program version. Preset (s) will be set to default.
Theme	Theme
There already is a preset named\n"%s"!\nDo you want to overwrite it?	There already is a preset named\n"%s"!\nDo you want to overwrite it?
There already is a preset named\n"%s"!\nIt is read only. You cannot overwrite it!	There already is a preset named\n"%s"!\nIt is read only. You cannot overwrite it!
There are media files missing!\nDo you want to keep the file description?	There are media files missing!\nDo you want to keep the file description?
There are missing files!	There are missing files!
There are no conflicting audio events.	There are no conflicting audio events.
There are no events in the buffer	There are no events in the buffer
There are no files for converting!	There are no files for converting!
There are no tracks selected for download.	There are no tracks selected for download.
There are some things to consider with the imported AAF file:	There are some things to consider with the imported AAF file:
There can be only one master automation track!	There can be only one master automation track!
There is already a preset with the name '%s'.	There is already a preset with the name '%s'.
There is no file to convert!	There is no file to convert!
There is no open project to merge.	There is no open project to merge.
There is not enough disk space for this operation!	There is not enough disk space for this operation!
There is not enough space on the selected drive!	There is not enough space on the selected drive!
There is only very little recording time left on the disk you selected!\nDo you want to continue?	There is only very little recording time left on the disk you selected!\nDo you want to continue?
There was a file error during bounce!\nThe function had to be canceled!	There was a file error during bounce!\nThe function had to be canceled!
There was a file error during export!	There was a file error during export!
There was a problem accessing the following file:\n\n%s\n\nIgnore this file or ignore all files of the same file type (%s)?	There was a problem accessing the following file:\n\n%s\n\nIgnore this file or ignore all files of the same file type (%s)?
These file(s) or folder(s) could not be copied to:	These file(s) or folder(s) could not be copied to:
These file(s) or folder(s) could not be deleted from disk:	These file(s) or folder(s) could not be deleted from disk:
These file(s) or folder(s) could not be moved into:	These file(s) or folder(s) could not be moved into:
These files could not be deleted:	These files could not be deleted:
These were replaced by nearest new color.	These were replaced by nearest new color.
Thin Out	Thin Out
Thin Out Data	Thin Out Data
This Computer	This Computer
This External Plug-in "%s" is in use and cannot be removed!	This External Plug-in "%s" is in use and cannot be removed!
This Favorite has already been added!	This Favorite has already been added!
This Track Version does not exist on these selected tracks:	This Track Version does not exist on these selected tracks:
This Track's Voicings	This Track's Voicings
This backup project "%s" will be renamed "%s"	This backup project "%s" will be renamed "%s"
This backup project "%s" will be renamed to "%s"	This backup project "%s" will be renamed to "%s"
This backup project cannot be renamed!\nThere might be a problem of write permission.	This backup project cannot be renamed!\nThere might be a problem of write permission.
This command is not allowed to be used in a macro!	This command is not allowed to be used in a macro!
This computer has multiple network interfaces. Please determine which \ninterface is connected to the Nuendo workgroup and select the \ncorresponding IP address. \n\nThe subnet mask specifies in which range broadcast messages \nare sent to identify other Nuendo workstations. The default subnet mask \nis a common choice, please adopt it for your specific network adapter.\n\nTo reopen this dialog, deactivate the network and activate it again.	This computer has multiple network interfaces. Please determine which \ninterface is connected to the Nuendo workgroup and select the \ncorresponding IP address. \n\nThe subnet mask specifies in which range broadcast messages \nare sent to identify other Nuendo workstations. The default subnet mask \nis a common choice, please adopt it for your specific network adapter.\n\nTo reopen this dialog, deactivate the network and activate it again.
This data requires a Pitchbend Range of at least %d semitones.	This data requires a Pitchbend Range of at least %d semitones.
This device "%s" cannot be removed.	This device "%s" cannot be removed.
This disk is full.	This disk is full.
This disk is read only.	This disk is read only.
This file is not valid!	This file is not valid!
This is not a Defined Favorite	This is not a Defined Favorite
This is the recommended setting for efficient audio processing performance. This leads to reasonable ASIO-Guard Latency and memory usage.	This is the recommended setting for efficient audio processing performance. This leads to reasonable ASIO-Guard Latency and memory usage.
This item belongs to:	This item belongs to:
This key assignment is already used by "%s". Do you want to reassign this key? Note that the previous assignment will be lost.	This key assignment is already used by "%s". Do you want to reassign this key? Note that the previous assignment will be lost.
This macro is used in another macro ('%s'). Deleting it will remove it from that macro as well.	This macro is used in another macro ('%s'). Deleting it will remove it from that macro as well.
This mixer configuration expected "%s" to have %s	This mixer configuration expected "%s" to have %s
This modifier combination is used by %s.\nDo you want to overwrite it?	This modifier combination is used by %s.\nDo you want to overwrite it?
This name is already used by another macro. Macro names must be unique. Please type in a new name.	This name is already used by another macro. Macro names must be unique. Please type in a new name.
This name is too long.	This name is too long.
This operation is not allowed.	This operation is not allowed.
This operation may invalidate the VariAudio data.	This operation may invalidate the VariAudio data.
This operation will change all chord assignments and cannot be undone.	This operation will change all chord assignments and cannot be undone.
This operation will invalidate the VariAudio data.	This operation will invalidate the VariAudio data.
This operation will remove offline process histories.\nAll edits will be frozen!	This operation will remove offline process histories.\nAll edits will be frozen!
This operation will remove the chord assignments from the selected pads and cannot be undone.	This operation will remove the chord assignments from the selected pads and cannot be undone.
This operation would create too many events.	This operation would create too many events.
This option deletes the preferences of current and older program installations and initializes the program with factory settings. Please be aware that all your custom settings will be removed. This operation cannot be undone.	This option deletes the preferences of current and older program installations and initializes the program with factory settings. Please be aware that all your custom settings will be removed. This operation cannot be undone.
This option disables your custom preferences and initializes the program with factory settings. Your preferences are available after restarting the program.	This option disables your custom preferences and initializes the program with factory settings. Your preferences are available after restarting the program.
This option effectively takes precedence over showing cautionary accidentals on notes in the same or different octaves in the following bar. If this option is set to show a cautionary either with or without parentheses, then other cautionary accidentals that would otherwise appear later in the bar are suppressed.	This option effectively takes precedence over showing cautionary accidentals on notes in the same or different octaves in the following bar. If this option is set to show a cautionary either with or without parentheses, then other cautionary accidentals that would otherwise appear later in the bar are suppressed.
This option uses the preferences currently stored in the program.	This option uses the preferences currently saved in the program.
This pack does not contain a project.	This pack does not contain a project.
This plug-in has a Live button (low latency mode)	This plug-in has a Live button (low latency mode)
This plug-in has been moved to the blocklist.	This plug-in has been moved to the blocklist.
This plug-in will be disabled when Constrain Delay Compensation is active	This plug-in will be disabled when Constrain Delay Compensation is active
This profile requires '3-Layer 3D Pan Mode'. Please select it in the project settings, otherwise 'Z-Axis Pan' automation will be wrong.	This profile requires '3-Layer 3D Pan Mode'. Please select it in the project settings, otherwise 'Z-Axis Pan' automation will be wrong.
This project already contains a chord track!	This project already contains a chord track!
This project already contains a loudness track!	This project already contains a loudness track!
This project already contains a signature track!	This project already contains a signature track!
This project already contains a tempo track!	This project already contains a tempo track!
This project already contains a transpose track!	This project already contains a transpose track!
This project already contains an arranger track!	This project already contains an arranger track!
This project contains a Chord Track. It cannot be displayed or edited. Tracks following the Chord Track may not be freely editable within the editors.	This project contains a Chord Track. It cannot be displayed or edited. Tracks following the Chord Track may not be freely editable within the editors.
This project contains a transpose track. The track will be used for playback, but you cannot remove or edit it.	This project contains a transpose track. The track will be used for playback, but you cannot remove or edit it.
This project contains no MIDI track!	This project contains no MIDI track!
This project contains pictures which are not part of your library. \nDo you want to add them to the library to make them available in other projects?	This project contains pictures which are not part of your library. \nDo you want to add them to the library to make them available in other projects?
This project does not contain any notepad data.	This project does not contain any notepad data.
This project file contains surround channels which are not supported by this program version. All surround channels are switched to 'stereo'.	This project file contains surround channels which are not supported by this program version. All surround channels are switched to 'stereo'.
This specifies the maximum duration the Score Editor will produce for a rhythmic slash, without considering rhythm dots, and applies in all time signatures. For example, if you choose '1/4 Note (Crotchet)', the Score Editor will create four slashes in 2/2, and two dottet slashes in 6/8.	This specifies the maximum duration the Score Editor will produce for a rhythmic slash, without considering rhythm dots, and applies in all time signatures. For example, if you choose '1/4 Note (Crotchet)', the Score Editor will create four slashes in 2/2, and two dottet slashes in 6/8.
This split operation would create too many events	This split operation would create too many events
This track type can only be added once.	This track type can only be added once.
This track type can only be added twice.	This track type can only be added twice.
This will modify the project settings!\nAll other tracks that have no own settings will be affected as well!\nDo you want to continue?	This will modify the project settings!\nAll other tracks that have no own settings will be affected as well!\nDo you want to continue?
This will remove all columns in the Results list (except Name) for this combination of media types.	This will remove all columns in the Results list (except Name) for this combination of media types.
This will remove all inactive redo branches.\n\nDo you want to continue?	This will remove all inactive redo branches.\n\nDo you want to continue?
This will remove tracks that contain data!\nDo you want to continue?	This will remove tracks that contain data!\nDo you want to continue?
This will reset all port names and make all ports visible!	This will reset all port names and make all ports visible!
This will reset the command assignment to the factory default.	This will reset the command assignment to the factory default.
Three Rows	Three Rows
Threshold	Threshold
Threshold for dialog-gated loudness measurement. If less speech is detected in audio, program-gated measurement is used.	Threshold for dialog-gated loudness measurement. If less speech is detected in audio, program-gated measurement is used.
Threshold for dialogue-gated loudness measurement. If less speech is detected in audio, program-gated measurement is used	Threshold for dialogue-gated loudness measurement. If less speech is detected in audio, program-gated measurement is used
Thru	Thru
Thru Filter	Thru Filter
Thumbnail Cache Manager	Thumbnail Cache Manager
Thumbnails Deactivated	Thumbnails Deactivated
Thundersheet	Thundersheet
Ticks	Ticks
Tie	Tie
Tie Adjacent Steps	Tie Adjacent Steps
Tie Range	Tie Range
Tie Steps	Tie Steps
Ties	Ties
Tilt (press [ALT] to rotate)	Tilt (press [ALT] to rotate)
Tilt Left (Press [ALT] to compress the data instead)	Tilt Left (Press [ALT] to compress the data instead)
Tilt Pitch Curve	Tilt Pitch Curve
Tilt Right (Press [ALT] to compress the data instead)	Tilt Right (Press [ALT] to compress the data instead)
Timbale (Medium-high)	Timbale (Medium-high)
Timbale (Medium-low)	Timbale (Medium-low)
Time	Time
Time Base 9-Pin Device ID	Time Base 9-Pin Device ID
Time Base Device ID	Time Base Device ID
Time Code	Time Code
Time Correction	Time Correction
Time Display	Time Display
Time Displays	Time Displays
Time Domain	Time Domain
Time Format	Time Format
Time Linear	Time Linear
Time Offset	Time Offset
Time Offset (Bars + Beats)	Time Offset (Bars + Beats)
Time Offset (Bars+Beats)	Time Offset (Bars+Beats)
Time Offset On/Off	Time Offset On/Off
Time Signature	Time Signature
Time Signature (changes the time signature before the project cursor position)	Time Signature (changes the time signature before the project cursor position)
Time Signature Design	Time Signature Design
Time Signature Position and Size	Time Signature Position and Size
Time Signature at Project Position	Time Signature at Project Position
Time Signature at Record Start Position	Time Signature at Record Start Position
Time Signature of Original Length	Time Signature of Original Length
Time Signature:	Time Signature:
Time Signatures	Time Signatures
Time Signatures With Half-Bars	Time Signatures With Half-Bars
Time Stretch	Time Stretch
Time Stretch Ratio	Time Stretch Ratio
Time Stretch Tool Algorithm	Time Stretch Tool Algorithm
Time Type mismatch!	Time Type mismatch!
Time Warp	Time Warp
Time Warp Tool	Time Warp Tool
Time between Output Mapping and note event	Time between Output Mapping and note event
Time code input	Time code input
Time signatures with half-bars typically have four beats, e.g. 4/8, 4/4, 4/2.	Time signatures with half-bars typically have four beats, e.g. 4/8, 4/4, 4/2.
Time:	Time:
Timebase cannot be changed because there are shared copies used on other tracks!	Time base cannot be changed because there are shared copies used on other tracks!
Timecode	Timecode
Timecode Frequency	Timecode Frequency
Timecode In	Timecode In
Timecode Input	Timecode Input
Timecode Input Scheme	Timecode Input Scheme
Timecode Offset	Timecode Offset
Timecode Out	Timecode Out
Timecode Position	Timecode Position
Timecode Relative Position	Timecode Relative Position
Timecode Source	Timecode Source
Timecode Source Preferences	Timecode Source Preferences
Timecode Staff	Timecode Staff
Timecode Staff to Staff	Timecode Staff to Staff
Timecode State	Timecode State
Timecode format:	Timecode format:
Timecode positions	Timecode positions
Timecode:	Timecode:
Tinting Intensity	Tinting Intensity
Tip of the Day: This section provides an instant help and operation tips for the editor.	Tip of the Day: This section provides an instant help and operation tips for the editor.
Title	Title
To Back	To Back
To Background	To Background
To Cycle Marker 1	To Cycle Marker 1
To Cycle Marker 2	To Cycle Marker 2
To Cycle Marker 3	To Cycle Marker 3
To Cycle Marker 4	To Cycle Marker 4
To Cycle Marker 5	To Cycle Marker 5
To Cycle Marker 6	To Cycle Marker 6
To Cycle Marker 7	To Cycle Marker 7
To Cycle Marker 8	To Cycle Marker 8
To Cycle Marker 9	To Cycle Marker 9
To Cycle Marker X	To Cycle Marker X
To Cycle Marker:	To Cycle Marker:
To First Available Position	To First Available Position
To Front	To Front
To Last Available Position	To Last Available Position
To Left Locator	To Left Locator
To Marker 1	To Marker 1
To Marker 2	To Marker 2
To Marker 3	To Marker 3
To Marker 4	To Marker 4
To Marker 5	To Marker 5
To Marker 6	To Marker 6
To Marker 7	To Marker 7
To Marker 8	To Marker 8
To Marker 9	To Marker 9
To Marker X	To Marker X
To Marker with Take No.:	To Marker with Take No.:
To Marker:	To Marker:
To New Folder	To New Folder
To New Folder with Group Channel	To New Folder with Group Channel
To New Tracks	To New Tracks
To Next Available Position	To Next Available Position
To Origin	To Origin
To Polyphonic Voices	To Polyphonic Voices
To Previous Available Position	To Previous Available Position
To Real Copy	Convert to Real Copy
To Right Locator	To Right Locator
To ensure that you actually hear audio from %s, please select the driver of your audio interface from the list below. This is required for correct routing of playback and recording signals to your audio hardware.	To ensure that you actually hear audio from %s, please select the driver of your audio interface from the list below. This is required for correct routing of playback and recording signals to your audio hardware.
To have initial states sent, open the Input Routing menu and select your Note Expression Input Device	To have initial states sent, open the Input Routing menu and select your Note Expression Input Device
To identify yourself in the network, you need a unique user name.\nThis is usually supplied by the network administrator.\nDo you want to enter the user name now?	To identify yourself in the network, you need a unique user name.\nThis is usually supplied by the network administrator.\nDo you want to enter the user name now?
To play MPE Expressions, set the track's MIDI channel to 'Any'	To play MPE Expressions, set the track's MIDI channel to 'Any'
To play Note Expressions, open the Input Routing menu and select your Note Expression Input Device	To play Note Expressions, open the Input Routing menu and select your Note Expression Input Device
To play Note Expressions, set the track's MIDI channel to something other than 'Any'	To play Note Expressions, set the track's MIDI channel to something other than 'Any'
To reduce the project size manually before saving, click 'Cancel'.\nTo get information on how to reduce the project size, click'\'More Information...\'.	To reduce the project size manually before saving, click 'Cancel'.\nTo get information on how to reduce the project size, click'\'More Information...\'.
To save the project as is, click 'Save'. Note that the project will no longer be compatible with program versions older than 13.0.30.	To save the project as is, click 'Save'. Note that the project will no longer be compatible with program versions older than 13.0.30.
To save your changes for the selected job, please click 'Update Job'.	To save your changes for the selected job, please click 'Update Job'.
To use Chord Pads activate "Monitor" of tracks where Input Routing is set to Chord Pads	To use Chord Pads activate "Monitor" of tracks where Input Routing is set to Chord Pads
To use Chord Pads activate "Record Enable" or "Monitor" of tracks where Input Routing is set to Chord Pads	To use Chord Pads activate "Record Enable" or "Monitor" of tracks where Input Routing is set to Chord Pads
To use the Proximity Assistant, assign a chord to the preceding chord event.	To use the Proximity Assistant, assign a chord to the preceding chord event.
Today	Today
Toggle	Toggle
Toggle A/B Setting	Toggle A/B Setting
Toggle Alternate Key Commands	Toggle Alternate Key Commands
Toggle Auto Apply	Toggle Auto Apply
Toggle Clip Musical Mode	Toggle Clip Musical Mode
Toggle Computer Keyboard Input	Toggle Computer Keyboard Input
Toggle Dotted	Toggle Dotted
Toggle Edit Group on Selected Tracks	Group Editing on Selected Tracks On/Off
Toggle Enharmonic Spelling	Toggle Enharmonic Spelling
Toggle Inspector Footer Tabs	Toggle Inspector Footer Tabs
Toggle Inspector Tabs	Toggle Inspector Tabs
Toggle Link Project and Lower Zone Editor Cursors	Toggle Link Project and Lower Zone Editor Cursors
Toggle Logging	Toggle Logging
Toggle MIDI Input	Toggle MIDI Input
Toggle Musical Mode	Toggle Musical Mode
Toggle Quantize Dotted	Toggle Quantize Dotted
Toggle Quantize Triplet	Toggle Quantize Triplet
Toggle Range Selection	Toggle Range Selection
Toggle Read Enable All Tracks	Read Automation for All Tracks On/Off
Toggle Read Enable Selected Tracks	Read Automation for Selected Tracks On/Off
Toggle Round Brackets	Toggle Round Brackets
Toggle Selected Track	Toggle Selected Track
Toggle Selection	Toggle Selection
Toggle Square Brackets	Toggle Square Brackets
Toggle Step Input	Toggle Step Input
Toggle Switch	Toggle Switch
Toggle Timebase	Toggle time base
Toggle Track List	Toggle Track List
Toggle Triplet	Toggle Triplet
Toggle Write Enable All Tracks	Write Automation for All Tracks On/Off
Toggle Write Enable Selected Tracks	Write Automation for Selected Tracks On/Off
Toggle between Fixed Number of Steps and Density	Toggle between Fixed Number of Steps and Density
Toggle between Track View and Meter View	Toggle between Track View and Meter View
Toggle: Cycle follows when locating to Markers	Toggle: Cycle follows when locating to Markers
Tolerance	Tolerance
Tom (High)	Tom (High)
Tom (Low)	Tom (Low)
Tom (Medium)	Tom (Medium)
Tom (Medium-high)	Tom (Medium-high)
Tom (Medium-low)	Tom (Medium-low)
Tom-tom (High)	Tom-tom (High)
Tom-tom (Low)	Tom-tom (Low)
Tom-tom (Medium)	Tom-tom (Medium)
Tom-tom (Medium-high)	Tom-tom (Medium-high)
Tom-tom (Medium-low)	Tom-tom (Medium-low)
Tool 1	Tool 1
Tool 10	Tool 10
Tool 2	Tool 2
Tool 3	Tool 3
Tool 4	Tool 4
Tool 5	Tool 5
Tool 6	Tool 6
Tool 7	Tool 7
Tool 8	Tool 8
Tool 9	Tool 9
Tool Buttons	Tool Buttons
Tool Modifiers	Tool Modifiers
Toolbar	Toolbar
Tools	Tools
Tools - Show Horizontal Cross Hair Cursor Line	Tools - Show Horizontal Cross-Hair Cursor Line
Tools - Show Vertical Cross Hair Cursor Line	Tools - Show Vertical Cross-Hair Cursor Line
Top	Top
Top Track	Top Track
Total	Total
Total Channel Latency	Total Channel Latency
Total Recorded	Total Recorded
Total Size: %s	Total Size: %s
Touch	Touch
Touch (Control)	Touch
Touch Assist (Activate Touch Collect Assistant)	Touch Assist (Activate Touch Collect Assistant)
Touch Collect Assistant	Touch Collect Assistant
Touch Collect Assistant Disabled	Touch Collect Assistant Disabled
Touch Collect Assistant Enabled	Touch Collect Assistant Enabled
Track	Track
Track %d	Track %d
Track %s exceeds the number of tracks supported by the application. The track is kept, but cannot be modified.	Track %s exceeds the number of tracks supported by the application. The track is kept, but cannot be modified.
Track & MixConsole Channel Colors	Track & MixConsole Channel Colors
Track '%s' has a linear timebase. If you change the project tempo, the events will not follow. This program version does not allow you to switch the timebase.	Track '%s' has a linear time base. If you change the project tempo, the events will not follow. This program version does not allow you to switch the time base.
Track Archive...	Track Archive...
Track Color	Track Color
Track Color Indicator	Track Color Indicator
Track Controls Settings	Track Controls Settings
Track Controls Settings...	Track Controls Settings...
Track Count	Track Count
Track Data	Track Data
Track Data to be Imported	Track Data to be Imported
Track Delay Compensation	Track Delay Compensation
Track Delay Compensation Mode	Track Delay Compensation Mode
Track Delay in milliseconds	Track Delay in milliseconds
Track Display Settings	Track Display Settings
Track Display Settings: Active Track Only	Track Display Settings: Active Track Only
Track Display Settings: All Visible Tracks	Track Display Settings: All Visible Tracks
Track Display Settings: Show/Hide Tracks in Editor	Track Display Settings: Show/Hide Tracks in Editor
Track Display Settings: Toggle Modes	Track Display Settings: Toggle Modes
Track Download into a shared project is not allowed.	Track Download into a shared project is not allowed.
Track Focus Only	Track Focus Only
Track Folding	Track Folding
Track Height Presets	Track Height Presets
Track Icons	Track Icons
Track Info	Track Info
Track Input Transformer	Track Input Transformer
Track Instruments	Track Instruments
Track List	Track List
Track Loop End	Track Loop End
Track Loop Start	Track Loop Start
Track Name	Track Name
Track Name (Use double-click to edit)	Track Name (Use double-click to edit)
Track Name Font Weight	Track Name Font Weight
Track Name Width	Track Name Width
Track Name and Track Version Name (Use double-click to edit)	Track Name and Track Version Name (Use double-click to edit)
Track Names	Track Names
Track Number	Track Number
Track Operation	Track Operation
Track Para	Track Para
Track Picture (use Double-Click to Edit)	Track Picture (use Double-Click to Edit)
Track Pictures	Track Pictures
Track Pictures Browser	Track Pictures Browser
Track Preset: Next	Track Preset: Next
Track Preset: Open Browser	Track Preset: Open Browser
Track Preset: Previous	Track Preset: Previous
Track Preset: Reload	Track Preset: Reload
Track Presets	Track Presets
Track Presets...	Track Presets...
Track Quick Controls	Track Quick Controls
Track Record Arming Routing	Track Record Arming Routing
Track Selection	Track Selection
Track Selection Follows Event Selection	Track Selection Follows Event Selection
Track Templates	Track Templates
Track Title	Track Title
Track Type Default Colors	Track Type Default Colors
Track Version Name	Track Version Name
Track Versions	Track Versions
Track View	Track View
Track Visibility Configurations	Track Visibility Configurations
Track and Plug-in Window Focus	Track and Plug-in Window Focus
Track is not empty	Track is not empty
Track name	Track name
Track-to-port mapping and track number already correspond to the default settings.	Track-to-port mapping and track number already correspond to the default settings.
Track: 	Track: 
TrackVersions	Track Versions
Tracks	Tracks
Tracks are recording!	Tracks are recording!
Tracks can't be added to inactive projects.	Tracks can't be added to inactive projects.
Tracks can't be deleted from inactive projects.	Tracks can't be deleted from inactive projects.
Tracks from Project...	Tracks from Project...
Transfer	Transfer
Transfer Bits	Transfer Bits
Transfer Status	Transfer Status
Transfer Status...	Transfer Status...
Transfer to	Transfer to
Transform	Transform
Transform events and delete all events not matching the filter	Transform events and delete all events not matching the filter
Transformer Effect Presets	Transformer Effect Presets
Transmission	Transmission
Transmit	Transmit
Transmit to Hardware	Transmit to Hardware
Transmit: 	Transmit: 
Transparency for Channel Curve:	Transparency for Channel Curve:
Transparency for Comparison Channel Curve:	Transparency for Comparison Channel Curve:
Transparency for Reference Channel Curve:	Transparency for Reference Channel Curve:
Transport	Transport
Transport Bar	Transport Bar
Transport Buttons	Transport Buttons
Transport Commands	Transport Commands
Transport Controls	Transport Controls
Transport Panel	Transport Panel
Transport Record	Transport Record
Transport Start/Stop	Transport Start/Stop
Transport stays in Play Mode even if External Timecode Stops	Transport stays in Play Mode even if External Timecode Stops
Transpose	Transpose
Transpose All	Transpose All
Transpose All Maps in Project	Transpose All Maps in Project
Transpose All Pads	Transpose All Pads
Transpose All Remote Triggers	Transpose All Remote Triggers
Transpose Down	Transpose Down
Transpose Down ([SHIFT] - mouse wheel on pad)	Transpose Down ([SHIFT] - mouse wheel on pad)
Transpose Lock	Transpose Lock
Transpose Modifiers	Transpose Modifiers
Transpose Notes	Transpose Notes
Transpose Notes within the Defined Scale	Transpose Notes within the Defined Scale
Transpose Pads	Transpose Pads
Transpose Palette	Transpose Palette
Transpose Setup	Transpose Setup
Transpose Setup...	Transpose Setup...
Transpose Track	Transpose Track
Transpose Up	Transpose Up
Transpose Up ([SHIFT] - mouse wheel on pad)	Transpose Up ([SHIFT] - mouse wheel on pad)
Transpose by	Transpose by
Transpose by Semitones	Transpose by Semitones
Transpose notes	Transpose notes
Transpose to Root Key	Transpose to Root Key
Transpose to Scale	Transpose to Scale
TransposeTrack	Transpose
Transposed	Transposed
Transposed Pitch	Transposed Pitch
Transposition	Transposition
Trash	Trash
Trash Media	Trash Media
Trash Unused Media	Trash Unused Media
Treat Muted Audio Events like Deleted	Treat Muted Audio Events like Deleted
Tremolo	Tremolo
Tremolos	Tremolos
Triads	Triads
Triads and 4-Note Chords	Triads and 4-Note Chords
Triads with maj9	Triads with maj9
Triads with maj9 and min9	Triads with maj9 and min9
Triangle	Triangle
Triangle Down Noteheads	Triangle Down Noteheads
Triangle Left Noteheads	Triangle Left Noteheads
Triangle Right Noteheads	Triangle Right Noteheads
Triangle Up Noteheads	Triangle Up Noteheads
Triangular	Triangular
Trigger	Trigger
Trigger Arranger Event 1	Trigger Arranger Event 1
Trigger Arranger Event 10	Trigger Arranger Event 10
Trigger Arranger Event 11	Trigger Arranger Event 11
Trigger Arranger Event 12	Trigger Arranger Event 12
Trigger Arranger Event 13	Trigger Arranger Event 13
Trigger Arranger Event 14	Trigger Arranger Event 14
Trigger Arranger Event 15	Trigger Arranger Event 15
Trigger Arranger Event 16	Trigger Arranger Event 16
Trigger Arranger Event 17	Trigger Arranger Event 17
Trigger Arranger Event 18	Trigger Arranger Event 18
Trigger Arranger Event 19	Trigger Arranger Event 19
Trigger Arranger Event 2	Trigger Arranger Event 2
Trigger Arranger Event 20	Trigger Arranger Event 20
Trigger Arranger Event 3	Trigger Arranger Event 3
Trigger Arranger Event 4	Trigger Arranger Event 4
Trigger Arranger Event 5	Trigger Arranger Event 5
Trigger Arranger Event 6	Trigger Arranger Event 6
Trigger Arranger Event 7	Trigger Arranger Event 7
Trigger Arranger Event 8	Trigger Arranger Event 8
Trigger Arranger Event 9	Trigger Arranger Event 9
Trigger Pad	Trigger Pad
Trill	Trill
Trill Line	Trill Line
Trills Where Upper Note Is Altered by Accidental Present in Key Signature	Trills Where Upper Note Is Altered by Accidental Present in Key Signature
Trim	Trim
Trim Events	Trim Events
Trim Note Expression to Note Length	Trim Note Expression to Note Length
Trim Start	Trim Start
Trim Tool	Trim Tool
Triplet	Triplet
Triplets	Triplets
True Peak Level	True Peak Level
True Peak: %.1f dB	True Peak: %.1f dB
True peak level at cursor position	True peak level at cursor position
Try again	Try again
Try to Recognize Device	Try to Recognize Device
Trying to match image files...	Trying to match image files...
Tune Down Half-Step	Tune Down Half-Step
Tune Up Half-Step	Tune Up Half-Step
Tuned Percussion	Tuned Percussion
Tuning	Tuning
Tuplet	Tuplet
Tuplets	Tuplets
Two Rows	Two Rows
Type	Type
Type Is	Type Is
Type in file name	Type in file name
Type of New Controller Events	Type of New Controller Events
Type of New Controller Events: Toggle Step/Ramp	Type of New Controller Events: Toggle Step/Ramp
Type of New Tempo Points	Type of New Tempo Points
Type of newly created events (e.g. when created with Draw Tool)	Type of newly created events (e.g. when created with Draw Tool)
Type:	Type:
URL	URL
USB	USB
Udu	Udu
Unassign Stave and Voice	Unassign Stave and Voice
Unassigned	Unassigned
Unassigned Key	Unassigned Key
Unassigned Key Commands	Unassigned Key Commands
Unavailable	Unavailable
Unchanged (defaults)	Unchanged (defaults)
Unchecked	Unchecked
Undefined	Undefined
Undefined Value	Undefined Value
Underline	Underline
Undo	Undo
Undo MixConsole Step	Undo MixConsole Step
Undo Pass	Undo Pass
Undo Quantize	Undo Quantize
Undo Visibility Change	Undo Visibility Change
Undo Zoom	Undo Zoom
Undone	Undone
Unequal	Unequal
Unexpected Error	Unexpected Error
Unfold Tracks	Unfold Tracks
Unfreeze Channel Options	Unfreeze Channel Options
Unfreeze Drum Track for editing	Unfreeze Drum Track for editing
Unfreeze Sampler Track for editing	Unfreeze Sampler Track for editing
Ungroup	Ungroup
Unique ID	Unique ID
Unique Track Version ID	Unique Track Version ID
Unit	Unit
Unknown	Unknown
Unknown Error	Unknown Error
Unknown Object Selected	Unknown Object Selected
Unknown Type	Unknown Type
Unlink	Unlink
Unlink Channels	Unlink Channels
Unlink Selected Channels	Unlink Selected Channels
Unload Instruments When Frozen	Unload Instruments When Frozen
Unloading Channel: 	Unloading Channel: 
Unloading MixConsole	Unloading MixConsole
Unloading Project	Unloading Project
Unlock	Unlock
Unlock Event	Unlock Event
Unlock Events	Unlock Events
Unlocked	Unlocked
Unmapped	Unmapped
Unmount Volume Database...	Unmount Volume Database...
Unmute	Unmute
Unmute All	Unmute All
Unmute Events	Unmute Events
Unmute Input	Unmute Input
Unmute all Inputs	Unmute all Inputs
Unnamed	Unnamed
Unpack Project	Unpack Project
Unpack Project Failed!	Unpack Project Failed!
Unreferenced Files:	Unreferenced Files:
Unshare	Unshare
Unshare Project	Unshare Project
Unshare Project?	Unshare Project?
Unshare Selected Project	Unshare Selected Project
Unslashed Grace Note	Unslashed Grace Note
Unsolo Input	Unsolo Input
Unsolo all Inputs	Unsolo all Inputs
Unstressed	Unstressed
Unstretch Audio	Unstretch Audio
Unsupported Architecture	Unsupported Architecture
Unsupported Command in Pre Processor:	Unsupported Command in Pre Processor:
Unsymmetric Crossfade	Unsymmetric Crossfade
Until End	Until End
Until Gap	Until Gap
Untitled	Untitled
Untitled Color	Untitled Color
Untitled Page	Untitled Page
Untuned Percussion	Untuned Percussion
Up	Up
Up Arpeggios	Up Arpeggios
Up Arrow[Key]	Up
Up More	Up (Larger Step)
Update	Update
Update Configuration	Update Configuration
Update Display	Update Display
Update Favorite	Update Favorite
Update Image	Update Image
Update Information for All Plug-ins	Update Information for All Plug-ins
Update Job	Update Job
Update MixConsole Routing	Update MixConsole Routing
Update Origin	Update Origin
Update Plug-in Information	Update Plug-in Information
Update Proxies Error	Update Proxies Error
Update Results	Update Results
Update Selected Snapshot	Update Selected Snapshot
Update Visibility Configuration	Update Visibility Configuration
Update Voicings	Update Voicings
Update Workspace	Update Workspace
Update scale events automatically when the chord track is edited	Update scale events automatically when the chord track is edited
Updating Audio Engine...	Updating Audio Engine...
Updating Files	Updating Files
Updating Image on "%s"	Updating Image on "%s"
Updating Network Project	Updating Network Project
Updating Plug-in Information	Updating Plug-in Information
Upper	Upper
Upper Limit	Upper Limit
Upper Switch	Upper Switch
Upper Switch:	Upper Switch:
Usage	Usage
Usage Logger Options	Usage Logger Options
Use	Use
Use %s Extension	Use %s Extension
Use '|' or 'OR' to search for multiple articulations	Use '|' or 'OR' to search for multiple articulations
Use 9 Pin Device 1 as timecode source	Use 9 Pin Device 1 as timecode source
Use 9 Pin Device 1 for Machine Control	Use 9 Pin Device 1 for Machine Control
Use 9 Pin Device 2 as timecode source	Use 9 Pin Device 2 as timecode source
Use 9 Pin Device 2 for Machine Control	Use 9 Pin Device 2 for Machine Control
Use Active MIDI Controllers	Use Active MIDI Controllers
Use Archaic Cancellation	Use Archaic Cancellation
Use Audio Click	Use Audio Click
Use Bars & Beats Count-In	Use Bars & Beats Count-In
Use Chain Name	Use Chain Name
Use Chord Track	Use Chord Track
Use Comma as separator	Use Comma as separator
Use Common Time Note Grouping for Cut Common Time Signatures	Use Common Time Note Grouping for Cut Common Time Signatures
Use Compression	Use Compression
Use Count	Use Count
Use Current Mix Levels	Use Current Mix Levels
Use Current Pan Settings	Use Current Pan Settings
Use Custom Name	Use Custom Name
Use Custom Sounds	Use Custom Sounds
Use Custom Time Signature	Use Custom Time Signature
Use Default Send Level	Use Default Send Level
Use Defaults	Use Defaults
Use Device '%s'	Use Device '%s'
Use Drum Editor when Drum Map is assigned	Use Drum Editor when Drum Map is assigned
Use Editor Scale	Use Editor Scale
Use Elastique	Use Elastique
Use Existing Voices	Use Existing Voices
Use External Sync	Use External Sync
Use Fade Curves (OMF2.0 only)	Use Fade Curves (OMF2.0 only)
Use Film Pull Factor (- 0.1%)	Use Film Pull Factor (- 0.1%)
Use Generic Device	Use Generic Device
Use Global Settings	Use Global Settings
Use Hermode Tuning for Analysis	Use Hermode Tuning for Analysis
Use High Quality Scrub Mode	Use High Quality Scrub Mode
Use Inserts While Scrubbing	Use Inserts While Scrubbing
Use Last Applied Color	Use Last Applied Color
Use Locators	Use Locators
Use Loudness as Normalization Reference (audio shorter than 0.4s is not normalized)	Use Loudness as Normalization Reference (audio shorter than 0.4s is not normalized)
Use MIDI Click	Use MIDI Click
Use MIDI Machine Control (set the MIDI ports used below)	Use MIDI Machine Control (set the MIDI ports used below)
Use MIDI Timecode as the timecode source	Use MIDI Timecode as the timecode source
Use MTC	Use MTC
Use Main Value	Use Main Value
Use Maximum Peak Level as Normalization Reference	Use Maximum Peak Level as Normalization Reference
Use Metronome Click Pattern Level for Grid Line Emphasis	Use Metronome Click Pattern Level for Grid Line Emphasis
Use Modern Cancellation	Use Modern Cancellation
Use Monitored Tracks	Use Monitored Tracks
Use Mouse Wheel for Event Volume and Fades	Use Mouse Wheel for Event Volume and Fades
Use Nuendo's settings	Use Nuendo's settings
Use Phones Channel as Preview Channel	Use Phones Channel as Preview Channel
Use Post-roll	Use Post-roll
Use Pre-roll	Use Pre-roll
Use Precount	Use Precount
Use Previous Track Color	Use Previous Track Color
Use Previous Track Color +1	Use Previous Track Color +1
Use Project Audio Folder	Use Project Audio Folder
Use Project Mixdown Folder	Use Project Mixdown Folder
Use Project Settings	Use Project Settings
Use Quantize	Use Quantize
Use RF64 Format	Use RF64 Format
Use Random Track Color	Use Random Track Color
Use Raster	Use Raster
Use Reference Level (Press [ALT] to set)	Use Reference Level (Press [ALT] to set)
Use Selected ASIO Ports for Data only	Use Selected ASIO Ports for Data only
Use Selection Start as Zoom Anchor	Use Selection Start as Zoom Anchor
Use Semicolon as separator	Use Semicolon as separator
Use Settings	Use Settings
Use Snap from Drum Map	Use Snap from Drum Map
Use Standard Zoom Commands	Use Standard Zoom Commands
Use Steinberg Click Sound	Use Steinberg Click Sound
Use Steinberg's 'Time Base' device as the timecode source	Use Steinberg's 'Time Base' device as the timecode source
Use Steinberg's 'Time Base' device for Machine Control	Use Steinberg's 'Time Base' device for Machine Control
Use Steinberg's SyncStation device as the timecode source	Use Steinberg's SyncStation device as the timecode source
Use Steinberg's SyncStation device for Machine Control	Use Steinberg's SyncStation device for Machine Control
Use Stemlets	Use Stemlets
Use Subtype	Use Subtype
Use SyncStation's settings	Use SyncStation's settings
Use System Setting	Use System Setting
Use System Timestamp for '%s' Inputs	Use System Timestamp for '%s' Inputs
Use Tab as separator	Use Tab as separator
Use Tempo Track	Use Tempo Track
Use Time-Linear Count-In during Pre-roll	Use Time-Linear Count-In during Pre-roll
Use Timecode arriving over the VST System Link (check the System Link settings!)	Use Timecode arriving over the VST System Link (check the System Link settings!)
Use Timecode arriving over the VST System Link (check the System Link settings)	Use Timecode arriving over the VST System Link (check the System Link settings)
Use Track Preset	Use Track Preset
Use Track's Default Color	Use Track's Default Color
Use Undo Branches	Use Undo Branches
Use Undo Branches for Edit History	Use Undo Branches for Edit History
Use Undo Branches for Edit History and Automation Passes	Use Undo Branches for Edit History and Automation Passes
Use Up/Down Navigation Commands for Selecting Tracks only	Use Up/Down Navigation Commands for Selecting Tracks only
Use VCA Channel	Use VCA Channel
Use Variable	Use Variable
Use Virgin Territories	Use Virgin Territories
Use Virgin Territory	Use Virgin Territory
Use ZTX	Use ZTX
Use a Project as Template	Use a Project as Template
Use a suitably equipped ASIO audio card as timecode source (not all ASIO cards support this!)	Use a suitably equipped ASIO audio card as timecode source (not all ASIO cards support this!)
Use as Origin	Use as Origin
Use current program preferences	Use current program preferences
Use for Analysis	Use for Analysis
Use for Suggestions	Use for Suggestions
Use for Tuning	Use for Tuning
Use fretted instrument transposition	Use fretted instrument transposition
Use old folder	Use old folder
Use project's Clip Packages folder	Use project's Clip Packages folder
Use the Mapping Assistant to Create a Mapping	Use the Mapping Assistant to Create a Mapping
Use the control on your hardware to retrieve its MIDI messages.	Use the control on your hardware to retrieve its MIDI messages.
Use the internal mode	Use the internal mode
Use the internal mode (when this program is the center of your world)	Use the internal mode (when this program is the center of your world)
Use this Scale for Suggestions	Use this Scale for Suggestions
Use this Timecode	Use this Timecode
Use this option if the current control is inverted when compared to the actual VST parameter	Use this option if the current control is inverted when compared to the actual VST parameter
Use this setting for the highest audio processing performance (to play back many VST Instruments, for example). This leads to increased ASIO-Guard Latency and memory usage.	Use this setting for the highest audio processing performance (to play back many VST Instruments, for example). This leads to increased ASIO-Guard Latency and memory usage.
Use this setting to set the ASIO-Guard Latency to the lowest level (to record automation, for example). This leads to reduced audio processing performance.	Use this setting to set the ASIO-Guard Latency to the lowest level (to record automation, for example). This leads to reduced audio processing performance.
Used	Used
Used Channels	Used Channels
Used Fonts	Used Fonts
Used Only	Used Only
Used in Project: %s	Used in Project: %s
Used: %d	Used: %d
User	User
User Attribute Name	User Attribute Name
User Attribute Type	User Attribute Type
User Attributes	User Attributes
User Color Scheme	User Color Scheme
User Commands	User Commands
User Content	User Content
User Defined	User Defined
User Description	User Description
User Interface	User Interface
User Interface Scaling: Decrease	User Interface Scaling: Decrease
User Interface Scaling: Increase	User Interface Scaling: Increase
User Library	User Library
User MIDI Strings	User MIDI Strings
User Manager	User Manager
User Manager...	User Manager...
User Mapping	User Mapping
User Mode	User Mode
User Name	User Name
User Object Categories	User Object Categories
User Page	User Page
User Page Options	User Page Options
User Pattern	User Pattern
User Pool	User Pool
User Presets	User Presets
User abort	User abort
User-definable Frame Rate	User-definable Frame Rate
Users and Projects	Users and Projects
Users in Local Network	Users in Local Network
Uses Project Permissions	Uses Project Permissions
Using Track Preset...	Using Track Preset...
VCA	VCA
VCA 	VCA 
VCA Channel	VCA Channel
VCA Channel Controls Link Group: <%s>	VCA Channel Controls Link Group: <%s>
VCA Channels	VCA Channels
VCA Fader	VCA Fader
VCA Settings Options	VCA Settings Options
VCA Track	VCA Track
VCA Track to Selected Tracks...	VCA Track to Selected Tracks...
VCA Tracks	VCA Tracks
VD	VD
VST 2 Plug-in Path Settings	VST 2 Plug-in Path Settings
VST 2.x Plug-in Paths	VST 2.x Plug-in Paths
VST 3	VST 3
VST 3 Event	VST 3 Event
VST 3 Parameter	VST 3 Parameter
VST 3 Plug-ins are disabled	VST 3 Plug-ins are disabled
VST 3 Value	VST 3 Value
VST 3 Value Operation	VST 3 Value Operation
VST 3 Volume	VST 3 Volume
VST Channel Load	VST Channel Load
VST Channel Presets	VST Channel Presets
VST Cloud	VST Cloud
VST Connections	Audio Connections
VST Effects	VST Effects
VST Expression	VST Expression
VST FX Presets	VST FX Presets
VST Instrument Channels	VST Instrument Channels
VST Instrument Presets	VST Instrument Presets
VST Instruments	VST Instruments
VST Modulators	VST Modulators
VST Network	VST Network
VST Network Monitor	VST Network Monitor
VST Note Expression Assignment	VST Note Expression Assignment
VST Performance	VST Performance
VST Plug-in Manager	VST Plug-in Manager
VST Quick Controls	VST Quick Controls
VST Routing	VST Routing
VST Sound	VST Sound
VST Sound Library "%s" not found:\n%s	VST Sound Library "%s" not found:\n%s
VST System Link	VST System Link
VST System Link Settings	VST System Link Settings
VST System Link has been deactivated because of too many receive errors!	VST System Link has been deactivated because of too many receive errors!
VST Version	VST Version
VST3 Presets	VST3 Presets
VSTi	VSTi
Valid Range	Valid Range
Value	Value
Value 1	Value 1
Value 2	Value 2
Value 3	Value 3
Value Box/Time Control Mode	Value Box/Time Control Mode
Value Display	Value Display
Value Max	Value Max.
Value Min	Value Min.
Value Mode	Value Mode
Value Modes	Value Modes
Value Type	Value Type
Value at Mouse Pointer	Value at Mouse Pointer
Value at Mouse Pointer in Lock State	Value at Mouse Pointer in Lock State
Value at Project Cursor	Value at Project Cursor
Value/Action	Value/Action
Values	Values
Vari-Speed	Vari-Speed
VariAudio	VariAudio
VariAudio - Bypass VariAudio	VariAudio - Bypass VariAudio
VariAudio - Correct Pitch	VariAudio - Correct Pitch
VariAudio - Extract MIDI (no Dialog)	VariAudio - Extract MIDI (no Dialog)
VariAudio - Extract MIDI...	VariAudio - Extract MIDI...
VariAudio - Reanalyze	VariAudio - Reanalyze
VariAudio - Reset All Changes	VariAudio - Reset All Changes
VariAudio - Reset Formant Shift Changes	VariAudio - Reset Formant Shift Changes
VariAudio - Reset Pitch Changes	VariAudio - Reset Pitch Changes
VariAudio - Reset Pitch Curve Changes	VariAudio - Reset Pitch Curve Changes
VariAudio - Reset Volume Changes	VariAudio - Reset Volume Changes
VariAudio - Reset Warp Changes	VariAudio - Reset Warp Changes
VariAudio - Show MIDI Reference Track	VariAudio - Show MIDI Reference Track
VariAudio - Toggle Pitch Snap Mode	VariAudio - Toggle Pitch Snap Mode
VariAudio - Toggle Smart Control Mode	VariAudio - Toggle Smart Control Mode
VariAudio Changes Bypass on/off	VariAudio Changes Bypass on/off
VariAudio MIDI Input	VariAudio MIDI Input
VariAudio Segment Colors	VariAudio Segment Colors
VariAudio Tool	VariAudio Tool
Variable	Variable
Variable Name	Variable Name
Variable Range	Variable Range
Variables	Variables
Variance	Variance
Variation	Variation
Various	Various
Varispeed	Varispeed
Varispeed Settings	Varispeed Settings
VeVa	VeVa
Vel. Filter	Vel. Filter
Vel. Limit	Vel. Limit
Vel. Variance	Vel. Variance
Velo	Velo
Velocity	Velocity
Velocity Colors	Velocity Colors
Velocity Compression	Velocity Compression
Velocity Decay	Velocity Decay
Velocity Factor	Velocity Factor
Velocity Mode	Velocity Mode
Velocity Shift	Velocity Shift
Velocity Variance	Velocity Variance
Velocity from	Velocity from
Velocity is 0	Velocity is 0
Velocity on Mouse Click	Velocity on Mouse Click
Velocity...	Velocity...
Velocity[QP]	Velocity
Vendor	Vendor
Vendor info:	Vendor info:
Verify Communication	Verify Communication
Verify failed for this node!	Verify failed for this node!
Verify your installation!	Verify your installation!
Version	Version
Version 1 (compatible with myMP3 <= 3.0)	Version 1 (compatible with myMP3 <= 3.0)
Version 2 (skin tag)	Version 2 (skin tag)
Version 3 (skin tag + templates tag)	Version 3 (skin tag + templates tag)
Version:	Version:
Vertical Justification	Vertical Justification
Vertical Pitch Spread	Vertical Pitch Spread
Vertical Position	Vertical Position
Vertical Snap	Vertical Snap
Vertical Spacing	Vertical Spacing
Vibraslap	Vibraslap
Video	Video
Video File Handling	Video File Handling
Video File...	Video File...
Video Files	Video Files
Video Files Color Space	Video Files Color Space
Video Follows Editing On/Off	Video Follows Editing On/Off
Video Output Devices	Video Output Devices
Video Playback	Video Playback
Video Player	Video Player
Video Pull	Video Pull
Video Settings	Video Settings
Video Track	Video Track
Video engine cannot be initialized.	Video engine cannot be initialized.
Video service does not respond. Waiting for video service...	Video service does not respond. Waiting for video service...
Video...	Video...
View Mode: Fill View[Score View Option]	View Mode: Fill View
View Mode: Page View	View Mode: Page View
View Modes	View Modes
View Options	View Options
View/Attributes	View/Attributes
Viewer	Viewer
Viewing: 	Viewing: 
Views	Views
Views: Channel Strip	Views: Channel Strip
Views: Cue Sends	Views: Cue Sends
Views: Device Panels	Views: Device Panels
Views: Direct Routing	Views: Direct Routing
Views: EQs	Views: EQs
Views: Filters/Gain	Views: Filters/Gain
Views: Inserts	Views: Inserts
Views: Modulators	Views: Modulators
Views: Quick Controls	Views: Quick Controls
Views: Routing	Views: Routing
Views: Sends	Views: Sends
Views: VCA	Views: VCA
Virtual File System Plug-ins	Virtual File System Plug-ins
Virtual Keyboard	Virtual Keyboard
Visibility	Visibility
Visibility Configuration %d	Visibility Configuration %d
Visible	Visible
Visible Controllers	Visible Controllers
Visible Controls	Visible Controls
Visible Loudness Lower Limit	Visible Loudness Lower Limit
Visible Loudness Upper Limit	Visible Loudness Upper Limit
Visible Tempo Lower Limit	Visible Tempo Lower Limit
Visible Tempo Upper Limit	Visible Tempo Upper Limit
Voice	Voice
Voice %d	Voice %d
Voice 1	Voice 1
Voice 2	Voice 2
Voice 3	Voice 3
Voice 4	Voice 4
Voice Colors	Voice Colors
Voice Setting Changed	Voice Setting Changed
Voices	Voices
Voicing	Voicing
Voicing Modifiers	Voicing Modifiers
Voicing Range	Voicing Range
Voicing Range: Octave Offset from C3	Voicing Range: Octave Offset from C3
Voicings	Voicings
Voicings (From Chord Track)	Voicings (From Chord Track)
Voicings cannot be applied. Too many notes found for at least one chord.	Voicings cannot be applied. Too many notes found for at least one chord.
VolDown[Key]	Vol Down
VolUp[Key]	Vol Up
Volume	Volume
Volume Automation Precision	Volume Automation Precision
Volume Controller Curve	Volume Controller Curve
Volume Max.	Volume Max.
Volume Mode	Volume Mode
Volume in Stereo Mix	Volume in Stereo Mix
WARNING: Cannot import video files!	WARNING: Cannot import video files!
WAV file	WAV file
Wadaiko	Wadaiko
Wait for Project Play	Wait for Project Play
Wait for plug-in to respond	Wait for plug-in to respond
Waiting for participants responses	Waiting for participants responses
Waiting...	Waiting...
Walker 4-shape Noteheads	Walker 4-shape Noteheads
Walker 7-shape Noteheads	Walker 7-shape Noteheads
Warn Before Deleting Plug-in Automation	Warn Before Deleting Plug-in Automation
Warn Before Removing Modified Effects	Warn before Removing Modified Effects
Warn if real time mixdown is required in order to include external plug-in.	Warn if real time mixdown is required in order to include external plug-in.
Warn on Channel Configuration Change	Warn on Channel Configuration Change
Warn on Processing Overloads	Warn on Processing Overloads
Warning! Continuing will erase files!	Warning! Continuing will erase files!
Warning: A control with the defined MIDI message already exists. Please change the MIDI message settings of one of the controls.	Warning: A control with the defined MIDI message already exists. Please change the MIDI message settings of one of the controls.
Warning: Channel settings or automation of selected tracks are not equal.\n\nDo you want to continue?	Warning: Channel settings or automation of selected tracks are not equal.\n\nDo you want to continue?
Warning: No processing for parts in Follow Chord Track mode	Warning: No processing for parts in Follow Chord Track mode
Warning: Pull factor does not match the pull factor of the audio hardware.	Warning: Pull factor does not match the pull factor of the audio hardware.
Warning: Pull factor is not supported by the audio hardware	Warning: Pull factor is not supported by the audio hardware
Warning: Pull factor is not supported by the audio hardware.	Warning: Pull factor is not supported by the audio hardware.
Warning: Recursive definition of Variable '%s'!	Warning: Recursive definition of Variable '%s'!
Warning: Sample rate does not match external word clock.	Warning: Sample rate does not match external word clock.
Warning: Sample rate does not match the sample rate of the audio hardware	Warning: Sample rate does not match the sample rate of the audio hardware
Warning: Sample rate does not match the sample rate of the audio hardware.	Warning: Sample rate does not match the sample rate of the audio hardware.
Warning: Sample rate is not supported by the audio hardware.	Warning: Sample rate is not supported by the audio hardware.
Warning: You cannot undo this operation!\nOffline process histories will be removed.\nAll edits will be frozen!	Warning: You cannot undo this operation!\nOffline process histories will be removed.\nAll edits will be frozen!
Warning: You cannot undo this!	Warning: You cannot undo this!
Warning: You must define a MIDI message for this control.	Warning: You must define a MIDI message for this control.
Warp	Warp
Warp Changes Bypass on/off	Warp Changes Bypass on/off
Warp End (press [ALT] to correct segment end)	Warp End (press [ALT] to correct segment end)
Warp Grid	Warp Grid
Warp Grid (musical events follow)	Warp Grid (musical events follow)
Warp Markers	Warp Markers
Warp Samples	Warp Samples
Warp Start (press [ALT] to correct segment start)	Warp Start (press [ALT] to correct segment start)
Warp Tab Creation Rules	Warp Marker Creation Rules
Warp Tempo	Warp Tempo
Warped/Pitched	Warped/Pitched
Warping Algorithm	Warping Algorithm
Warping Algorithm for Audio Clip	Warping Algorithm for Audio Clip
Wave	Wave
Wave 64 File	Wave 64 File
Wave File	Wave File
Waveform Brightness	Waveform Brightness
Waveform Outline Intensity	Waveform Outline Intensity
Website	Website
West	West
Wet mix	Wet mix
When Min. Staves Exceeded	When Min. Staves Exceeded
When Min. Tracks Exceeded	When Min. Tracks Exceeded
When Number of Staves Differs	When Number of Staves Differs
When Recording Wave Files larger than 4 GB	When Recording Wave Files Larger than 4 GB
When bar numbers are positioned at barlines, you may prefer dynamics to be placed closer to the staff than bar numbers, or vice versa. This has no effect for bar numbers centered on the bar, which are always placed outside dynamics.	When bar numbers are positioned at barlines, you may prefer dynamics to be placed closer to the staff than bar numbers, or vice versa. This has no effect for bar numbers centered on the bar, which are always placed outside dynamics.
When deactivated, no timecode is sent to SyncStation MIDI Out	When deactivated, no timecode is sent to SyncStation MIDI Out
When deactivated, no timecode is sent to the host	When deactivated, no timecode is sent to the host
When proceeding you may choose to keep the data anyway.	When proceeding you may choose to keep the data anyway.
When selected, MIDI Clock will be sent in Stop Mode as well	When selected, MIDI Clock will be sent in Stop Mode as well
When selected, a MIDI Start message is always sent rather than a MIDI Continue message	When selected, a MIDI Start message is always sent rather than a MIDI Continue message
When selected, sent MIDI Clock will follow cycled project position	When selected, sent MIDI Clock will follow cycled project position
When selected, sent MIDI Timecode will follow cycled project time	When selected, sent MIDI Timecode will follow cycled project time
When the page is less full than the threshold for justifying staves, no vertical justification occurs.	When the page is less full than the threshold for justifying staves, no vertical justification occurs.
When undoing this step, all associated automation data will be lost.	When undoing this step, all associated automation data will be lost.
While Record Running	While Record Running
While Record-Enabled	While Record-Enabled
Whip	Whip
Whistle	Whistle
White	White
White Diamond Noteheads	White Diamond Noteheads
White Keys	White Keys
Whole Note	Whole Note
Whole Note (Semibreve)	Whole Note (Semibreve)
Whole Tone	Whole Tone
Wide Diamond Noteheads	Wide Diamond Noteheads
Width	Width
Wild Track	Wild Track
Wind	Wind
Wind Gong	Wind Gong
Wind Speed Options	Wind Speed Options
Window	Window
Window Transparency	Window Transparency
Window Width	Window Width
Window Zone Controls	Window Zone Controls
Window Zones	Window Zones
Windows	Windows
Windows...	Windows...
Windows: Close All	Windows: Close All
Windows: Close All Plug-Ins	Windows: Close All Plug-Ins
Windows: Close All Plug-Ins for Selected Track/Channel	Windows: Close All Plug-Ins for Selected Track/Channel
Windows: Next Mixer	Windows: Next MixConsole
With Group Channel	With Group Channel
With Parentheses	With Parentheses
With X Noteheads	With X Noteheads
With format 2, the outputs are assigned to the default bus instead of mono child busses.	With format 2, the outputs are assigned to the default bus instead of mono child busses.
With multiple events selected, this option is only available if they have the same number of channels	With multiple events selected, this option is only available if they have the same number of channels
Without Channel Settings (Transfer All Settings from Source to New Track)	Without Channel Settings (Transfer All Settings from Source to New Track)
Without Parentheses	Without Parentheses
Without Slashes	Without Slashes
Wood Block (High)	Wood Block (High)
Wood Block (Low)	Wood Block (Low)
Wood Block (Medium)	Wood Block (Medium)
Wood Block (Medium-high)	Wood Block (Medium-high)
Wood Block (Medium-low)	Wood Block (Medium-low)
Word Clock Input Rate Divider	Word Clock Input Rate Divider
Word Clock Multiplier A	Word Clock Multiplier A
Word Clock Multiplier B	Word Clock Multiplier B
Word Clock Multiplier C	Word Clock Multiplier C
Word Clock Multiplier D	Word Clock Multiplier D
Word Clock Output	Word Clock Output
Word Spacing	Word Spacing
Workspace %d	Workspace %d
Workspace 1	Workspace 1
Workspace 2	Workspace 2
Workspace 3	Workspace 3
Workspace 4	Workspace 4
Workspace 5	Workspace 5
Workspace 6	Workspace 6
Workspace 7	Workspace 7
Workspace 8	Workspace 8
Workspace 9	Workspace 9
Workspace X	Workspace X
Workspaces	Workspaces
Workspaces Organizer	Workspaces Organizer
Would you like to import all bitmaps in project folder?	Would you like to import all bitmaps in project folder?
Write	Write
Write Attributes to File	Write Attributes to File
Write Automation	Write Automation
Write Automation On/Off	Write Automation On/Off
Write Automation: Is Writing	Write Automation: Is Writing
Write Definition to Audio Files	Write Definition to Audio Files
Write Protection	Write Protection
Write Protection could not be removed for %d file.	Write Protection could not be removed for %d file.
Write Protection could not be removed for %d files.	Write Protection could not be removed for %d files.
Write Protection could not be set for %d file.	Write Protection could not be set for %d file.
Write Protection could not be set for %d files.	Write Protection could not be set for %d files.
Write Tags to File	Write Tags to File
Write for All Tracks	Write for All Tracks
Write protected - maintain a personal copy?	Write protected - maintain a personal copy?
Write protection (a checkmark in this column prevents an entry from being overwritten)	Write protection (a checkmark in this column prevents an entry from being overwritten)
Writing MIDI Devices	Writing MIDI Devices
Writing Project Information...	Writing Project Information...
Writing file	Writing file
Writing file...	Writing file...
X Noteheads	X Noteheads
X and Circle X Noteheads	X and Circle X Noteheads
X and Diamond Noteheads	X and Diamond Noteheads
X-Axis	X-Axis
X/Y Joystick	X/Y Joystick
X/Y Pad	X/Y Pad
XF Data	XF Data
Y-Axis	Y-Axis
Yamaha Category Name	Yamaha Category Name
Yamaha Category Status	Yamaha Category Status
Yamaha Channel Status	Yamaha Channel Status
Yamaha Chord Info	Yamaha Chord Info
Yamaha Desktop Picture	Yamaha Desktop Picture
Yamaha Fingering Number	Yamaha Fingering Number
Yamaha Function Status	Yamaha Function Status
Yamaha Guitar Info Flag	Yamaha Guitar Info Flag
Yamaha Guitar Track	Yamaha Guitar Track
Yamaha Guitar Voicing	Yamaha Guitar Voicing
Yamaha Level 8 Mark	Yamaha Level 8 Mark
Yamaha Media Sync	Yamaha Media Sync
Yamaha Phrase Mark	Yamaha Phrase Mark
Yamaha Rehearsal Mark	Yamaha Rehearsal Mark
Yamaha XF Version ID	Yamaha XF Version ID
Year	Year
Yellow	Yellow
Yes	Yes
Yes to All	Yes to All
Yes/No	Yes/No
Yesterday	Yesterday
You activated the safe-start mode by pressing <Command> + <Shift> + <Alt> during program startup.	You activated the safe-start mode by pressing <Command> + <Shift> + <Alt> during program startup.
You activated the safe-start mode by pressing <Ctrl> + <Shift> + <Alt> during program startup.	You activated the safe-start mode by pressing <Ctrl> + <Shift> + <Alt> during program startup.
You are about to reactivate this plug-in at your own risk.\nThis may impact the stability of the application and is not recommended.\n\nFor support information, please contact the plug-in vendor.\n\nIn the Plug-in Manager, use "Rescan All" to move reactivated plug-ins back to the Blocklist.	You are about to reactivate this plug-in at your own risk.\nThis may impact the stability of the application and is not recommended.\n\nFor support information, please contact the plug-in vendor.\n\nIn the Plug-in Manager, use "Rescan All" to move reactivated plug-ins back to the Blocklist.
You are not the owner of this lock	You are not the owner of this lock
You are recording in Note Expression Overdub Mode - MIDI Note Input is deactivated.	You are recording in Note Expression Overdub Mode - MIDI Note Input is deactivated.
You are trying to activate Track Version "%s", id:%d (on track "%s").	You are trying to activate Track Version "%s", id:%d (on track "%s").
You can add cues on the 'Control Room' tab in the 'Audio Connections' window.	You can add cues on the 'Control Room' tab in the 'Audio Connections' window.
You can change your driver selection and settings at any time in the Studio Setup dialog (Studio menu > Studio Setup) in the VST Audio System section.	You can change your driver selection and settings at any time in the Studio Setup dialog (Studio menu > Studio Setup) in the VST Audio System section.
You can join	You can join
You cannot apply this preset to an audio clip without losing its VariAudio edits. Do you want to continue?	You cannot apply this preset to an audio clip without losing its VariAudio edits. Do you want to continue?
You cannot browse VST Sound archive files.	You cannot browse VST Sound archive files.
You cannot change the permissions.	You cannot change the permissions.
You cannot delete the active profile. Please select or activate another profile.	You cannot delete the active profile. Please select or activate another profile.
You cannot edit multiple maps	You cannot edit multiple maps
You cannot freeze a track with modulators.\nTo reduce CPU load, you can use 'Render in Place' and disable the track.	You cannot freeze a track with modulators.\nTo reduce CPU load, you can use 'Render in Place' and disable the track.
You cannot freeze an inactive instrument!	You cannot freeze an inactive instrument!
You cannot move events in front of the project start time.	You cannot move events in front of the project start time.
You cannot remove the root note.	You cannot remove the root note.
You cannot undo this operation! Do you want to continue?	You cannot undo this operation! Do you want to continue?
You deactivated the loading of third party plug-ins by pressing '%s' during program startup.\nIn this mode, only Steinberg plug-ins are loaded.	You deactivated the loading of third party plug-ins by pressing '%s' during program startup.\nIn this mode, only Steinberg plug-ins are loaded.
You have activated the Steinberg Audio Power Scheme.\n\nThe Steinberg Audio Power Scheme optimizes Windows power handling for best possible audio performance at\nlow-latency ASIO settings. However, this also increases the power consumption of the computer.\n\nIf power consumption is a concern, please disable this option and increase the buffer size of your audio hardware.\n\nFurther information on the Steinberg Audio Power Scheme can be found in the Steinberg Knowledge Base.	You have activated the Steinberg Audio Power Scheme.\n\nThe Steinberg Audio Power Scheme optimizes Windows power handling for best possible audio performance at\nlow-latency ASIO settings. However, this also increases the power consumption of the computer.\n\nIf power consumption is a concern, please disable this option and increase the buffer size of your audio hardware.\n\nFurther information on the Steinberg Audio Power Scheme can be found in the Steinberg Knowledge Base.
You have created new files since the last time you saved the project.\nDo you want to delete these?	You have created new files since the last time you saved the project.\nDo you want to delete these?
You have modified the bar offset as well as the timecode offset! Do you want to keep the project content at its timecode positions or its bar positions?	You have modified the bar offset as well as the timecode offset! Do you want to keep the project content at its timecode positions or its bar positions?
You have modified the bar offset! Do you want to keep the project content at its bar positions?	You have modified the bar offset! Do you want to keep the project content at its bar positions?
You have modified the timecode offset. Do you want keep the project content at its timecode positions?	You have modified the timecode offset. Do you want keep the project content at its timecode positions?
You have no permission to join this project!	You have no permission to join this project!
You have recorded new files since the last time you saved the project.\nDo you want to delete these?	You have recorded new files since the last time you saved the project.\nDo you want to delete these?
You have selected regions for processing\nthat refer to overlapping audio material!	You have selected regions for processing\nthat refer to overlapping audio material!
You have to select an output channel!	You have to select an output channel!
You have to select at least one Arranger Chain.	You have to select at least one Arranger Chain.
You have to select at least one channel.	You have to select at least one channel.
You have to select at least one cycle marker.	You have to select at least one cycle marker.
You may be prompted to establish a network or hardware connection.	You may be prompted to establish a network or hardware connection.
You must restart the application for the HiDPI setting change to take effect.	You must restart the application for the HiDPI setting change to take effect.
You must restart the application for the language switch to take effect.	You must restart the application for the language switch to take effect.
You must restart the application for the processing precision to take effect.	You must restart the application for the processing precision to take effect.
You must restart the application for the profile switch to take effect.	You must restart the application for the profile switch to take effect.
You must restart the application for these changes to take effect!	You must restart the application for these changes to take effect!
You must save your project before writing the MIDI file to the project folder.	You must save your project before writing the MIDI file to the project folder.
You need to define the tempo of the audio clip before setting musical mode!	You need to define the tempo of the audio clip before setting musical mode!
You should save the project now!\nFile references in the stored version have become invalid!	You should save the project now!\nFile references in the saved version have become invalid!
Your changes will be lost and you will have to re-analyse this audio.	Your changes will be lost and you will have to re-analyse this audio.
Your local user name is already used by another computer on the network. The network will be reset.	Your local user name is already used by another computer on the network. The network will be reset.
Zills	Zills
Zone Setup for MixConsole in Lower Zone	Zone Setup for MixConsole in Lower Zone
Zones	Zones
Zoom	Zoom
Zoom 4 Tracks	Zoom 4 Tracks
Zoom 8 Tracks	Zoom 8 Tracks
Zoom Controls	Zoom Controls
Zoom Cycle Marker 1	Zoom Cycle Marker 1
Zoom Cycle Marker 2	Zoom Cycle Marker 2
Zoom Cycle Marker 3	Zoom Cycle Marker 3
Zoom Cycle Marker 4	Zoom Cycle Marker 4
Zoom Cycle Marker 5	Zoom Cycle Marker 5
Zoom Cycle Marker 6	Zoom Cycle Marker 6
Zoom Cycle Marker 7	Zoom Cycle Marker 7
Zoom Cycle Marker 8	Zoom Cycle Marker 8
Zoom Cycle Marker 9	Zoom Cycle Marker 9
Zoom Display Options	Zoom Display Options
Zoom Full	Zoom Full
Zoom Full/Zoom to Fit	Zoom Full/Zoom to Fit
Zoom In	Zoom In
Zoom In On Waveform Vertically	Zoom In On Waveform Vertically
Zoom In Tracks	Zoom In Tracks
Zoom In Vertically	Zoom In Vertically
Zoom Level	Zoom Level
Zoom MEM	Zoom MEM
Zoom Menu	Zoom Menu
Zoom Mode	Zoom Mode
Zoom Mode has been changed for Definition editing.	Zoom Mode has been changed for Definition editing.
Zoom N Tracks	Zoom N Tracks
Zoom Out	Zoom Out
Zoom Out Of Waveform Vertically	Zoom Out Of Waveform Vertically
Zoom Out Tracks	Zoom Out Tracks
Zoom Out Vertically	Zoom Out Vertically
Zoom Palette	Zoom Palette
Zoom Preset 1	Zoom Preset 1
Zoom Preset 2	Zoom Preset 2
Zoom Preset 3	Zoom Preset 3
Zoom Preset 4	Zoom Preset 4
Zoom Preset 5	Zoom Preset 5
Zoom Presets	Zoom Presets
Zoom Selected Tracks	Zoom Selected Tracks
Zoom Tool	Zoom Tool
Zoom Tool Standard Mode: Horizontal Zooming Only	Zoom Tool Standard Mode: Horizontal Zooming Only
Zoom Tracks 1 Row	Zoom Tracks 1 Row
Zoom Tracks 2 Rows	Zoom Tracks 2 Rows
Zoom Tracks 3 Rows	Zoom Tracks 3 Rows
Zoom Tracks 4 Rows	Zoom Tracks 4 Rows
Zoom Tracks Exclusive	Zoom Tracks Exclusive
Zoom Tracks Full	Zoom Tracks Full
Zoom Tracks Minimal	Zoom Tracks Minimal
Zoom Tracks N Rows	Zoom Tracks N Rows
Zoom ZAP	Zoom ZAP
Zoom to Event	Zoom to Event
Zoom to Fade	Zoom to Fade
Zoom to Locators	Zoom to Locators
Zoom to Project	Zoom to Project
Zoom to Selection	Zoom to Selection
Zoom to Selection (Horiz.)	Zoom to Selection (Horiz.)
Zoom to Selection Horizontally	Zoom to Selection Horizontally
Zoom while Locating in Time Scale	Zoom while Locating in Time Scale
[Alt + click] to reset all meters	[Alt + click] to reset all meters
[Data]	[Data]
[Mixer Track Number]	Track Number
[Shared] Repeat Count: %d	[Shared] Repeat Count: %d
[Track Type: Group]	Group
[Transition Soft]	Soft
\'Return to Start Position on Stop\' has been activated	\'Return to Start Position on Stop\' has been activated
\'Return to Start Position on Stop\' has been deactivated	\'Return to Start Position on Stop\' has been deactivated
\nContext: 	\nContext: 
\nNo new project could be created.	\nNo new project could be created.
\nThe previous version of the project has been left unchanged.	\nThe previous version of the project has been left unchanged.
\n\nDo you want to ignore these rows and continue?	\n\nDo you want to ignore these rows and continue?
\n\nDo you want to ignore this row and continue?	\n\nDo you want to ignore this row and continue?
add	Add
assigned to:	assigned to:
by touching it on your controller	by touching it on your controller
click here	click here
contains	contains
could not be renamed.	could not be renamed.
cues	cues
dB	dB
day	day
days	days
direct	direct
do	do
editable	editable
embedded	embedded
enter chat message here	enter chat message here
eq	eq
equals	equals
estimated	estimated
extract MIDI	extract MIDI
files	files
gliss.	gliss.
hardware	hardware
hour	h
hours	hours
iXML Family UID	iXML Family UID
iXML User	iXML User
in	in
in range	in range
in the project by clicking it	in the project by clicking it
in the project via right-click	in the project via right-click
index	index
insert position	insert position
is empty	is empty
it has more than one edit version!	it has more than one edit version!
it is used in another Pool and it has more than one edit version!	it is used in another Pool and it has more than one edit version!
it is used in another Pool!	it is used in another Pool!
kBit	kBit
maj3	maj3
matches	matches
matches words	matches words
max	max.
min	min.
min3/#9	min3/#9
minute	minute
minutes	min
more...	more...
mouse position	mouse position
ms	ms
network name	network name
none	none
not editable	not editable
not visible	not visible
omits	omits
or	or
port.	port.
pp - ff	pp - ff
pppp - ffff	pppp - ffff
property	property
referenced	referenced
required	required
samples	samples
sec	sec
second	second
seconds	seconds
sus4/11	sus4/11
test	test
these files/folders	these files/folders
this file	this file
this folder	this folder
to	to
to this location:	to this location:
transformer	transformer
unavailable	unavailable
value	value
via the Functions Browser	via the Functions Browser
via the controller surface below	via the controller surface below
visible	visible
vstscanner for VST 3 Plug-ins not found!	vstscanner for VST 3 Plug-ins not found!
vstscannermaster for VST 3 Plug-ins not found!	vstscannermaster for VST 3 Plug-ins not found!
